UPC,Item Name,Department,Remaining,Sales Price
024182025064,soy milk edensoy unsweetened 32oz eden,Beverage,11,$4.89
024182025057,soy milk edensoy original 32oz eden,Beverage,16,$5.29
076950450080,detox tea OG yogi,Beverage,7,$5.39
076950415331,chai rooibos tea 16 bags yogi caffeine free,Beverage,5,$5.39
076950450172,lemon ginger tea  OG 16 bags yogi caffeine free,Beverage,1,$5.39
076950450011,bedtime tea 16 bags yogi caffeine free,Beverage,7,$5.39
076950450233,detox peach tea 16 bags yogi caffeine free,Beverage,1,$5.39
076950450462,chamomile tea 16 bags yogi caffeine free,Beverage,3,$5.39
024182181371,green tea sencha 16 bags,Beverage,8,$6.39
047445919511,english breakfast tea choice,Beverage,2,$4.85
024182181203,kukicha tea OG 16ct eden,Beverage,19,$7.29
036192122169,lime juice OG 16oz,Beverage,2,$5.99
075502386679,mineral water sparkling 25.3oz gerolsteiner,Beverage,12,$3.99
036192122213,grape juice concord 32oz santa cruz,Beverage,3,$7.69
026395831289,aloe vera inner fillet juice pf OG 128oz,Beverage,2,$27.99
042608470021,cranberry pure juice OG 32oz lakewood,Beverage,1,$15.99
042608470038,cherry black juice pure OG 32oz lakewood,Beverage,6,$11.99
042608459248,papaya juice blend OG 32oz,Beverage,7,$9.89
097467458215,spirutein vanilla pkt 1.2oz nature's plus,Beverage,18,$2.29
097467045804,spirutein vanilla 1.09 lbs nature's plus,Beverage,4,$25.99
097467045705,spirutein chocolate 1.05lbs nature's plus,Beverage,5,$26.99
097467458314,spirutein chocolate pkt .99oz nature's plus,Beverage,12,$2.49
097467045736,spirutein strawberry 1.09 lbs nature's plus,Beverage,3,$24.99
036192122251,lemonade mango OG 32 oz santa cruz,Beverage,2,$4.69
036192122473,lemonade raspberry OG 32oz Santa Cruz,Beverage,2,$3.99
042608125754,lemon juice 12.5  lakewood,Beverage,12,$5.89
076950450301,kava stress relief tea 16 bags yogi caffeine free,Beverage,9,$5.39
032917000132,throat coat 16 tea bags traditional medicinals,Beverage,2,$6.69
850049586245,mother's milk 16 tea bags,Beverage,2,$5.99
076314306466,Emergen-C pkt Super orange,Beverage,10,$0.89
077208000330,water mountain valley spring 33.8oz/ liter,Beverage,15,$3.89
097467458413,spirutein strawberry 1.2oz pkt nature's plus,Beverage,11,$2.29
076950450097,cold season tea 16 bags yogi caffeine free *discontinued,Beverage,1,$5.39
026395830329,aloe vera inner fillet juice pf 32oz glass lily of the desert,Beverage,2,$10.29
026395400324,aloe vera stomach pink label 32 oz,Beverage,2,$18.99
008274000061,ginger brew original 12oz  bottle single reed's,Beverage,33,$2.19
036192122893,grape juice white 32oz,Beverage,3,$6.99
008274000078,ginger brew extra single bottle reed's,Beverage,48,$2.19
722430200163,kombucha gingerade 16oz gt's,Beverage,14,$4.69
074682118377,pear sparkling juice OG 25.4oz,Beverage,5,$4.99
026395840328,aloe vera whole leaf juice pf 32oz glass lily of the desert,Beverage,1,$10.29
697658202018,fiber hemp OG 16 oz. Manitoba,Beverage,2,$13.99
024182000702,cherry juice tart eden 32oz,Beverage,10,$16.99
026395401321,aloe vera detox green label 32oz,Beverage,1,$18.99
795239401109,teeccino french roast 10bags,Beverage,1,$6.49
733739042323,ojibwa tea 24 bags NOW FOODS,Beverage,2,$5.99
707082100320,chai  tea latte original 32oz oregon chai,Beverage,7,$6.79
853883003008,coconut water 17.5oz c2o,Beverage,6,$3.59
042608470106,aloe whole leaf juice OG 32 oz Lakewood,Beverage,9,$9.99
042608459460,orange juice OG 32 oz lakewood,Beverage,5,$9.99
744473912353,So Delicious coconut milk unsweetened original,Beverage,5,$4.39
076950450417,green tea pure decaf 16 bags yogi,Beverage,9,$5.39
090341121212,root beer single bottle virgil's,Beverage,68,$2.19
812475012255,alo allure mangosteen & mango 16.9oz,Beverage,12,$2.99
608883000010,water alkaline 1.5 L eternal,Beverage,6,$3.29
052603066037,hemp milk unsw orig 32oz,Beverage,5,$6.49
042608459279,orange carrot  OG 32 oz lakewood,Beverage,3,$9.99
042608459750,grapefruit pink juice OG 32oz lakewood,Beverage,3,$9.79
047445919719,earl grey tea OG 16 bags Choice,Beverage,1,$4.85
042608459439,apple juice OG 32oz,Beverage,3,$7.99
632432333106,yerba mate classic gold can 12 oz guayaki,Beverage,12,$2.99
042608470137,blueberry  juice OG 32oz lakewood,Beverage,4,$14.89
033919000458,butterscotch beer single bottle flying cauldron,Beverage,31,$2.19
042608459057,pineapple pure juice OG 32oz lakewood,Beverage,1,$12.69
042608470083,cherry tart juice pure OG 32oz,Beverage,6,$12.99
076950204553,positive energy sweet tangerine tea 16 bags yogi,Beverage,6,$5.39
039278152005,oolong tea OG 100bags,Beverage,1,$8.49
618825150222,dandy blend 14.01oz,Beverage,2,$23.99
618825150147,dandy blend 25 singles box,Beverage,3,$10.89
618825150161,dandy blend single,Beverage,8,$0.59
042608432029,carrot juice pure OG 32oz,Beverage,6,$9.79
632432737775,yerba mate revel berry 15.5oz can guayaki,Beverage,9,$3.39
873024002004,Ener-C Orange pkt,Beverage,30,$0.69
042608125822,cranberry concentrate OG 12.5oz,Beverage,3,$17.49
845332045530,matcha tea spoon bamboo,Beverage,3,$3.99
026395841288,aloe vera juice whole leaf pf OG 128oz,Beverage,4,$27.99
812475012262,alo enrich pom cran 16.9oz,Beverage,3,$2.99
734027901605,ginger juice OG 5oz ginger people,Beverage,10,$6.49
033629125014,Ginseng Up ginger beer 12oz,Beverage,25,$2.29
632432757773,yerba mate enlighten mint can 15.5oz guayaki,Beverage,25,$3.39
042608125891,cherry tart concentrate OG 12.5oz,Beverage,14,$16.99
076950450561,throat comfort honey lemon tea OG 16 bags yogi caffeine free,Beverage,4,$5.39
854560005032,coffee dark chocolate mocha 8oz,Beverage,10,$2.79
074682103502,cranberry  juice 100% 32oz knudsen,Beverage,6,$11.99
795239800308,teeccino almond amaretto 11oz,Beverage,1,$16.99
097467045712,spirutein choc 2.1lbs nature's plus,Beverage,4,$45.99
032917002358,dandelion leaf & root tea 16bags traditional medicinals,Beverage,3,$6.69
856516002126,chia squeeze strawberry banana 3.5oz,Beverage,16,$2.19
819005011528,calm buddha 18 bags buddha tea,Beverage,4,$7.99
819005011795,4th chakra heart 18 bags buddha tea,Beverage,2,$8.99
819005011474,divine immunity 18 bags buddha tea,Beverage,2,$6.99
801541107612,psyllium husks OG canister 12oz organic india,Beverage,2,$21.99
819005010170,dandelion root tea 18 bags buddha tea,Beverage,6,$7.99
819005011788,third eye chakra tea 18 bags buddha tea,Beverage,3,$8.99
,ginseng panax single vial,Beverage,6,$0.79
819005011801,5th chakra 18 bags buddha tea,Beverage,1,$8.99
819005011818,crown chakra tea 18 bags buddha tea,Beverage,3,$8.99
819005011849,solar plexus chakra tea 18 bags buddha tea,Beverage,3,$8.99
819005011832,sacral chakra tea 18 bags buddha tea,Beverage,1,$8.99
618825150307,dandy blend OG 3.5oz,Beverage,8,$9.99
858045004299,macadamia milk unsweeted 32oz Milkadamia,Beverage,1,$4.80
801541500161,tulsi tea sweet rose 18bgs organic india,Beverage,5,$6.29
873024002028,Ener-C  raspberry pkt,Beverage,30,$0.69
853883003848,coconut water ginger lime turmeric 17.5oz c2o,Beverage,11,$3.59
722430001166,kombucha seasonal 16oz gt's,Beverage,19,$4.69
039278142204,green jasmine tea 20bags,Beverage,3,$3.39
039278192209,black tea OG 20 bags prince of peace,Beverage,4,$2.99
077208002341,water mountain valley sparkling 33.8oz/ liter,Beverage,10,$3.89
632432333205,yerba mate sparkling grapefruit ginger can 12oz guayaki,Beverage,17,$2.99
632432333304,yerba mate sparkling cranberry pomegranate can 12oz guayaki,Beverage,30,$2.99
039278030532,blood sugar tea 18 bags,Beverage,5,$6.39
039278030525,blood pressure tea 18 bags,Beverage,3,$6.99
819005014826,Japanese cherry blossom tea 18bags buddha tea,Beverage,1,$8.99
851107003155,kombucha seasonal 14oz brew dr.,Beverage,1,$3.99
851107003032,kombucha superberry 14oz brew dr,Beverage,8,$3.99
851107003070,kombucha love 14oz brew dr,Beverage,11,$3.99
849429003335,zero calorie grape soda can zevia,Beverage,16,$1.49
849429003304,zero calorie cream soda can,Beverage,10,$1.49
894773001605,zero calorie cherry cola soda can zevia,Beverage,12,$1.49
076950450363,green tea super antioxidant 16 bags yogi,Beverage,3,$5.39
722430160030,kombucha alive cider pu-erh root beer 16oz gt's,Beverage,3,$4.69
076950206489,honey chai turmeric vitality tea 16 bags yogi caffeine free,Beverage,13,$5.39
819005015076,CBD turmeric ginger tea buddha tea,Beverage,2,$19.99
819005015083,CBD chamomile blend tea buddha tea,Beverage,4,$19.99
819005015090,CBD mint tea buddha tea,Beverage,4,$19.99
819005015069,CBD matcha green tea buddha tea,Beverage,3,$19.99
819215020037,sparkling water lemon lime can waterloo,Beverage,29,$0.89
026395008841,aloe vera stomach formula pink label 2oz,Beverage,6,$2.19
042608470014,aloe inner leaf w/lemon OG 32 oz Lakewood,Beverage,8,$9.99
052603067515,coconut beverage unsweet original 32oz,Beverage,6,$4.50
090341200016,orange cream soda virgil's 12oz,Beverage,56,$2.19
632432708775,yerba mate bluephoria can 15.5oz guayaki,Beverage,26,$3.39
813026020132,supreme matcha tea 20 bags pukka,Beverage,4,$6.59
722430160023,kombucha alive ginger turmeric 16oz Gt's,Beverage,1,$4.69
860492001523,elderberry syrup sassy cinnamon 15.5 oz  health junkie,Beverage,4,$22.99
860492001516,elderberry syrup bold ginger 15.5 oz health junkie,Beverage,11,$22.99
628240202161,cat's claw bark tea OG 24bags celebration,Beverage,3,$7.99
628240201652,nettle leaf tea  OG 24bags celebration,Beverage,1,$7.39
819005010255,ginger root tea 18 bags buddha,Beverage,3,$6.99
077652084382,maple apple cider tea 18bags,Beverage,5,$4.99
077652083767,pumpkin spice decaf tea 18bags,Beverage,7,$4.99
077652084726,chai holiday tea 18bags,Beverage,1,$4.99
707082130327,chai concentrate slightly sweet 32oz oregon,Beverage,6,$6.79
744790356595,elderberry syrup cinnamon local 12oz sage village,Beverage,1,$21.99
733739042439,peppermint tea OG 24 bags NOW FOODS,Beverage,5,$5.99
733739059758,psyllium husk powder 12oz NOW FOODS,Beverage,3,$13.99
077652083132,breakfast in Paris tea 18ct stash,Beverage,6,$4.99
039278030549,cholesterol tea 18bags prince of peace,Beverage,1,$5.99
022014110704,apple juice honeycrisp OG 10oz,Beverage,12,$3.69
076950450189,throat comfort tea OG 16 bags yogi caffeine free,Beverage,9,$5.39
854560005605,cappuccino creamy 8oz can,Beverage,3,$2.79
076950450424,green tea 16 bags yogi,Beverage,11,$5.39
819005010194,elderberry buddha 18 tea bags buddha tea,Beverage,2,$7.99
830568000095,yerba mate dark roast loose tea 12oz mate factor,Beverage,4,$11.69
628240251848,turmeric ginger tea OG 24bags,Beverage,2,$7.99
819005010354,milk thistle tea OG 18bags buddha tea,Beverage,5,$6.99
819005010361,nettle leaf tea OG 18bags buddha tea,Beverage,6,$6.99
074682200294,beet juice blend OG 32oz knudsen,Beverage,5,$9.99
077652082463,wild raspberry hibiscus tea 20 bags,Beverage,6,$4.99
076950206984,sweet clementine stress support 16 bags yogi caffeine free,Beverage,4,$5.39
076950450431,woman's raspberry leaf tea 16 bags yogi caffeine free,Beverage,6,$5.39
076950206991,blackberry apple cider digestive awakening 16 bags yogi caffeine free,Beverage,11,$5.39
860492001554,elderberry syrup cheeky cherry 15.5 oz  health junkie,Beverage,10,$22.99
032917000675,healthy cycle raspberry leaf tea traditional medicinals,Beverage,5,$6.99
632432728773,yerba mate orange exuberance can 15.5oz guayaki,Beverage,19,$3.39
632432717777,yerba mate lemon elation can 15.5oz guayaki,Beverage,18,$3.39
858276004006,water boxed is better 16.9 oz,Beverage,24,$1.79
819005010286,hibiscus tea 18 bags buddha tea,Beverage,5,$6.99
819005010330,licorice root tea buddha 18bags buddha tea,Beverage,3,$6.99
819005010088,passionflower tea 18bags buddha tea,Beverage,3,$6.99
819005010439,sarsparilla root tea 18bags buddha tea,Beverage,2,$6.99
076950202955,soothing rose hibiscus skin detox tea 16 bags yogi,Beverage,7,$5.39
076950207073,pumpkin spice tea OG 16 bags yogi caffeine free,Beverage,6,$5.39
076950207035,orange clove tea OG 16 bags yogi caffeine free,Beverage,5,$5.39
076950207066,vanilla peppermint tea OG 16 bags yogi caffeine free,Beverage,16,$5.39
4897039310325,reishi calm cacao mix single pkt,Beverage,14,$1.89
816897021048,mushroom matcha lion's mane latte think single pkt,Beverage,1,$1.79
4897039310714,lions mane chaga coffee single pkt,Beverage,12,$1.49
4897039310707,mushroom coffee gut health single pkt,Beverage,40,$1.49
077652084276,Christmas in Paris 18bags,Beverage,4,$4.99
856516002119,chia squeeze green magic 3.5oz,Beverage,18,$2.19
816897021482,mushroom coffee lion's mane latte single pkt four sigmatic,Beverage,11,$1.89
097467045743,spirutein strawberry 2.4 lbs nature's plus,Beverage,1,$48.99
024182181371,sencha rose tea OG 16ct,Beverage,21,$6.39
042608470717,beet juice pure OG 32oz Lakewood,Beverage,3,$9.39
722430920160,kombucha sacred life 16oz gt's,Beverage,8,$4.99
047445919528,genmaicha tea OG 16 bags Choice,Beverage,7,$4.85
047445919436,rooibos tea OG 16 bags Choice,Beverage,4,$4.85
047445919917,earl grey decaf tea OG 16 bags Choice,Beverage,6,$4.85
819005010477,turmeric ginger tea 18 bags buddha,Beverage,4,$6.99
819005015281,CBD tulsi ashwagandha tea 18 bags buddha tea,Beverage,2,$19.99
819005015274,CBD mushroom defense tea 18 bags buddha tea,Beverage,4,$19.99
819005011627,chai tea 18 bags buddha tea,Beverage,3,$7.99
076950450110,ginger tea 16 bags caffeine free yogi,Beverage,2,$5.39
036192122220,limeade OG 32oz Santa Cruz,Beverage,8,$3.69
628240201287,echinacea blend tea OG celebration,Beverage,1,$7.19
008274006650,ginger ale real sleek single 12oz can reed's,Beverage,4,$1.79
008274006667,ginger ale real sleek zero single 12oz can reed's,Beverage,20,$1.79
076950208162,elderberry lemon balm immune 16bags yogi no caffeine,Beverage,2,$5.39
655160916502,elderberry blueberry syrup local 12oz sage village,Beverage,2,$21.99
816897021994,protein plant powder cacao single packet four sigmatic,Beverage,2,$2.99
076950450042,breathe deep16 bags yogi,Beverage,15,$5.39
628240201263,dandelion root raw tea OG 24bags celebration,Beverage,6,$8.59
628240251282,dandelion root roasted tea  OG 24bags celebration,Beverage,1,$8.99
873024002011,Ener-C lemon lime pkt single,Beverage,6,$0.49
039278800203,korean ginseng tea small box 10 bags,Beverage,1,$2.49
816897020812,mushroom chai latte calm pkt,Beverage,18,$1.89
322654002194,collagen hydrolysate  pkt great lakes collagen co,Beverage,11,$1.99
801541517510,tulsi tea focus pomegranate orange 18 bags organic india,Beverage,1,$3.50
857161008464,kombucha island mango 14oz brew dr,Beverage,7,$3.99
819215020099,sparkling water peach can waterloo,Beverage,6,$0.59
722430160078,kombucha alive matcha vanilla 16oz Gt's,Beverage,5,$4.69
026395840168,aloe vera whole leaf juice pf 16oz glass,Beverage,2,$6.99
4897039310202,mushroom elixir lion's mane think rhodiola mix single pkt,Beverage,56,$1.79
856516002096,chia squeeze blackberry bliss 3.5oz,Beverage,15,$2.19
851220003414,cold brew concentrate 32oz,Beverage,5,$11.99
076950207141,sweet ginger citrus turmeric vitality tea yogi,Beverage,3,$5.39
076950450226,relaxed mind OG 16 bags yogi caffeine free,Beverage,7,$5.39
855533005639,dandelion herbal tea OG 20 bags bravo,Beverage,6,$6.99
855533005295,honeysuckle herbal tea OG 20 bags bravo,Beverage,5,$6.99
855533005684,red clover herbal tea OG 20 bags bravo,Beverage,1,$5.99
855533005677,milk thislte herbal tea 20 bags bravo,Beverage,1,$6.99
855533005301,chrysanthemum herbal tea 20 bags bravo,Beverage,5,$5.99
795239801107,teeccino french roast 11oz,Beverage,3,$13.99
608883000065,water alkaline 84.5 oz eternal,Beverage,7,$4.59
856516002294,chia squeeze wild raspberry 3.5oz,Beverage,23,$2.19
074682107272,tomato juice OG 32oz knudsen,Beverage,4,$6.29
850628002548,protein OG bourbon vanilla whey 12 oz tera's,Beverage,1,$32.99
855533005172,triple stress relief herbal tea OG 20 bags bravo,Beverage,5,$6.99
039278703306,ginkgo biloba & red panax ginseng 10x30,Beverage,4,$17.99
855842004378,birch beer soda bottle 12oz rocky mountain,Beverage,22,$2.19
819005015526,CBD cacao fusion tea buddha tea,Beverage,2,$10.70
857161008778,kombucha orange oasis 14oz brew dr,Beverage,12,$3.99
819005015533,CBD sleepy buddha tea buddha tea,Beverage,1,$19.99
810029090001,kombucha jun raspberry rose OG 12oz glass wild tonic,Beverage,12,$5.99
858148003878,protein strawberry creme 12oz rebbl,Beverage,3,$5.99
855533005110,healthy eyes herbal tea 20 bags bravo,Beverage,3,$5.99
855533005370,hair regrowth herbal tea 20 bags bravo,Beverage,1,$6.99
855533005141,clear and smooth skin herbal tea 20 bags bravo,Beverage,4,$5.99
4897039310387,mushroom elixir chaga protect mix single pkt,Beverage,13,$1.79
819005010408,red clover tea 18bags buddha tea,Beverage,3,$6.49
819005011856,meditation moment tea 18bags buddha tea,Beverage,4,$6.99
097467996601,collagen peptides pkt single,Beverage,28,$1.89
097467459618,collagen peptides .65 lb nature's plus,Beverage,3,$27.99
855533005189,aller easy tea bravo,Beverage,5,$6.99
855533005059,triple detox tea bravo,Beverage,5,$6.99
322654003351,collagen peptides daily beauty 8oz great lakes collagen co,Beverage,2,$28.99
819005015540,echinacea elderberry tea 18 bags buddha tea,Beverage,1,$6.99
036192122466,lemonade strawberry OG 32oz Santa Cruz,Beverage,11,$3.99
856516005004,chia squeeze cherry love 3.5oz,Beverage,10,$2.19
815369010757,soda blood orange italian OG,Beverage,8,$5.19
815369014564,coconut water OG 1 liter cadia,Beverage,11,$6.19
819005014505,cranberry comfort tea OG 18bags,Beverage,2,$6.99
032917003232,reishi rooibos orange 16 tea bags traditional medicinals,Beverage,5,$6.69
850025765244,energy drink blackberry lemon odyssey,Beverage,6,$3.99
322654002835,collagen peptides daily wellness chocolate 8oz great lakes collagen co,Beverage,3,$28.99
819005010293,holy basil tea 18 bags Buddha tea,Beverage,4,$6.99
322654002576,collagen peptides daily wellness vanilla 10 oz great lakes collagen co,Beverage,1,$28.99
813026020156,chamomile vanilla tea 20bags,Beverage,4,$6.59
858045004923,macadamia milk barista unsweetened 32oz Milkadamia,Beverage,3,$4.80
860003192832,coffee double shot w/milk rtd 11oz,Beverage,1,$3.79
076950208780,bright day peach bergamot tea 16 bags yogi caffeine free,Beverage,4,$5.39
819162004548,yerba mate loose tea OG 16oz eco teas,Beverage,1,$18.99
741391979277,matcha powder tea rishi 1.050z,Beverage,2,$13.99
860004213321,kava blackberry yuzu rtd can psychedelic water,Beverage,19,$3.89
322654002408,collagen hydrolysate 10oz great lakes collagen co,Beverage,3,$28.99
856516002287,chia squeeze mango coconut 3.5oz mamma chia,Beverage,13,$2.19
810029090018,kombucha jun blueberry basil 12oz,Beverage,11,$5.99
039278040371,ginger honey lemon crystals 10 sachets prince of peace,Beverage,5,$4.49
816897022342,protein plant powder vanilla 21.6oz four sigmatic,Beverage,1,$38.99
733739058348,oat milk powder OG 12oz,Beverage,1,$9.99
632432000176,yerba mate peach revival can 15.5oz guayaki,Beverage,11,$3.39
819215022055,sparkling water orange vanilla single can waterloo,Beverage,8,$0.89
850036042099,kombucha raspberry lemonade zero can humm,Beverage,2,$3.39
814784024240,warrior blend chocolate 375gm sunwarrior,Beverage,1,$15.00
819005010156,damiana leaf tea 18bags buddha tea,Beverage,2,$8.49
032917002198,nighty night valerian OG 16 tea bags traditional medicinals,Beverage,3,$6.99
5060557310095,hibiscus rose soda can something & nothing,Beverage,7,$3.49
076950209084,cinnamon horchata stress tea OG 16 bags yogi caffeine free,Beverage,4,$5.39
076950209060,blueberry sage stress tea OG 16 bags yogi caffeine free,Beverage,11,$5.39
195372731048,tea morrocan mint rtd just ice ta,Beverage,9,$3.29
722430160221,kombucha alive lemon lime 16oz Gt's,Beverage,11,$4.69
722430740164,kombucha elderberry juniper 16oz gt's,Beverage,7,$4.69
5060557310002,cucumber soda can something & nothing,Beverage,11,$3.49
097467591158,spirutein shaker nature's plus,Beverage,2,$4.99
860006268008,tea cherry sweet RTD leelanau,Beverage,7,$3.49
815369010740,soda pomegrante italian OG 25.4oz cadia,Beverage,2,$5.19
815369010764,soda lemon italian OG 25.4oz cadia,Beverage,4,$5.19
657622011855,apple juice box kids OG 8-pack honest tea,Beverage,3,$6.49
657622011848,fruit punch juice box kids OG 8-pack honest tea,Beverage,3,$6.49
857161008914,kombucha  strawberry brew dr,Beverage,13,$3.99
811660022857,electrolyte energy caffeine tropical punch drink tabs nuun bb 3/24,Beverage,1,$2.00
722430160207,kombucha alive cola 16oz gt's,Beverage,6,$4.69
,apple  juice box kids single honest,Beverage,4,$0.99
855533005752,mushroom defense herbal tea 20 bags bravo,Beverage,2,$8.49
850025765633,lion's mane sparkling blue raspberry RTD can  odyssey,Beverage,5,$3.99
849429003274,zero calorie creamy root beer soda can zevia,Beverage,12,$1.49
322654003368,collagen peptides caramel joint 8oz great lakes collagen,Beverage,2,$21.99
322654002897,collagen chai 10oz great lakes collagen co,Beverage,2,$28.99
850004695036,CBD sparkling water blood orange wyld,Beverage,3,$4.69
733739059680,psyllium husk whole OG 12oz NOW FOODS,Beverage,3,$17.99
860009578203,palo azul blue tea 15bags magiktea,Beverage,1,$11.99
032917007322,cold care PM 16 tea bags traditional medicinals,Beverage,4,$6.99
851770003094,kid protein vanilla 4-pk orgain,Beverage,4,$8.60
819005015861,CBD hibiscus blend tea buddha tea,Beverage,3,$19.99
733739042675,rooibos reishi tea 24 bags NOW FOODS,Beverage,7,$5.99
850020883011,hop water mango single hop wtr,Beverage,15,$1.99
722430790169,kombucha honeycrisp apple 16oz gts,Beverage,9,$4.69
632432000350,yerba mate berry lemonade can 15.5oz guayaki,Beverage,19,$3.39
814784024264,warrior mocha 375gm sunwarrior,Beverage,1,$15.00
814784027524,collagen beauty greens pina colada 10.6oz  sunwarrior,Beverage,1,$39.99
039278701234,red panax ginseng ultra strength 10x30,Beverage,4,$17.99
860008539045,mango power juice OG 11.1oz,Beverage,4,$5.99
819215022727,sparkling water raspberry nectarine can waterloo,Beverage,23,$0.89
077652082449,meyer lemon blossom tea 20 bags stash,Beverage,3,$4.99
850026948332,CBD CBN sparkling water blueberry pom wyld,Beverage,17,$4.69
810070875459,coffee mocha latte RTD 11oz chamberlain,Beverage,6,$3.99
810070875466,coffee cinnamon bun latte RTD 11oz chamberlain,Beverage,9,$3.99
855533005691,chaga herbal tea OG 20 bags bravo,Beverage,6,$7.99
819005010644,ashwagandha 18 bags buddha tea,Beverage,2,$6.99
850004695012,CBD sparkling water lemon wyld,Beverage,7,$4.69
860003304129,kombucha sparkling mango gold can wildwonder,Beverage,6,$3.99
860003304105,kombucha sparkling guava rose can wildwonder,Beverage,3,$3.99
816897020607,balance mushroom coffee mix single pkt,Beverage,10,$1.59
850017346017,prebiotic soda lemon ginger can culture pop,Beverage,13,$2.39
850017346000,prebiotic soda orange mango can culture pop,Beverage,12,$2.39
849429002994,zero calorie cran raspberry soda can zevia,Beverage,9,$1.49
860006882822,watermelon juice OG 11.1oz allwello,Beverage,7,$5.99
628240251732,honeybush tea OG celebration,Beverage,3,$10.49
628240201461,hibiscus twist tea OG celebration,Beverage,6,$7.19
628240201683,parsley leaf tea OG celebration,Beverage,4,$7.69
628240251862,thyme leaf tea OG celebration,Beverage,4,$10.49
628240201935,wild cherry bark tea OG celebration,Beverage,1,$7.19
628240204165,white and green tea OG celebration,Beverage,2,$7.99
628240201669,papaya leaf tea OG celebration,Beverage,5,$6.69
628240201614,marshmallow leaf and root tea  OG 24bags celebration,Beverage,5,$7.49
628240201539,hyssop tea OG celebration,Beverage,3,$8.99
628240201409,ginger peppermint tea OG celebration,Beverage,5,$9.99
628240251152,calendula tea OG celebration,Beverage,5,$8.79
628240201249,damiana leaf tea OG 24bags celebration,Beverage,4,$7.49
076950209343,sweet strawberry digestive tea 16 bags yogi caffeine free,Beverage,8,$5.39
076950400016,chai latte classic OG 32oz yogi,Beverage,6,$7.49
073490158513,lemon ginger juice OG 8.45 oz,Beverage,6,$4.79
855754007252,kombucha infused sparkling water meyer lemon can,Beverage,11,$2.29
076950400047,matcha latte OG 32oz yogi,Beverage,2,$7.49
076950209046,mandarin mint mindfulness16 bags yogi,Beverage,4,$5.39
039278701210,red panax ginseng ultra strength 10x10,Beverage,3,$7.99
850049586245,honey ginger instant crystal tea 40pouches box,Beverage,8,$11.59
819005015427,mushroom wellness blend 18 bags buddha tea,Beverage,2,$9.99
797132923993,honey ginger soda can wehrloom,Beverage,4,$2.99
797132923726,honey cream soda can wehrloom,Beverage,5,$2.99
810117200169,kombucha mixed berry no sugar single can,Beverage,9,$2.99
850039752087,kava orange vanilla rtd can psychedelic water,Beverage,20,$3.89
863323000351,hydration berry acai pkt single liquid iv,Beverage,10,$1.99
850017346031,prebiotic soda wildberries can culture pop,Beverage,6,$2.39
850038717179,oat milk OG 32 oz mooala,Beverage,3,$5.59
627733020107,supergreens pear 3.5oz,Beverage,3,$14.99
627733001328,turmeric latte mix 3.5oz,Beverage,3,$15.99
627733009690,daily cranberry probiotics mix 8oz,Beverage,1,$14.90
819005010668,mullein tea 18 bags Buddha tea,Beverage,4,$7.99
855395007147,banana milk OG 32 oz mooala,Beverage,7,$5.49
863606000252,soursop juice with pulp 16.57oz,Beverage,13,$4.49
797132923764,honey root beer soda can wehrloom,Beverage,6,$2.99
797132924655,honey infused tea apples cinnamon in a jar wehrloom,Beverage,3,$12.99
795239420803,teeccino Irish cream 10bags,Beverage,6,$6.99
628240201133,burdock tea OG celebration,Beverage,3,$7.19
733739066718,hot cocoa mix OG 14oz NOW FOODS,Beverage,1,$11.99
812475018370,pineapple juice with pulp 10.8oz alo,Beverage,12,$2.69
812475018356,mango juice with pulp 10.8oz alo,Beverage,10,$2.69
812475018578,peach juice with pulp 10.8oz alo,Beverage,5,$2.69
196852151646,switchel water OG can ancient drinks,Beverage,10,$2.99
628240204707,chai double tea celebration,Beverage,3,$8.49
628240205018,C blend tea celebration,Beverage,2,$9.99
797132924631,honey infused tea jasmine rose in a jar wehrloom,Beverage,2,$12.99
810063711078,prebiotic soda wild berry pop can poppi,Beverage,3,$2.99
812475018394,lychee juice with pulp 10.8oz alo,Beverage,8,$2.69
810100920203,core cleanser digest strawberry 375gm sunwarrior,Beverage,2,$19.00
854105007200,energy drink ginger berry can sunshine,Beverage,4,$3.49
854105007248,energy drink blueberry lemonade can sunshine,Beverage,11,$3.49
854105007231,energy drink clementine twist can sunshine,Beverage,1,$3.49
196110003281,turmeric citrus medley drink mix single pkt,Beverage,1,$1.99
,mushroom chaga protect mix single pkt,Beverage,10,$1.69
036192000276,cranberry grape juice 32oz,Beverage,3,$7.59
854936003884,lymph support tea bio nutrition,Beverage,1,$13.99
860009687592,pineapple extract cleansing tea bio nutrition,Beverage,3,$8.99
819005010392,raspberry leaf tea OG 18bags,Beverage,2,$7.99
790223100181,papaya puree OG 16oz,Beverage,2,$12.49
074682107302,very veggie low salt 32oz knudsen,Beverage,4,$5.99
074682000344,elderberry echinacea juice OG 32oz knudsen,Beverage,4,$11.49
036192000429,green tea pomegranate  OG 32oz Santa Cruz,Beverage,1,$3.99
039278040302,ginger honey crystals with ginseng,Beverage,2,$4.49
850026969443,complete nutrition meal shake vanilla single owyn,Beverage,7,$2.99
856461008747,complete nutrition meal shake chocolate single owyn,Beverage,23,$2.99
628240201171,chamomile tea celebration,Beverage,1,$6.69
855432003323,water still plus electrolytes tall girl open water single can,Beverage,10,$1.79
076950209596,cozy cardamom immune + sleep 16 bags yogi,Beverage,2,$5.39
076950209619,constipation support 16 bags yogi,Beverage,4,$5.39
850028270417,tea sparkling adaptogen lemon can 12oz,Beverage,11,$2.99
850039752223,psychedelic good mood mix fruit punch single packet,Beverage,14,$1.99
850017346345,prebiotic soda grape can culture pop,Beverage,3,$2.39
850017346215,prebiotic soda black cherry can culture pop,Beverage,4,$2.39
589759821013,yuzu juice sparkling 8.45oz kimino,Beverage,4,$4.39
850032072052,iced tea blood orange hibiscus 16.9oz asceptic saint james,Beverage,6,$3.39
850032072137,iced tea black lemon 16.9oz asceptic saint james,Beverage,7,$3.39
850032072090,iced tea green 16.9oz saint james,Beverage,16,$3.39
850032072106,iced tea green pineapple mango 16.9oz asceptic saint james,Beverage,5,$3.39
22014960507,apple juice OG 96oz north coast,Beverage,4,$17.99
857730006044,chai masala star anise 3oz,Beverage,3,$15.99
857730006105,chai masala golden 3oz,Beverage,2,$15.99
097467458871,spiruteinookies & cream 1.15 lbs nature's plus,Beverage,3,$25.99
850032072076,iced tea green passion fruit peach 16.9oz asceptic saint james,Beverage,5,$3.39
032917008503,rosy mood 16 tea bags traditional medicinals,Beverage,6,$6.99
816897023943,mushroom tea calm lion's mane 2.12 oz four sigma,Beverage,9,$9.99
816897023929,mushroom tea focus lion's mane 2.12 oz four sigma,Beverage,9,$9.99
855533005035,dieter's slimming herbal tea 20 bags bravo,Beverage,2,$5.99
851373005051,electrolyte drink blueberry peach asceptic nooma,Beverage,8,$2.69
850628002586,protein OG plain unsweetened whey 12 oz tera's,Beverage,1,$32.99
860008334589,sweet tea prebiotics halfday,Beverage,14,$3.39
860000322966,green tea w/honey & ginseng halfday,Beverage,3,$3.39
860000322997,ice tea raspberry halfday,Beverage,7,$3.39
850056406017,mushroom energy mango guava can melting forest,Beverage,14,$4.19
850056406055,mushroom d-stress coconut pineapple can melting forest,Beverage,12,$4.19
850056406000,mushroom energy black cherry can melting forest,Beverage,9,$4.19
771733112925,ezee recovery tea reishi mushroom bell lifestyle,Beverage,1,$5.00
855395007277,almond milk vanilla unsweetened OG 32 oz mooala,Beverage,12,$5.59
195893948802,water alkaline 16.9oz agua plus,Beverage,8,$1.59
850051627141,lion's mane hydration cherry limeade single pkt fungies,Beverage,4,$1.79
850051627158,lion's mane hydration strawberry lemonade single pkt fungies,Beverage,9,$1.79
850051627134,lion's mane hydration watermelon single pkt fungies,Beverage,8,$1.79
850020883028,hop water blood orange  single hop wtr,Beverage,8,$1.99
860000780360,mela watermelon passion fruit water,Beverage,8,$3.49
850019179217,mood water peach ginger recess,Beverage,10,$3.19
733739069962,slender sticks pomegranate berry NOW FOODS,Beverage,1,$7.99
733739069986,slender sticks tropical punch NOW FOODS,Beverage,1,$7.99
628240201768,rosemary tea OG celebration,Beverage,4,$7.39
627733005302,fiber  fuel smoothie mix berry burst 7oz,Beverage,2,$14.99
816960022620,matcha OG 1.5 oz,Beverage,1,$13.99
819005010422,sage leaf tea 18 bags buddha,Beverage,3,$6.99
797132923894,honey cola soda can wehrloom,Beverage,5,$2.99
850026948295,CBD sparkling grapefruit 20 mg wyld,Beverage,10,$4.69
850021474430,hydration golden cherry pkt single liquid iv,Beverage,1,$1.99
853057007610,just water 33.8oz asceptic,Beverage,17,$2.59
816897022298,protein plant powder cacao 21.6oz four sigmatic,Beverage,1,$38.99
816897022274,protein plant powder peanut butter 21.6oz four sigmatic,Beverage,1,$38.99
816897023608,mushroom focus complex 90cps four sigma,Beverage,1,$34.99
860005678549,pecan milk unsweetened vanilla OG pecana,Beverage,15,$5.99
860005678532,pecan milk unsweetened original OG pecana,Beverage,14,$5.99
860005678556,pecan milk praline OG pecana,Beverage,2,$5.99
781723971678,matcha tea whisk stand helen's asian kitchen,Beverage,1,$9.99
840442200091,tea dead billionaire can liquid death,Beverage,3,$1.99
840269200298,sparkling water mandarin soda 6 pack sanzo,Beverage,2,$11.99
840269200236,sparkling water mango soda 6 pack sanzo,Beverage,2,$11.99
840269200229,sparkling water lychee soda 6 pack sanzo,Beverage,2,$11.99
810053000229,water alkaline gallon,Beverage,1,$5.99
850017346161,prebiotic soda lemon lime can culture pop,Beverage,7,$2.39
722430351124,agua de kefir guava paloma can gt's,Beverage,7,$3.89
636046700347,Cranberry juice OG 16oz harney & sons,Beverage,6,$2.79
840407600225,bamboo matcha tea whisk in clear plastic case or cardboard tube,Beverage,5,$17.99
076950450479,peppermint tea OG 16 bags yogi caffeine free,Beverage,3,$5.39
840442200114,rest in peach can liquid death,Beverage,9,$1.99
850039752216,psychedelic good mood mix watermelon single packet,Beverage,4,$1.99
852457007794,epic protein complete coffee single pkt sprout living,Beverage,13,$3.99
852457007169,epic protein complete chocolate maca single pkt sprout living,Beverage,21,$3.99
852457007152,epic protein complete original single pkt sprout living,Beverage,25,$3.99
,epic protein complete vanilla lucuma single pkt sprout living,Beverage,25,$3.99
850056406208,d stress yuzu lime can melting forest,Beverage,2,$4.19
794522732142,tea concentrate peach mango tazo,Beverage,4,$8.99
795239433704,tea dandelion blueberry vanilla OG 10bags teecino,Beverage,2,$6.99
850039862076,water white peach pouch htwo,Beverage,1,$3.39
860007559198,water plus pouch htwo,Beverage,5,$3.69
850039862281,water lemonade pouch htwo,Beverage,2,$3.39
733739042354,ginger mint tea OG 24 bags NOW FOODS,Beverage,3,$5.99
850039862069,water acai pouch htwo,Beverage,1,$3.39
850039862267,water plus peach mango pouch htwo,Beverage,2,$3.39
850039862274,water plus lemon lime pouch htwo,Beverage,2,$3.39
,slender stick pomegranate berry single packet NOW FOODS,Beverage,12,$0.69
,slender stick tropical punch single packet NOW FOODS,Beverage,12,$0.69
,slender stick acai lemonade single packet NOW FOODS,Beverage,12,$0.69
850004695005,CBD sparkling raspberry wyld,Beverage,15,$4.69
008274002034,apple cider spiced 16.8oz reed's,Beverage,12,$5.69
032917002952,green tea toasted rice 16 tea bags traditional medicinals,Beverage,6,$6.69
076950209558,cranberry spice tea OG 16 bags yogi,Beverage,10,$5.39
850039752193,psychedelic good mood mix grape single packet,Beverage,24,$1.99
850039752247,psychedelic good mood mix strawberry kiwi single packet,Beverage,20,$1.99
850025765626,energy pineapple mango odyssey,Beverage,10,$3.99
,dreamroot tart cherry syrup 12oz sage village,Beverage,3,$21.99
873024002424,Ener-B raspberry lemonade sugar free pkt,Beverage,3,$0.49
632432000688,yerba mate bravo mango can 15.5oz guayaki,Beverage,12,$3.39
850032072274,iced tea white lotus mango16.9oz  saint james,Beverage,13,$3.39
196852090150,sekanjabin water OG can ancient drinks,Beverage,10,$2.99
,elderberry syrup pumpkin spice local 12oz sage village,Beverage,2,$21.99
810133449610,tea cherry obituary can liquid death,Beverage,6,$1.99
850056406338,rosemary margarita can melting forest,Beverage,9,$4.19
850056406352,hibiscus rose can melting forest,Beverage,5,$4.19
850056406383,citrus spritz can melting forest,Beverage,15,$4.19
850056406376,whiskey ginger can melting forest,Beverage,10,$4.19
,matcha tea set 7 piece the first matcha dark blue box with pink fan on it,Beverage,1,$36.99
196852860524,posca water OG can ancient drinks,Beverage,11,$2.99
860005201785,kombucha lavender bliss can,Beverage,1,$4.39
860005201778,kombucha rose berry can,Beverage,4,$4.39
860005201792,kombucha blue dream can,Beverage,8,$4.39
853303007616,proud source spring water 16 oz,Beverage,19,$0.99
810109863532,CBD  THC 10mg sparkling water blackberry lemonade wyld,Beverage,20,$5.29
810109863563,CBD  THC 10mg sparkling water mango wyld,Beverage,27,$5.29
810109863549,CBD  THC 10mg sparkling water raspberry lime wyld,Beverage,9,$5.29
810109863556,CBD  THC 10mg sparkling water strawberry guava wyld,Beverage,26,$5.29
810109863600,CBD  THC 10mg sparkling water watermelon wyld,Beverage,16,$5.29
850004695029,CBD sparkling water blackberry wyld,Beverage,8,$4.69
813121024264,pressed juicery strawberry basil lemonade 15.2 oz,Beverage,6,$6.79
813121024455,pressed juicery strawberry orange mango smoothie 15.2 oz,Beverage,2,$6.79
813121024318,pressed juicery probiotic blackberry lemonade 15.2 oz,Beverage,4,$6.79
813121020235,pressed juicery daily roots ginger 15.2 oz,Beverage,2,$6.79
813121024240,pressed juicery probiotic mango turmeric lemonade 15.2 oz,Beverage,3,$6.79
813121020396,pressed juicery daily citrus orange turmeric 15.2 oz,Beverage,8,$6.79
816897024605,mushroom mylk hot cocoa  calm 6.35 oz four sigma,Beverage,5,$15.99
816897024629,mushroom dark hot cocoa calm 6.35 oz four sigma,Beverage,2,$15.99
813121020198,pressed juicery greens with ginger 15.2oz,Beverage,4,$6.79
077652082227,peppermint tea 18bags stash,Beverage,3,$4.99
077652084733,Christmas morning 18bags stash,Beverage,1,$4.99
863473000393,raspberry lemonade kombucha can elixir,Beverage,11,$4.39
863473000300,blueberry pomegranate kombucha can elixir,Beverage,11,$4.39
863473000362,grapefruit kombucha can elixir,Beverage,2,$4.39
863473000317,pineapple ginger kombucha can elixir,Beverage,8,$4.39
863473000324,lavender lemonade kombucha can elixir,Beverage,7,$4.39
857690008317,protein plant  strawberry 4-pk pirg,Beverage,2,$9.99
857690008256,protein plant  vanilla 4-pk pirg,Beverage,3,$9.99
819005015410,detox dharma tea OG 18bags,Beverage,2,$6.99
198168361283,mango power juice OG 32oz,Beverage,1,$11.99
861682000036,cocoa powder belgian 10oz,Beverage,7,$13.99
861682000043,drinking chocolate belgian 10oz,Beverage,11,$12.99
855395007154,almond milk unsweetened OG 32 oz mooala,Beverage,4,$5.59
853883003091,coconut water short single can C2O,Beverage,16,$1.59
726549163470,mug manipura mandala green,Beverage,4,$8.99
840407604308,mug with lid whimsy cat with spoon,Beverage,1,$9.99
840407620650,trivet cast iron,Beverage,7,$5.99
840407620575,teapot cast iron purple,Beverage,3,$32.99
074682107043,pear juice OG knudsen,Beverage,14,$8.89
860004747307,soda lemon lemongrass,Beverage,6,$1.99
797132924402,reishi tea can wehrloom,Beverage,11,$3.49
810117200282,kombucha black cherry no sugar single can,Beverage,11,$2.99
810533009940,lemon juice italian 1 litre volcano,Beverage,2,$12.49
733739058362,soy milk powder OG 14oz NOW FOODS,Beverage,1,$10.99
024589789484,aloe drink original OG 20 oz organi,Beverage,2,$6.99
840407613911,teapot cast iron turqouise,Beverage,1,$32.99
840407610385,chopsticks twisted swirl stainless steel 5 piece set,Beverage,8,$4.99
726549161513,chopsticks Frank LLoyd Wright 5 piece set,Beverage,8,$4.99
840407600140,chopsticks cats porcelain 5 piece set,Beverage,1,$9.99
840407618824,chopsticks crane porcelain 5 piece set,Beverage,1,$9.99
850047651006,hydration tablet watermelon,Beverage,9,$1.39
850047651037,hydration tablet pomegranate,Beverage,5,$1.39
857898005873,lavender chamomile tea 2oz canister,Beverage,4,$15.49
,dreambloom tart cherry lavender syrup 12oz sage village,Beverage,3,$21.99
853012007082,drinking chocolate instant hot or cold belgian 10oz,Beverage,18,$12.99
850025765848,energy drink tropical odyssey,Beverage,10,$3.99
850025765831,energy drink cola odyssey,Beverage,11,$3.99
850025765879,energy drink pink lemonade odyssey,Beverage,8,$3.99
794522731756,night time berry tea 20 bags pukka,Beverage,4,$6.59
,water sparkling blackberry raspberry single can nixie,Beverage,14,$0.99
,water sparkling strawberry hibiscus single can nixie,Beverage,22,$0.99
795239800100,teeccino vanilla nut 11oz,Beverage,2,$15.99
860000780346,mela ginger fruit water,Beverage,3,$3.49
860013126964,banana water cocoa vanilla OG can 11.2 oz banagua,Beverage,14,$3.99
860013126988,banana water strawberry OG can 11.2 oz banagua,Beverage,7,$3.99
629118350014,ginger fiery shot greenhouse,Beverage,18,$2.99
629118350038,pick me up shot greenhouse,Beverage,10,$2.99
794522200450,passion tea no caffeine 20 bags tazo,Beverage,1,$5.79
797132924389,Lion's Mane tea can wehrloom,Beverage,9,$3.49
840407613263,mug with lid and infuser crane 15oz,Beverage,4,$13.99
840407611993,mug with lid and infuser dragonfly 15oz,Beverage,4,$13.99
726549163456,mug manipura mandala orange,Beverage,7,$8.99
840407623262,chopsticks and bowl bunny set,Beverage,4,$14.99
840407613140,incense holder moon rabbits,Beverage,1,$6.99
840407613164,incense holder blue dragon,Beverage,4,$6.99
840407608177,tea cup crane yunomi 9oz,Beverage,1,$4.99
,kombucha Unity 16oz gt's on sale,Beverage,3,$3.00
198168361047,go green juice OG 32oz,Beverage,3,$11.99
042608900023,pineapple juice pure 32oz renew,Beverage,6,$9.99
,green ritual shot greenhouse,Beverage,10,$2.99
180127000258,coconut water pinrapple mango 1 liter zico,Beverage,12,$6.99
860008361844,latte pistachio milk tache,Beverage,16,$4.39
860003883921,pistachio milk barista unsweetened 32oz tache,Beverage,17,$6.99
627733001311,matcha latte mix 5.3 oz organic traditions,Beverage,3,$15.99
850019179224,mood water strawberry rose recess,Beverage,12,$3.19
850019179484,mood power lemon citrus single pkt recess,Beverage,9,$1.99
795239310050,dandelion latte OG 7.9oz teecino,Beverage,6,$19.99
073490158421,veg cayenne juice OG 8.45 oz,Beverage,7,$4.79
073490158407,green clean juice OG 8.45 oz,Beverage,9,$4.79
,kava spirit alcohol free 16oz kavahol,Beverage,6,$39.99
860013126940,banana water blueberry OG can 11.2 oz banagua,Beverage,12,$3.99
788832000084,GladRags Night Pad 1 Color,Bulk_HB,2,$16.59
788832000022,GladRags Day Pad 3 Colors,Bulk_HB,1,$31.99
782126009005,Natracare Tampons W/App Super 16 ct.,Bulk_HB,4,$8.89
782126008008,Natracare Tampons Regular W/App 16pc,Bulk_HB,5,$8.79
738041111002,Lumiram Chromalux Full Spectrum Lamp light Bulb 100,Bulk_HB,1,$9.19
770009010484,"If You Care Large Baking Cups 2 1/2""",Bulk_HB,12,$2.79
770009250200,If You Care Aluminum Foil 30 sq. ft.,Bulk_HB,9,$7.99
770009120114,If You Care Aluminum Foil 50 sq. ft.,Bulk_HB,8,$7.99
706173100096,Natural Value Cellulose Sponges Kitchen,Bulk_HB,5,$3.39
830568000491,Mate Factor Yerba Mate Bombilla,Bulk_HB,4,$8.89
053796103745,RSVP Honey Spoon,Bulk_HB,2,$4.79
053796401599,Charcoal Filters 2 ct. Compost,Bulk_HB,3,$10.39
724773911027,Greener Things Tea Infuser/strainer Scissor (box),Bulk_HB,6,$3.39
781723406804,Tea Infuser Spoon Heart Scissor,Bulk_HB,3,$5.29
030734041628,WOODEN HONEY DIPPER,Bulk_HB,5,$2.99
770009001116,"If You Care Coffee Filters 8"" Basket",Bulk_HB,7,$4.89
831128000609,BioBag Dog Waste Bags,Bulk_HB,3,$6.59
706173020417,"Natural Value Paper Plates 9""",Bulk_HB,1,$4.19
018787766316,Dr. Bronner's Sal Suds 16 oz.,Bulk_HB,4,$10.69
637226002091,Prasad Wooden Incense Burner Ash catcher,Bulk_HB,4,$1.99
637226111144,Prasad Celestial Champa Incense,Bulk_HB,4,$1.99
637226111212,Prasad Celestial Myrrh Incense,Bulk_HB,3,$1.99
637226111151,Prasad Celestial Frankincense Incense,Bulk_HB,12,$1.99
637226111175,Prasad Celestial Jasmine Incense,Bulk_HB,13,$1.99
637226111328,Prasad Celestial Lavender Incense,Bulk_HB,8,$1.99
637226111229,Prasad Celestial Musk Incense,Bulk_HB,12,$1.99
637226111267,Prasad Celestial Rose Incense,Bulk_HB,2,$1.99
637226111250,Prasad Celestial Patchouli Incense,Bulk_HB,8,$1.99
637226111274,Prasad Celestial Sandalwood Incense,Bulk_HB,9,$1.99
637226111304,Prasad Celestial Ylang Ylang Incense,Bulk_HB,7,$1.99
032110120019,Shoyeido Great Origin Incense,Bulk_HB,3,$2.89
032110123010,Shoyeido Moss Garden Incense,Bulk_HB,2,$3.79
032110124017,Shoyeido Kyoto Autumn Leaves Incense,Bulk_HB,6,$3.19
032110126011,Shoyeido Kyoto Cherry Blossom Incense,Bulk_HB,12,$4.69
011013100212,Citrasolv Cleaner 8 oz,Bulk_HB,2,$13.69
018787766323,Dr. Bronner's Sal Suds 32oz,Bulk_HB,7,$16.79
749174097002,Ecos Dishmate Liquid Dish soap Almond 25oz,Bulk_HB,7,$5.79
732913221509,Seventh Generation Auto Dish Detergent Powdered 45oz Pwdrd. Fr & Clr,Bulk_HB,5,$8.89
760702456450,cotton crew blue denim 9-11 maggie's,Bulk_HB,1,$9.99
760702456467,cotton crew blue denim LARGE maggie's,Bulk_HB,2,$9.99
760702559366,cotton crew chocolate 10-13 maggie's,Bulk_HB,2,$9.99
760702480059,footie white 9-11 maggie's,Bulk_HB,3,$7.99
050525555059,Sai Baba Nag Champa Incense (blue box)  100g,Bulk_HB,10,$12.29
781723500731,Mini Tea Ball Stainless Steel,Bulk_HB,6,$3.89
857383002769,Sunbeam Candles Beeswax Evergreen Tree,Bulk_HB,3,$18.00
637226111465,Tibetan Healing Incense,Bulk_HB,4,$3.79
032110129012,Shoyeido Incense White Cloud,Bulk_HB,1,$9.99
032110127018,Shoyeido Incense Five Hills,Bulk_HB,7,$6.39
787436002500,Native Scents Smudge Maya,Bulk_HB,1,$7.79
787436002654,Native Scents Smudge Four Directions,Bulk_HB,1,$9.39
658915004561,Shanthimalai Red Nag Champa Incense 15 grams,Bulk_HB,10,$2.39
032110125014,Shoyeido Incense Golden Pavilion,Bulk_HB,5,$3.59
032110122013,Shoyeido Incense Eternal Treasure,Bulk_HB,1,$2.69
782126001009,Natracare Tampons regular 20 count,Bulk_HB,2,$7.49
724773107000,Bamboo Tea Strainer,Bulk_HB,2,$3.19
781723222282,Fill Your Own Heat  Sealable Tea Bags 40ct,Bulk_HB,5,$5.49
782126003102,Natracare Ultra Pads Long w/Wings 10 ct.,Bulk_HB,2,$6.69
788832000039,GladRags Day Pad Organic 1 ct,Bulk_HB,3,$16.99
760702289959,wool killington mountain hiker bl MEDIUM maggie's,Bulk_HB,3,$21.99
760702285555,wool killington mountain hiker olive 9-11 maggie's,Bulk_HB,2,$21.69
760702285562,wool killington mountain hiker olive LARGE maggie's,Bulk_HB,7,$21.99
086085538607,Golden Eagle Herbal Chew Wintergreen,Bulk_HB,1,$3.89
770009050046,If You Care Cheesecloth Cardboard PKG 2 sq. Yds,Bulk_HB,4,$5.39
856035001013,Dead Sea Magic Minerals Bath Salts 5# Bucket,Bulk_HB,5,$32.59
770009250255,If You Care Waxed Paper 75sq. ft.,Bulk_HB,2,$7.39
760702452551,cotton crew tie dye 9-11 medium maggie's,Bulk_HB,3,$15.99
738041110609,Lumiram Chromalux 60W Light bulb,Bulk_HB,1,$8.89
717256000622,Biokleen Liq. Laundry 64oz Citrus- cold water,Bulk_HB,5,$22.19
050525555035,Sai Baba Nag Champa Incense (40 gr),Bulk_HB,7,$5.89
658915004516,Shanthimalai Red Nag Champa  Incense 100 Grams,Bulk_HB,6,$10.69
897580001899,Sunbeam Candles Tapers Red (1 Pair Hanging),Bulk_HB,7,$10.29
760702407025,leggings base layer black LARGE maggie's,Bulk_HB,4,$29.99
760702407018,leggings base layer black MED maggie's,Bulk_HB,3,$27.99
894410001258,World Centric Wheat straw Bowls,Bulk_HB,9,$2.99
894410001098,"World Centric Wheat straw Plates 9""",Bulk_HB,2,$4.49
787436002302,Native Scents Smudge Sweetscense,Bulk_HB,2,$8.29
013964225549,diatomaceous earth 4 lbs. lumino,Bulk_HB,2,$26.99
760702569853,cotton crew bl 9-11 3pk maggies,Bulk_HB,3,$21.99
760702285500,wool killington mountain hiker rasp socks 9-11 maggie's,Bulk_HB,2,$21.99
760702407032,leggings base layer black XTRA LARGE maggie's,Bulk_HB,3,$27.99
5069129100201,Small Swift-Lite/De Lites Charcoals,Bulk_HB,1,$1.99
,Bulk Harmony Cone Ear Candles Beeswax,Bulk_HB,35,$2.99
732913227877,Seventh Generation Fabric Softener Dryer Sheets Free & Clear,Bulk_HB,4,$9.69
781723970251,Sushi Mat with Paddle,Bulk_HB,3,$3.99
760702559854,cotton crew black 9-11 maggie's,Bulk_HB,3,$9.99
760702559861,cotton crew black large 10-13 maggie's,Bulk_HB,3,$9.99
796515300741,New Wave Enviro Shower Filter Silver,Bulk_HB,1,$32.99
770009011924,If You Care Parchment Paper Sheets,Bulk_HB,1,$5.99
770009250293,If You Care Latex Gloves Large,Bulk_HB,19,$5.89
770009250286,If You Care Latex Gloves Medium,Bulk_HB,5,$5.29
728997134002,Ecover Non-Chlorine Bleach,Bulk_HB,1,$7.79
689076488860,GladRags Panty Liners (3) Assorted Colors,Bulk_HB,2,$22.29
760702557263,cotton crew eggplant 10-13 maggie's,Bulk_HB,3,$9.99
760702557256,cotton crew eggplant 9-11 maggie's,Bulk_HB,2,$9.99
760702558260,cotton crew navy 10-13 maggie's,Bulk_HB,2,$9.99
706173100089,Natural Value Scouring Pads (2) Heavy Duty,Bulk_HB,4,$1.99
897580001271,"Sunbeam Candles 3"" x 4"" Manifestation Birthday",Bulk_HB,2,$26.00
857383002493,"Sunbeam Candles 3"" x 4"" Manifestation Meditation",Bulk_HB,1,$26.00
871242001434,African Market basket Oval G140,Bulk_HB,1,$48.00
871242001502,Large Round Leather Handle,Bulk_HB,1,$47.00
897580001639,Sunbeam Candles Beesewax Votive Natural,Bulk_HB,16,$3.99
897580001707,Sunbeam Candles Pine Cone Large,Bulk_HB,5,$23.00
,Bulk Harmony Cone  Ear Candles Organic Food Grade Wax,Bulk_HB,16,$2.99
,Coryell Clayworks  Omspout Neti Pot,Bulk_HB,3,$21.00
760702407001,leggings base layer black SMALL maggie's,Bulk_HB,1,$27.99
732913221707,Seventh Generation Auto Dish Gel Free & Clear 42oz,Bulk_HB,4,$9.79
770009001147,If you care Coffee Filters No 4 Cone,Bulk_HB,1,$5.19
871242001243,African Market Basket Mini No Leather G-149,Bulk_HB,1,$25.00
871242001809,African Market Basket Shopping Tote G-143,Bulk_HB,3,$63.00
,Sunbeam Candles Beeswax Small Eggs Assorted,Bulk_HB,6,$3.69
736133543496,Eco Bags Cotton Grain and Produce Bag 13x17,Bulk_HB,1,$3.99
736133800209,Eco Bags Meduim Net Drawstring Produce Bag,Bulk_HB,1,$4.49
637226111137,Prasad Celestial Cedarwood,Bulk_HB,18,$1.99
754087470880,Cowboy Charcoal Lump Hardwood 8.8 #,Bulk_HB,1,$16.99
894410001012,World Centric Assorted Corn Utensils,Bulk_HB,15,$2.59
788832000015,GladRags Color Day Pad 1pk,Bulk_HB,4,$13.99
857383002745,Sunbeam Candles 3 x 4 Manifestation Goddess,Bulk_HB,2,$26.00
850166002406,Full Circle Dish Cloths 3 ct,Bulk_HB,4,$10.39
857383002721,Sunbeam Goddess Fertility Goddess  Venus (Willendorf),Bulk_HB,3,$16.00
760702559878,cotton crew black 14-16 maggie's,Bulk_HB,2,$9.99
760702290542,wool urban trail ankle purple 9-11,Bulk_HB,5,$12.99
760702290559,wool urban trail ankle purple 10-13,Bulk_HB,4,$12.99
760702290504,wool urban trail ankle black MEDIUM maggie's,Bulk_HB,4,$12.99
760702290511,wool urban trail ankle black LARGE maggie's,Bulk_HB,3,$12.99
760702290528,wool urban trail ankle gr 9-11,Bulk_HB,4,$12.99
812647010102,Chico bag original red,Bulk_HB,3,$5.99
812647010010,Chico bag original blue,Bulk_HB,3,$5.99
812647010072,Chico bag original pale green,Bulk_HB,5,$5.99
812647011437,Chico bag original boysenberry,Bulk_HB,2,$5.99
760702560553,cotton crew tri-pak navy natural black MEDIUM maggie's,Bulk_HB,2,$21.99
028901002527,NORPRO STAINLESS FUNNEL SET 3 ct,Bulk_HB,1,$11.89
781723438690,"Harold Import Nut Milk Bag 11"" x 9""",Bulk_HB,5,$2.99
897580001073,Sunbeam Candles Beeswax Small Red Heart,Bulk_HB,4,$6.99
897580001066,Sunbeam Candles Beeswax Large Red Heart,Bulk_HB,3,$20.00
897580001028,Sunbeam Candles Beeswax Love Pillar  Red 2x6,Bulk_HB,1,$20.00
857383002714,Sunbeam Candles Tibetan Buddha Head,Bulk_HB,4,$18.00
013964225778,diatomaceous earth pure food grade1.5 lbs. lumino,Bulk_HB,2,$17.99
788832001852,GladRags 1 Pack Panty Liner Organic Undyed,Bulk_HB,1,$11.39
,Foods Alive Glass Straw Case,Bulk_HB,7,$0.99
782126003508,Natracare Dry and Light  for Sensitive Bladders Pads 20ct,Bulk_HB,1,$6.69
813199010503,Green2  Facial Tissue tree free,Bulk_HB,1,$2.69
897580001769,Sunbeam Candles Corn Cob,Bulk_HB,1,$10.99
897580001806,Sunbeam Candles Beeswax Cake Block 20oz,Bulk_HB,1,$27.00
770009250620,If You Care Trash Bags Kitchen Tall Drawstring 13gal,Bulk_HB,11,$6.79
760702560669,cotton crew tr-pak navy/nat/bl LARGE maggie's,Bulk_HB,2,$21.99
760702480271,footie black  9-11 maggie's,Bulk_HB,7,$7.99
760702480066,footie white 10-13 maggie's,Bulk_HB,5,$7.99
760702455569,cotton crew olive 10-13 maggie's,Bulk_HB,2,$9.99
760702455552,cotton crew olive 9-11 maggie's,Bulk_HB,2,$9.99
770009010200,If You Care Parchment Paper,Bulk_HB,5,$7.99
895454002102,Better Life Take It For Granite,Bulk_HB,2,$5.99
770009050015,If You Care Cooking Twine,Bulk_HB,4,$3.79
770009250187,If You Care Baking Cups mini,Bulk_HB,9,$2.19
749174093004,Earth Friendly Window Cleaner ECOS,Bulk_HB,1,$4.39
862692000283,Woo Bamboo Toothbrush Pet Small,Bulk_HB,7,$4.39
770009250651,If you Care Tall Kitchen Bags Compostable 13 gal 12 bags,Bulk_HB,11,$7.99
894410001944,World Centric Corn Utensils Spoons,Bulk_HB,10,$2.99
894410001937,World Centric Corn Utensils Forks,Bulk_HB,35,$2.99
,Coryell Clayworks Salt Jar,Bulk_HB,1,$19.29
796515300260,New Wave Enviro Drinking  Water Filter Replacement Cartridge,Bulk_HB,3,$8.29
796515300345,New Wave Enviro Drinking  Water Filter Replacement Cartridge for Bacteria,Bulk_HB,3,$13.49
796515820324,New Wave Enviro S.S. Insulated Food Container,Bulk_HB,6,$10.99
736133800278,Eco Nut Milk Bag,Bulk_HB,8,$7.39
808124121034,Mrs. Meyers Liquid Dish Soap Lemon Verbena,Bulk_HB,5,$6.39
793573139795,Moso Natural Air Purifying Bag Mini x 2,Bulk_HB,1,$9.19
617529494069,Moso Natural Air Purifying Bag Blue Refrigerator,Bulk_HB,2,$6.99
812647011567,chico bag original orange bag,Bulk_HB,3,$5.99
812647011444,chico bag original fairway,Bulk_HB,3,$5.89
724773911010,Greener Things Tea strainer mesh ball scissor style,Bulk_HB,5,$3.29
696859158766,Skoy Scrub 2 ct.,Bulk_HB,4,$9.99
788832001951,GladRags Panty Liner (1) Assorted Colors,Bulk_HB,2,$9.69
760702555214,cotton crew natural MEDIUM maggie's,Bulk_HB,1,$9.99
760702555207,cotton crew white 9-11 maggie's,Bulk_HB,2,$9.99
760702555306,cotton crew white 10-13 maggie's,Bulk_HB,1,$9.99
760702555313,cotton crew natural 10-13 maggie's,Bulk_HB,3,$9.99
760702555320,cotton crew natural xl 14-16 maggie's,Bulk_HB,2,$9.99
760702561253,cotton crew tri-pack denim/egg/navy MEDIUM maggie's,Bulk_HB,1,$21.99
760702452582,cotton crew tie dye lite 9-11 maggie's,Bulk_HB,2,$17.99
760702452599,cotton crew tie dye lite 10-13 maggie's,Bulk_HB,4,$17.99
736211516367,To Go Ware snack stack,Bulk_HB,1,$15.49
705105479408,To Go Ware bamboo utensil set avocado,Bulk_HB,1,$10.99
713757613231,To Go Ware bamboo utensil set mulberry,Bulk_HB,2,$11.99
713757613330,To Go Ware bamboo utensil set indigo,Bulk_HB,2,$11.99
770009250279,If You Care Latex Gloves Small,Bulk_HB,2,$5.29
760702482190,footie navy star 10-13  maggie's,Bulk_HB,1,$7.99
,Ball Mason Jar Quart Wide Mouth 32oz Single,Bulk_HB,2,$2.69
658915004493,Shanthimalai Red Nag Champa Incense 40 Grams,Bulk_HB,11,$4.89
895454002119,Better Life Naturally Dust-Defying Wood Polish,Bulk_HB,4,$6.99
760860020319,Aloha Bay Natural Coconut Tea Light Candles 12-pack,Bulk_HB,2,$4.39
716554002994,Naturezway Bamboo Bath Tissue 6 Pack,Bulk_HB,1,$8.29
013964225884,diatomaceous earth pure food grade for pets and people 9oz lumino,Bulk_HB,5,$12.69
713757613835,To Go Ware kids bamboo utensil set orange,Bulk_HB,1,$8.49
713757613637,To Go Ware kids bamboo utensil set berry,Bulk_HB,1,$8.49
713757613934,To Go Ware kids bamboo utensil set kiwi,Bulk_HB,1,$8.49
781723255211,Cheese Wire,Bulk_HB,2,$6.19
857383002851,Sunbeam Candles Beeswax Lotus Flower,Bulk_HB,4,$22.99
897580001011,Sunbeam Candles Beeswax Love Pillar 3x4,Bulk_HB,2,$24.00
897580001219,"Sunbeam Candles 3"" x 4"" Manifestation Queen Bee",Bulk_HB,2,$26.00
051381913632,Aura Cacia Empty Amber Glass Roll-On Bottle,Bulk_HB,3,$4.69
788832105505,GladRags XO Flo Menstrual Moon Cup OS,Bulk_HB,1,$32.59
056871089095,Gardens Alive Moth Trap 2 pack,Bulk_HB,2,$10.79
773876344669,Terracotta  Sun Aromatherapy  Stone Flat,Bulk_HB,2,$7.79
856940006011,Genial Day Reg 10 CT Pads,Bulk_HB,2,$6.69
689076488969,GladRags 3 Pack Panty Liner Organic Undyed,Bulk_HB,1,$28.99
770009250262,If You Care Paper Snack & Sandwich Bags,Bulk_HB,5,$5.99
049347003114,"Sage Spirit White Sage Smudge Stick Large 8-9""",Bulk_HB,3,$15.69
812647014780,Chico Bag vita watercolor blue,Bulk_HB,3,$11.49
760702285593,wool killington mountain hiker purple socks 9-11 maggie's,Bulk_HB,1,$21.69
051381913144,Aura Cacia Aromatherapy Car Diffuser,Bulk_HB,2,$13.00
9780738751689,Hidden Mandala Coloring Book,Bulk_HB,1,$12.99
749174097477,Ecos Rinse Aid 8oz,Bulk_HB,3,$6.19
897580001745,Sunbeam Candles Star,Bulk_HB,1,$14.29
895454002058,Better Life Floor Cleaner,Bulk_HB,4,$9.89
895454002096,Better Life Stainless Steel Polish,Bulk_HB,4,$5.89
856035001426,Dead Sea Magic Minerals Bath Salts,Bulk_HB,3,$13.59
781723421302,Coffee Grinder Brush,Bulk_HB,1,$3.89
899484002217,E-Cloth Window Cleaning (2),Bulk_HB,2,$13.99
897580001608,Sunbeam Candles Carved Egg Beeswax,Bulk_HB,1,$15.00
760702480035,footie sunny day 10-13  maggie's,Bulk_HB,1,$7.99
760702120504,cotton ragg sock chestnut 9-11 maggie's,Bulk_HB,3,$11.99
760702120511,cotton ragg sock chestnut 10-13 maggie's,Bulk_HB,3,$11.99
760702120542,cotton ragg sock navy 9-11 maggie's,Bulk_HB,1,$11.99
732913229819,"Seventh Generation Disinfectant Eucalyptus, Spearmint, Thyme",Bulk_HB,5,$8.79
,Palo Santo Standard Bulk Sticks,Bulk_HB,43,$1.59
781723970268,Helen's Silk-wrapped Chopsticks,Bulk_HB,1,$4.29
028901000530,Stainless Steel Zester,Bulk_HB,2,$9.99
797734493870,Evolution Salt Sole Drinking Jar,Bulk_HB,1,$12.99
781723210036,Mini Honey Dipper,Bulk_HB,2,$2.89
714343984292,Q-Traps Moth Traps 6 pack,Bulk_HB,2,$18.49
073377069468,Earth Therapeutics Loofah Bath Long Handle,Bulk_HB,1,$6.59
812647014445,Chico bag Vita repete VRSZE,Bulk_HB,4,$11.99
627843202813,Caboo Bamboo Napkins 250 Ct.,Bulk_HB,3,$5.59
760702282318,wool snuggle polar bear stripe black MEDIUM maggie's,Bulk_HB,4,$17.99
627843202783,Caboo Facial Tissue Cube,Bulk_HB,11,$3.29
9351383001971,Boody Men's Sneaker Socks White,Bulk_HB,1,$4.99
9340447028511,Boody Men's Sport Ankle Socks White,Bulk_HB,2,$4.99
9351383086527,Boody Classic Bikini Black Large,Bulk_HB,3,$10.00
9351383087388,Boody Classic Bikini Black X-Large,Bulk_HB,1,$10.00
9351383086213,Boody Classic Bikini Black Small,Bulk_HB,1,$10.00
9340447026623,Boody Hipster Bikini Black Small,Bulk_HB,4,$10.00
9340447026630,Boody Hipster Bikini Black Medium,Bulk_HB,4,$10.00
9351383086749,Boody Brief Boyleg Black Small,Bulk_HB,1,$10.00
9351383086183,Boody Full Brief Black Large,Bulk_HB,1,$11.00
9351383086312,Boody Full Leggings Black Small,Bulk_HB,4,$23.00
9351383086237,Boody Full Leggings Black Medium,Bulk_HB,1,$23.00
9351383086329,Boody Full Leggings Black Large,Bulk_HB,4,$23.00
9351383086886,Boody 3/4 Leggings Black Small,Bulk_HB,2,$22.00
9351383086640,Boody 3/4 Leggings Black Medium,Bulk_HB,4,$22.00
9351383086794,Boody 3/4 Leggings Black Large,Bulk_HB,2,$22.00
9351383087586,Boody 3/4 Leggings Black X-Large,Bulk_HB,6,$22.00
9340447048700,Boody T-Shirt V-Neck White Small,Bulk_HB,1,$27.99
9340447025886,Boody Cami Top Black Large,Bulk_HB,1,$14.99
9340447026425,Boody Tank Top White Large,Bulk_HB,1,$12.99
9340447048595,Boody T-Shirt Crew Neck Men's Black Small,Bulk_HB,1,$20.99
9340447048618,Boody T-Shirt Crew Neck Men's Black Large,Bulk_HB,1,$20.99
9340447048656,Boody T-Shirt Crew Neck Men's White Large,Bulk_HB,1,$20.99
9340447026012,Boody Men's Everyday Boxers Black Large,Bulk_HB,1,$20.00
9340447026395,Boody Tank Top Black Large,Bulk_HB,1,$12.99
738041111750,Lumiram Chromalux 75W Light Bulb,Bulk_HB,3,$13.39
,gift bag empty small pouch drawstring organza 4x6in,Bulk_HB,469,$0.39
,Sunbeam Candles Beeswax Tea Lights Bulk,Bulk_HB,22,$1.09
048676987850,Anchor Hocking Hermes Jar with Clamp 67.5 oz,Bulk_HB,1,$10.59
051381913151,Aura Cacia Aromatherapy Refill Pads,Bulk_HB,1,$3.69
814669010658,World Centric Compostable Paper Cup Hot Beverages,Bulk_HB,13,$5.19
736133810048,Eco Bags Cotton Soap Bag4x4,Bulk_HB,4,$4.49
857383002349,Sunbeam Candles Beeswax Pillar Coexist In Peace,Bulk_HB,1,$23.00
,Earthy Edith's All Purpose Cleaner  Refill 32oz,Bulk_HB,1,$15.89
,Earthy Edith's Bathroom Cleaner Refill 32oz,Bulk_HB,1,$22.19
,Earthy Edith's Power Scour  Refill 40 oz,Bulk_HB,1,$19.69
812647013677,Chico bag Vita VSPG pale green,Bulk_HB,1,$9.99
028901001919,Bamboo Knot Party Picks NORPRO,Bulk_HB,3,$4.49
787436131118,Native Scents Baby Smudge White Sage,Bulk_HB,6,$4.99
,Biostar compostable 13 gal trash bags roll of 50,Bulk_HB,16,$6.89
638936655782,Boody Crop Leggings Black Small,Bulk_HB,1,$17.99
9351383100018,Boody Brief Boyleg Black X-Large,Bulk_HB,3,$10.00
,Wok Tool,Bulk_HB,1,$6.99
190509000295,Bamboo Nature Baby Wipes Bamboo 50 wipes,Bulk_HB,7,$2.89
796515300468,New Wave Enviro Alkaline Plus Lead Removal Carteidge,Bulk_HB,1,$12.49
732913137374,Seventh Generation Unbleached Paper Towels Recycled 6 Pack,Bulk_HB,2,$26.29
788832001005,GladRags Color Day Pad Plus 1pk,Bulk_HB,3,$15.99
814669017640,World Centric Paper Straws,Bulk_HB,15,$2.99
894410001296,"World Centric 6"" Plates 20 ct",Bulk_HB,1,$3.59
760702481308,footie clouds 9-11 maggie's,Bulk_HB,1,$7.99
897580001653,Sunbeam Candles Beeswax  Wise Owl,Bulk_HB,1,$18.00
760702120573,cotton ragg sock heathered olive 10-13 maggie's,Bulk_HB,1,$11.99
760702120566,cotton ragg sock heathered olive 9-11 maggie's,Bulk_HB,5,$11.99
072711700012,Grandma's Laundry Soap Powder 40oz,Bulk_HB,3,$18.59
853430006926,Rebel Green Liquid Dish Soap Frankincense & Pine,Bulk_HB,4,$5.99
894148002633,New Wave Safe Sporter Purple 12oz Bottle,Bulk_HB,1,$11.29
716554006060,Naturezway Compostable Lawn and Leaf Bags 5 ct.,Bulk_HB,1,$5.99
732913137206,Seventh Generation Unbleached Paper Towels Recycled Single,Bulk_HB,2,$4.69
9351383002831,Boody T-Shirt Crew Neck Women's Black Small,Bulk_HB,1,$29.99
9351383002848,Boody T-Shirt Crew Neck Women's Black Medium,Bulk_HB,3,$29.99
032110190357,Shoyeido Incense (Gift Set) Peace,Bulk_HB,1,$6.99
,Sunbeam Candles Beeswax Votive Rose Geranium (Pink),Bulk_HB,13,$3.99
619011955935,Terra Winter Reversible Scarf,Bulk_HB,1,$22.99
897580001530,Sunbeam Candle Grande Rose (Red),Bulk_HB,3,$29.00
897580001035,Sunbeam Candles Beeswax Love Pillar Red 2x3,Bulk_HB,1,$11.00
736902284216,Terra Bracelet,Bulk_HB,2,$12.95
602573381021,Ti-Uno Go Bites Spork,Bulk_HB,1,$16.69
760702481322,footie peace navy 9-11 maggie's,Bulk_HB,5,$7.99
760702481339,footie peace navy 10-13  maggie's,Bulk_HB,6,$7.99
812647015213,Snack Time reusable sandwich bags lemons  (3),Bulk_HB,2,$13.99
760702482305,footie navy turtles  9-11 maggie's,Bulk_HB,4,$7.99
760702482312,footie navy turtles  10-13  maggie's,Bulk_HB,4,$7.99
760702482268,footie purple dragonfly 9-11 maggie's,Bulk_HB,2,$7.99
760702482275,footie purple dragonfly 10-13  maggie's,Bulk_HB,5,$7.99
760702482251,footie navy dragonfly 10-13  maggie's,Bulk_HB,1,$7.99
760702482244,footie navy dragonfly 9-11  maggie's,Bulk_HB,1,$7.99
760702482381,footie honey mushroom 9-11 maggie's,Bulk_HB,4,$7.99
760702482398,footie honey mushroom 10-13  maggie's,Bulk_HB,5,$7.99
760702482374,footie taupe mushroom 10-13 maggie's,Bulk_HB,5,$7.99
760702482367,footie taupe mushroom 9-11 maggie's,Bulk_HB,3,$7.99
813199010725,Toilet Paper Green2  Bath Tissue Tree Free Single,Bulk_HB,14,$2.99
871242000932,African Market Basket Bicycle,Bulk_HB,3,$45.99
,Better Life Tub & Tile Cleaner 32floz,Bulk_HB,4,$7.99
871242001137,African Market Basket  Mini Tote G-133,Bulk_HB,1,$32.00
732913137336,Seventh Generation 100% Recycled Bath Tissue 12 Pack 2 Ply,Bulk_HB,6,$17.99
736902284490,Terra Mask 2ct KIDS,Bulk_HB,3,$5.00
,Ball Mason Jar 4oz Quilted Jelly Jars single,Bulk_HB,13,$1.89
796515830002,New Wave SafeBowl Stainless Steal 16oz Double Wall Bowl - Blue,Bulk_HB,2,$16.74
897067002203,Rebel Green Cleaner Spray Fruit & Veggie 17 oz,Bulk_HB,3,$6.49
619011956116,Terra Face Cover with Hood Large,Bulk_HB,1,$9.99
760702282288,wool snuggle penguin blue  socks LARGE maggie's,Bulk_HB,2,$17.99
760702282271,wool snuggle penguin blue socks MEDIUM maggie's,Bulk_HB,3,$17.99
850013249084,Eco Vessel S.S. Insulated Mug Transit12 oz,Bulk_HB,1,$18.99
702865477811,Eco Vessel S.S. Insulated Bottle Aspen Rose Gold Water to Wine 25 oz,Bulk_HB,2,$20.39
702865478405,Eco Vessel S.S. Insulated Bottle Perk  Black Shawdow  w/lock top 20 oz,Bulk_HB,1,$19.99
850013249534,Eco Vessel S.S. Straw Set Red & Blue,Bulk_HB,1,$4.59
897580001318,Sunbeam Candles Beeswax Pillar Coexist In Love,Bulk_HB,1,$22.69
781723432117,Bamboo Toast Tong,Bulk_HB,1,$1.99
,Earthy Edith's Cozy Cabin Cleaner  Concentrate 8oz,Bulk_HB,2,$19.39
,Earthy Edith's Cozy Dusting Spray  Concentrate 8oz,Bulk_HB,1,$14.69
812647015220,Snack Time reusable sandwich bags avocado  (3) chico bag,Bulk_HB,1,$13.99
796515300482,New Wave Enviro Alkaline Plus Lead Removal Wand,Bulk_HB,3,$11.49
724773202019,"Greener Things Tea Ball  2"" Boxed",Bulk_HB,1,$3.29
871242001786,African Market Basket Natural Shoulder Bag G-142,Bulk_HB,1,$50.00
049347003312,Sage Spirit White Sage Mini Torch,Bulk_HB,2,$13.99
049347003305,Sage Spirit Secrets White Sage Mini Wand (3),Bulk_HB,5,$13.99
770009001123,If You Care #2 Coffee Filters,Bulk_HB,3,$4.69
732913449835,Seventh Generation Dish Lqd. Lime & Gngr 19oz,Bulk_HB,1,$4.99
019962127342,Wondercide Dog Shampoo Bar Hypoallergenic Aloe & Coconut,Bulk_HB,1,$11.39
796515500158,New Wave EnviroStainless Steel Straw 4 Pack,Bulk_HB,5,$9.99
749174095145,Ecos Vegetable Wash,Bulk_HB,1,$5.99
812647015206,Chico Bag coral stripe,Bulk_HB,1,$11.49
897580001295,Sunbeam Candles Tapers Hunter Green (1 Pair Hanging),Bulk_HB,3,$10.29
736902284445,Terra Headband Set,Bulk_HB,2,$7.95
619011956598,Terra Jewelry Sleeve Set (3),Bulk_HB,3,$12.95
619011956574,Terra Sport Cosmetic Bag Medium,Bulk_HB,2,$9.95
,Terra Sport  Bagguette,Bulk_HB,1,$13.95
053796404767,RSVP Scrubby Cloths 3ct,Bulk_HB,1,$8.99
860002989112,Moso Natural Air Purifying Bag 600 grms,Bulk_HB,1,$16.99
788832000091,GladRags Organic Night Pad,Bulk_HB,1,$16.59
760860281086,Aloha Bay Votive Rainbow Candle In Glass Holder,Bulk_HB,12,$4.69
752830883673,Skoy Scrub 2 ct. Gray,Bulk_HB,2,$10.69
028901100933,Norpro Compost Keeper Filter set,Bulk_HB,1,$5.59
9351383000318,Boody Crop Leggings Black Extra Large,Bulk_HB,1,$17.99
9351383008758,Mens Boody T-Shirt V-Neck Black Small,Bulk_HB,1,$20.99
9351383008871,Mens Boody T-Shirt V-Neck Dark Marl Small,Bulk_HB,2,$20.99
9351383008901,Mens Boody T-Shirt V-Neck Dark Marl X Large,Bulk_HB,1,$20.99
9351383008789,Mens Boody T-Shirt V-Neck Black X Large,Bulk_HB,1,$20.99
760702285753,wool killington mountain hiker dark green large maggie's,Bulk_HB,3,$21.99
760702285739,wool killington mountain hiker raspberry large maggie's,Bulk_HB,3,$21.69
760702120641,cotton ragg sock navy medium maggie's,Bulk_HB,3,$11.99
760702120603,cotton ragg sock solid chestnut medium maggie's,Bulk_HB,1,$11.99
781723720030,Fino French Press Chrome 8 Cup,Bulk_HB,2,$28.99
760702120672,cotton ragg sock solid olive large maggie's,Bulk_HB,2,$11.99
760702120658,cotton ragg sock navy large maggie's,Bulk_HB,3,$11.99
760702120535,cotton ragg sock heathered purple large maggie's,Bulk_HB,4,$11.99
760702120627,cotton ragg sock solid purple medium maggie's,Bulk_HB,2,$11.99
810037351866,socks that save lgbtq lives grey SMALL,Bulk_HB,2,$14.99
810037351491,socks that protect monkeys SMALL,Bulk_HB,1,$13.99
749174099181,Earth Friendly ECOS Pet Wipes,Bulk_HB,5,$4.69
,Mountain Rose Bulk Soap Nuts,Bulk_HB,1,$10.99
760702120832,cotton ragg sock solid taupe large maggie's,Bulk_HB,1,$11.99
760702290672,wool crew heatherd rosewood medium maggie's,Bulk_HB,3,$16.99
732913228331,Seventh Generation Fabric Softener 32 oz Free & Clear,Bulk_HB,3,$7.39
788832003955,GladRags Thong Panty Liners (3) Assorted Colors,Bulk_HB,5,$24.49
732913228348,Seventh Generation Fabric Softener 32 oz Lavender,Bulk_HB,3,$8.29
810029131391,World Centric Container & Lid Compostible 32 oz 5ct,Bulk_HB,9,$4.69
810029131407,World Centric Container & Lid Compostible 48 oz 5ct,Bulk_HB,3,$5.19
846396095691,Enviroscent Scent Stix Refills Lavender,Bulk_HB,2,$9.99
846396095707,Enviroscent Scent Stix Refills Spring,Bulk_HB,2,$9.99
860495001308,Top The Organic Tampon Compact Applicator Super 16 ct.,Bulk_HB,1,$7.99
851871008486,Eco Vessel Boulder 20 oz Northern Lights,Bulk_HB,1,$19.54
851871008479,Eco Vessel Boulder 20 oz Lavender,Bulk_HB,3,$23.89
851871008967,Eco Vessel S.S. Wander Ware Utensil  Set Rainbow,Bulk_HB,1,$19.99
851871008806,Eco Vessel S.S. Wander Ware Utensil  Set Black Shawdow,Bulk_HB,1,$20.19
850015732829,Eco Vessel Boulder 20 oz Summer Sun,Bulk_HB,2,$20.31
850015732928,Eco Vessel Splash 12 oz  Underwater,Bulk_HB,1,$8.92
702865478221,Eco Vessel S.S. Splash 12 oz  Camping,Bulk_HB,1,$10.49
781723437556,"HIC Carrara Marble Mortar & Pestle 4""",Bulk_HB,2,$17.89
786035000443,Jade and Pearl Sea Pearl Sponge Tampons Multi Pack,Bulk_HB,1,$27.19
810119021649,Full Circle Dish Cloths 3 ct Gray,Bulk_HB,3,$10.39
815369014830,Cadia Paper Towels Recycled Single,Bulk_HB,18,$2.59
760702290658,wool crew heathered dove medium maggie's,Bulk_HB,3,$16.99
760702290689,wool crew heathered rosewood large maggie's,Bulk_HB,2,$16.99
760702290696,wool crew heathered cornflower medium maggie's,Bulk_HB,1,$16.99
760702290702,wool crew heathered cornflower large maggie's,Bulk_HB,3,$16.99
760702280017,wool snuggle heathered dove large socks maggie's,Bulk_HB,1,$16.99
815369012553,Cadia Dish Soap Liquid Free & Clear Unscented  25 oz,Bulk_HB,6,$5.19
628451738459,Caboo Bath Tissue Single Roll,Bulk_HB,44,$2.29
717256000608,Biokleen Liq. Laundry 32oz Citrus,Bulk_HB,1,$10.49
899962000025,Tru Earth Laundry Detergent Strips 32 Loads Baby,Bulk_HB,12,$18.39
747356874588,Evolution Salt Lamp Night Light Moon,Bulk_HB,2,$14.99
760702008079,arm warmer ribbed raisin,Bulk_HB,2,$22.49
760702008062,arm warmer ribbed black,Bulk_HB,1,$22.49
760702008086,arm warmer ribbed blue,Bulk_HB,3,$22.49
760702865122,cushion dress herringbone bl xl maggie's,Bulk_HB,3,$11.99
632634400002,Ark Naturals Pet Toothpaste Chewable,Bulk_HB,2,$17.69
813199010541,Green2   Bath Tissue 12 2ply,Bulk_HB,1,$19.99
9351347000002,Patch Bandages Adhesive Strips Natural exp 3/23,Bulk_HB,1,$5.59
899962000001,Tru Earth Laundry Detergent Eco Strips 32 Loads Fresh Linen,Bulk_HB,7,$18.39
087052725891,Veggie Wash Spray Org 16oz,Bulk_HB,1,$6.99
788832003856,GladRags Thong Panty Liners (3) Organic Un-Dyed,Bulk_HB,3,$25.99
760702491055,cotton sport crew white medium,Bulk_HB,1,$10.99
760702481025,cotton sport crew white extra large,Bulk_HB,1,$10.99
760702481032,cotton sport crew black extra large,Bulk_HB,2,$10.99
760702499952,cotton sport crew black medium,Bulk_HB,1,$10.99
760702290023,wool urban trail ankle dark green medium,Bulk_HB,4,$12.99
760702290030,wool urban trail ankle dark green large,Bulk_HB,5,$12.99
760702290054,wool urban trail ankle dark purple large,Bulk_HB,1,$12.99
760702290047,wool urban trail ankle dark purple medium,Bulk_HB,1,$12.99
760702290009,wool urban trail ankle dark black medium,Bulk_HB,3,$11.99
760702290016,wool urban trail ankle dark black large,Bulk_HB,5,$12.99
749174097217,Ecos Dishmate Liquid Dish soap Free & Clear 25oz,Bulk_HB,6,$5.79
850041915951,"Sunbeam Candles Beeswax Votive  Lmgrass, Sage, Ginger (orange)",Bulk_HB,10,$3.99
897580001288,"Sunbeam Candles 2"" x 6"" Manifestation Meditation",Bulk_HB,1,$20.00
897580001226,"Sunbeam Candles 2"" x 6"" Manifestation Goddess",Bulk_HB,3,$20.00
767963150936,Coffee Filter Pour Over Stainless Steel,Bulk_HB,1,$21.59
899962000018,Tru Earth Laundry Detergent Strips 32 Loads No Scent,Bulk_HB,2,$17.29
724773109011,"Greener Things Boxed 3"" Mesh Tea Ball",Bulk_HB,1,$3.99
9351383100117,Boody Full Leggings Black XSmall,Bulk_HB,4,$23.00
9351383056926,Boody Women's Ribbed Turtleneck Long Sleeve Black Small,Bulk_HB,1,$45.97
9340447048687,Boody Women's V-Neck T-Shirt Black Medium,Bulk_HB,1,$29.99
9351383018917,Boody Women's V-Neck T-Shirt Dark Marl Grey Large,Bulk_HB,1,$29.99
9351383009168,Boody Tank Top Black XLarge,Bulk_HB,1,$13.99
,cotton ragg sock solid navy medium maggie's,Bulk_HB,3,$11.99
760702282059,wool snuggle reindeer dove medium socks maggie's,Bulk_HB,1,$16.99
760702282066,wool snuggle reindeer dove large socks maggie's,Bulk_HB,1,$16.99
760702282042,wool snuggle reindeer black large socks maggie's,Bulk_HB,3,$17.99
817939016497,Method Dryer Sheets Beach Sage,Bulk_HB,5,$8.49
760702282257,wool snuggle penguin taupe socks MEDIUM maggie's,Bulk_HB,3,$17.99
850041915029,Sunbeam Candles Beeswax Votive Gratitude (Dark Red),Bulk_HB,2,$3.99
746241284174,Andes Gifts Cusco Hat,Bulk_HB,4,$23.59
804879046417,Andes Gifts Hat Milkshake,Bulk_HB,4,$21.99
746241245984,Andes Gifts Hat Pacha,Bulk_HB,2,$23.59
746241263650,Andes Gifts Hat Cloud,Bulk_HB,3,$23.59
746241216540,Andes Gifts Ornament,Bulk_HB,4,$9.49
804879573968,Andes Gifts Gloves Milkshake,Bulk_HB,2,$21.99
736133110018,Eco Bags String Bag Tote Mango,Bulk_HB,2,$9.99
760702006136,arm warmer sweater raisin,Bulk_HB,2,$24.99
760702006129,arm warmer sweater blue,Bulk_HB,2,$24.99
760702006112,arm warmer sweater black,Bulk_HB,1,$24.99
760702029036,beret camel maggie's,Bulk_HB,4,$19.99
760702008666,beret charcoal maggie's,Bulk_HB,3,$19.99
760702012960,beret blue maggie's,Bulk_HB,3,$19.99
,Sunbeam Candles Beeswax Votive Meditation(Orange),Bulk_HB,2,$3.99
850041915043,Sunbeam Candles Manifestation  Healing  Votive  (Dark Green),Bulk_HB,2,$3.99
850041915265,Sunbeam Candles Beeswax Evergreen Tree (Natural),Bulk_HB,5,$18.00
857383002400,Sunbeam Candles Tapers BLUE,Bulk_HB,6,$10.29
749174097033,Ecos Toilet Bowl Cleaner Cedar,Bulk_HB,1,$5.29
,"wooden heart spoon small 7""",Bulk_HB,9,$8.99
,"wooden heart spoon large 12""",Bulk_HB,18,$12.99
,felted wool heart small and medium each,Bulk_HB,106,$3.49
850024701298,Molly Suds  Dryer Sheets Lavender  120 ct,Bulk_HB,8,$15.99
746241288066,Andes Gifts Hat Kunu,Bulk_HB,1,$21.99
746241233646,Andes Gifts Hat Inca,Bulk_HB,3,$26.89
850041915487,Sunbeam Candles Beeswax  Wise Owl Black,Bulk_HB,1,$18.00
,bee SMALL felted wool each (no string),Bulk_HB,18,$3.99
,felted wool heart rainbow garland house of moss,Bulk_HB,1,$19.99
851669008070,Honey Pot Sensitive Feminine Wipes 30 ct,Bulk_HB,3,$12.49
,Solar Eclipse Glasses,Bulk_HB,7,$1.99
075492000036,"Blackwood Canned Dog Food Turkey, Liver, & Pumpkin 13oz",Bulk_HB,29,$2.99
850041915401,Sunbeam Eggs  6ct Carton,Bulk_HB,2,$24.00
,felted mushroom single (no string),Bulk_HB,2,$3.99
852835006418,Molly's Suds  Sink Scrub,Bulk_HB,2,$15.79
810037357912,socks that protect oceans jellyfish MEDIUM,Bulk_HB,3,$14.99
810037354126,socks that save lgbtq lives pink lips MEDIUM,Bulk_HB,3,$14.99
810037355628,socks that save lgbtq lives footie unicorn MEDIUM,Bulk_HB,3,$13.99
810037355642,socks that protect owls footie MEDIUM,Bulk_HB,1,$13.99
810037358766,socks that give books SMALL,Bulk_HB,3,$14.99
810037358759,socks that give books MEDIUM,Bulk_HB,4,$14.99
782126003126,Natracare Cotton Panty Liners Wrapped  18ct,Bulk_HB,4,$4.79
810037355611,socks that save cats ankle MEDIUM,Bulk_HB,2,$13.99
810037356502,socks that save cats ankle SMALL,Bulk_HB,1,$13.99
810037354218,socks that support self checks MEDIUM,Bulk_HB,1,$14.99
850030078179,ECO Dry Bike Lube 3.2oz,Bulk_HB,2,$7.59
639713990904,Evolution Salt Lamp Sphere White,Bulk_HB,1,$39.99
852841008185,Ingredients Matter Laundry Powder 30 Loads Fragrance Free,Bulk_HB,10,$14.99
852841008192,Ingredients Matter Laundry Powder  60 Loads Lavender,Bulk_HB,6,$19.99
852841008215,Ingredients Matter Laundry Powder  60 Loads Lemongrass,Bulk_HB,7,$19.99
812647016029,Chico Bag rePETe Sling obsidian,Bulk_HB,1,$11.49
812647016043,Chico Bag rePETe Sling sapphire,Bulk_HB,2,$11.49
812647016036,Chico Bag rePETe Sling sage,Bulk_HB,1,$11.49
812647013660,Chico Bag vita boysenberry,Bulk_HB,1,$9.99
850041915647,Sunbeam Candles Everything Under the Sun,Bulk_HB,1,$14.00
850041915531,Sunbeam Goddess Fertility Goddess  Venus (Willendorf) (Black),Bulk_HB,4,$16.00
850041915593,Sunbeam Candles Amber Jar Citronella,Bulk_HB,6,$13.69
840658000799,Tru Earth Toilet Bowl Cleaner  Strips,Bulk_HB,7,$13.49
028901055219,SS Mesh Tea Strainer W/Tea Pot Handle,Bulk_HB,1,$8.19
840658000683,Tru Earth Laundry Detergent Strips 32 Loads Lilac,Bulk_HB,2,$18.39
869772000058,Portland Pet Food Dog Treats Pumpkin Biscuits  5 oz,Bulk_HB,2,$8.79
850043735304,hip and joint pet CBD 10mg,Bulk_HB,3,$18.99
810037355673,socks that protect bats MEDIUM,Bulk_HB,1,$14.99
810037356649,socks that save lgbtq lives footie unicorn SMALL,Bulk_HB,2,$13.99
810037354690,kids socks that save lgbtq lives purple unicorn YOUTH,Bulk_HB,1,$12.99
810037354614,kids socks that protect polar bears PRESCHOOL,Bulk_HB,1,$12.99
810037354638,kids socks that protect polar bears YOUTH,Bulk_HB,1,$12.99
810119022967,Full Circle Tenacious C Cast Iron Brush,Bulk_HB,3,$13.49
,felted wool mr. pumpkin head freshener ornament,Bulk_HB,1,$6.99
,felted wool eyeball freshener ornament,Bulk_HB,9,$6.99
,bee LARGE felted wool freshener ornament on a STRING,Bulk_HB,8,$6.99
,mushroom toadstool red felted wool freshener ornament on a STRING,Bulk_HB,16,$6.99
,mushroom toadstool felted wool freshener ornament SET OF 3 in a cloth BAG friendsheep,Bulk_HB,3,$15.99
810037357318,socks that protect national parks MEDIUM,Bulk_HB,4,$14.99
,"wooden cat spoon small 7""",Bulk_HB,3,$8.99
850041915548,Sunbeam Candle Grande Rose(Black),Bulk_HB,2,$29.00
,Sunbeam Candles Beeswax Pillar  Black  2x6,Bulk_HB,1,$16.00
850041915586,Sunbeam Pumpkin Jack-o-Lantern BLACK,Bulk_HB,3,$20.00
899484002316,E-Cloth Window Dusting Cloth,Bulk_HB,3,$7.49
810037355840,socks that protect bees MEDIUM,Bulk_HB,1,$14.99
746241282903,Andes Gifts Alpaca Ear Warmer,Bulk_HB,2,$18.89
,felted wool ghost white freshener ornament friendsheep,Bulk_HB,2,$6.99
,felted wool screaming ghost black freshener ornament,Bulk_HB,3,$6.99
,felted wool skeleton muertos freshener ornament,Bulk_HB,4,$6.99
,unicorn or llama wool felt freshener ornament,Bulk_HB,7,$6.99
760702282134,wool snuggle lone deer black MEDIUM socks maggie's,Bulk_HB,1,$16.99
781723971456,Bamboo 3Piece Spoon Set,Bulk_HB,2,$6.69
850041915104,"Sunbeam Candles 2"" x 6"" Manifestation Birthday",Bulk_HB,3,$20.00
600310974666,Green Generation Bamboo Bath Tissue 12 Pack 3 Ply,Bulk_HB,2,$21.29
600310974673,Green Generation Bamboo Facial Tissue Cube 12 Pack 3 Ply,Bulk_HB,2,$3.39
850041915258,Sunbeam Candles Ceramic Pine Needles,Bulk_HB,1,$24.00
746241239716,Andes Gifts Hat Cascade,Bulk_HB,4,$21.99
869772000041,Portland Pet Food Dog Treats Bacon Biscuits  5 oz,Bulk_HB,1,$8.79
724773109080,Celestial Tea Infuser,Bulk_HB,1,$7.39
781723221285,HIC  Herb/Tea Infuser Pod,Bulk_HB,3,$8.29
,Sunbeam Candle Grande Rose (Pink),Bulk_HB,2,$29.00
849547021174,Birdie & Louie Cat Food  Tuna Tuesday Can 3 oz,Bulk_HB,13,$1.79
859610007660,Blue Buffalo Cat Food Wilderness Salmon 5.5 oz,Bulk_HB,24,$2.89
850041915685,Sunbeam Candles Beeswax Small Pink Heart,Bulk_HB,9,$6.99
702865478085,Eco Vessel  Boulder Aqua Breeze 24 oz,Bulk_HB,1,$22.09
760702555443,cotton allergy crew natural x-large maggie's,Bulk_HB,2,$8.99
760702555481,cotton allergy crew black x-large maggie's,Bulk_HB,3,$7.99
661646371864,wool felted monarch butterfly ornament freshener,Bulk_HB,7,$11.99
011586972674,wool felted human heart ornament freshener,Bulk_HB,4,$11.99
810037351040,socks that support mental health clouds MEDIUM,Bulk_HB,2,$14.99
810037358230,socks that protect turtles MEDIUM,Bulk_HB,1,$14.99
,felted wool heart mini ornament set of 5,Bulk_HB,1,$19.99
,"felted baby easter bunny rabbit brown, grey or white",Bulk_HB,3,$6.49
,felted easter peep bunny rabbit pink,Bulk_HB,7,$3.99
,felted easter egg with floral design,Bulk_HB,16,$3.99
9351383086930,Boody Brief Boyleg Black Large,Bulk_HB,1,$10.00
9351383100339,Boody Padded Bra Black X-Small,Bulk_HB,1,$16.00
9351383100216,Boody Full Brief Black Extra Small,Bulk_HB,1,$11.00
736133110124,Eco bags String Bag Short Tote Handle Black,Bulk_HB,1,$6.99
017500044038,Bon Ami Polisher & Cleanser,Bulk_HB,9,$2.99
812647012380,Chico Bag vita dandelion,Bulk_HB,1,$11.49
849547022942,Birdie & Louie Cat Food 12- 3 oz Cans,Bulk_HB,6,$21.99
,Large Swift-Lite/De Lites Charcoals,Bulk_HB,7,$2.49
628451738664,Caboo Bath Tissue 4 Pack,Bulk_HB,1,$7.69
628451738701,Caboo Paper Towel Roll Single,Bulk_HB,6,$5.29
818336012792,"I & Love & You  Dog Food  Chicken, Sweet Potato & Bone Broth 4#",Bulk_HB,4,$25.89
,I & Love & You  Dog Food  Chicken & Duck 4#,Bulk_HB,4,$9.00
818336010170,I & Love & You  Dog Food  Beef Booyah Stew  13 oz Can,Bulk_HB,6,$3.69
818336010187,I & Love & You  Dog Food  Gobble It Up  Stew  13 oz Can,Bulk_HB,12,$3.69
,I & Love & You  Dog Food  Cluckin Good   Stew  13 oz Can,Bulk_HB,12,$3.69
818336011962,I & Love & You  Dog Food  Moo Moo Venison  13 oz Can,Bulk_HB,9,$3.69
818336011900,I & Love & You  Cat Food  Salmon Pate Can 3 oz,Bulk_HB,24,$1.39
818336010217,I & Love & You  Cat Food  Beef Right Meow Pate  Can 3 oz,Bulk_HB,24,$1.39
818336012020,I & Love & You  Cat Food  Chicky-Da-Lish Can 3 oz,Bulk_HB,3,$1.39
818336010224,I & Love & You  Cat Food   Chicken Me Out Pate Can 3 oz,Bulk_HB,15,$1.39
818336010231,I & Love & You  Cat Food  Oh My Cod Pate  Can 3 oz,Bulk_HB,18,$1.39
818336010026,I & Love & You  Dog Chew  Beef  Ear Candy,Bulk_HB,2,$15.89
818336010033,I & Love & You  Dog Chew  Beef  Bully Stik,Bulk_HB,4,$21.37
818336011801,I & Love & You  Dog Chew  Beef  Gullet Stik,Bulk_HB,1,$6.99
663204358362,Zum all purpose cleaner Sea Salt 16oz,Bulk_HB,3,$5.69
663204358379,Zum all purpose cleaner Lavender 16oz,Bulk_HB,2,$5.69
810037354386,socks that protect flamingos SMALL,Bulk_HB,2,$14.99
810037355659,socks that protect bald eagles MEDIUM,Bulk_HB,1,$14.99
810037359749,socks that protect bees ankle MEDIUM,Bulk_HB,1,$13.99
810037359763,socks that protect butterflies ankle MEDIUM,Bulk_HB,1,$13.99
810037353259,socks that save dogs ankle MEDIUM,Bulk_HB,6,$13.99
810037353266,socks that save dogs ankle SMALL,Bulk_HB,1,$13.99
810037359848,socks that protect elephants MEDIUM,Bulk_HB,2,$14.99
810037359855,socks that protect elephants SMALL,Bulk_HB,1,$14.99
663204210516,Zum Goat Milk Bar Soap  Frankincense & Myrrh 3 oz,Bulk_HB,6,$6.19
663204210981,Zum Goat's Milk Bar Soap  Sea Salt 3 oz,Bulk_HB,6,$6.19
724773109073,Greener Things Boxed Large Mesh Tea Ball,Bulk_HB,3,$7.29
628451857044,The Unscented Company 135oz,Bulk_HB,1,$25.99
818336011849,I & Love & You  Dog Food Grain Free Chicken and Duck 4# best by 1/20/26,Bulk_HB,3,$10.00
810037354140,socks that save lgbtq lives popsicles SMALL,Bulk_HB,1,$14.99
810037359725,socks that protect songbirds footie MEDIUM,Bulk_HB,3,$13.99
810037359732,socks that protect songbirds footie SMALL,Bulk_HB,2,$13.99
810037356632,socks that protect foxes footie SMALL,Bulk_HB,2,$13.99
810037355635,socks that protect foxes footie MEDIUM,Bulk_HB,1,$13.99
810037353273,socks that save lgbtq lives footie rainbows MEDIUM,Bulk_HB,2,$13.99
810037353280,socks that save lgbtq lives footie rainbows SMALL,Bulk_HB,2,$13.99
,Sunbeam Candles 2 /3 Manifestation Birthday,Bulk_HB,2,$20.00
,Sunbeam Candles 2x 3 Transformation Pillar,Bulk_HB,2,$12.40
850041915319,"Sunbeam Candles 2"" x 3"" Manifestation Birthday",Bulk_HB,2,$12.00
782126003256,Natracare Ultra Extra  Pads Normal w/ wings12 ct.,Bulk_HB,4,$7.29
782126003287,Natracare Ultra Extra  Pads Super w/ wings 10ct.,Bulk_HB,4,$5.69
810037359718,socks that protect bats ankle SMALL,Bulk_HB,3,$13.99
810037359701,socks that protect bats ankle MEDIUM,Bulk_HB,2,$13.99
810037357073,socks that give books planets MEDIUM,Bulk_HB,1,$14.99
810037355680,socks that protect bats SMALL,Bulk_HB,1,$14.99
810037359411,socks that protect pandas MEDIUM,Bulk_HB,1,$14.99
810037356830,socks that save dogs blue MEDIUM,Bulk_HB,1,$14.99
760702406462,leggings blackout ankle MEDIUM maggie's,Bulk_HB,3,$45.99
760702406455,leggings blackout ankle SMALL maggie's,Bulk_HB,2,$42.99
760702406479,leggings blackout ankle LARGE maggie's,Bulk_HB,3,$45.99
760702406486,leggings blackout ankle XTRA LARGE maggie's,Bulk_HB,3,$42.99
760702406493,leggings blackout ankle XX-TRA LARGE maggie's,Bulk_HB,2,$42.99
760702404673,leggings blackout shorts LARGE maggie's,Bulk_HB,5,$33.99
760702404659,leggings blackout shorts SMALL maggie's,Bulk_HB,2,$33.99
011586976580,wool felted Sally ornament freshener,Bulk_HB,2,$15.99
760702291006,footie lightweight gold MEDIUM maggie's,Bulk_HB,4,$8.49
760702291013,footie lightweight gold LARGE maggie's,Bulk_HB,4,$8.49
760702290962,footie lightweight red MEDIUM maggie's,Bulk_HB,3,$8.49
760702290979,footie lightweight red LARGE maggie's,Bulk_HB,5,$8.49
760702290986,footie lightweight denim MEDIUM maggie's,Bulk_HB,3,$8.49
760702290900,footie lightweight natural MEDIUM maggie's,Bulk_HB,3,$8.49
760702290917,footie lightweight natural LARGE maggie's,Bulk_HB,3,$8.49
858388007087,Genial Day Liners Anion 18 CT Liners,Bulk_HB,2,$6.99
858388007070,Genial Day Postpartum Flow Pads 6 CT,Bulk_HB,5,$5.69
856940006004,Genial Day Super Absorbent Heavy Flow 8 CT Pads,Bulk_HB,2,$5.69
850024701380,Molly's Suds  Activewear Laundry Powder 120 Loads,Bulk_HB,2,$26.99
850024701489,Molly's Suds  Baby Laundry Powder 120 Loads,Bulk_HB,2,$26.99
011586972568,wool felted praying mantis ornament freshener,Bulk_HB,1,$11.99
,felted wool pumpkin,Bulk_HB,8,$3.49
,"wooden branch spoon small 7""",Bulk_HB,4,$8.99
760702282356,wool snuggle berry stripe navy socks MEDIUM maggie's,Bulk_HB,1,$17.99
760702282363,wool snuggle berry stripe navy socks LARGE maggie's,Bulk_HB,1,$17.99
760702282325,wool snuggle polar bear stripe black LARGE maggie's,Bulk_HB,2,$17.99
760702282301,wool snuggle polar bear stripe taupe LARGE maggie's,Bulk_HB,1,$17.99
760702282295,wool snuggle polar bear stripe taupe MEDIUM maggie's,Bulk_HB,6,$17.99
760702282332,wool snuggle berry stripe natural socks MEDIUM maggie's,Bulk_HB,2,$17.99
760702282394,wool snuggle twinkle toes green socks MEDIUM maggie's,Bulk_HB,5,$17.99
760702282400,wool snuggle twinkle toes green socks LARGE maggie's,Bulk_HB,2,$17.99
760702282370,wool snuggle twinkle toes wine socks MEDIUM maggie's,Bulk_HB,5,$17.99
760702282387,wool snuggle twinkle toes wine socks LARGE maggie's,Bulk_HB,1,$17.99
810037357080,socks that give books planets SMALL,Bulk_HB,2,$14.99
840481200335,socks that protect pandas LARGE,Bulk_HB,2,$14.99
810037353037,socks that protect sloths LARGE,Bulk_HB,4,$14.99
,Emily's Bar None Dish Soap,Bulk_HB,2,$9.29
760702560669,cotton crew tri-pak navy natural black LARGE maggie's,Bulk_HB,3,$21.99
760702291075,cotton scallop quarter sock blush MEDIUM maggie's,Bulk_HB,2,$8.99
760702291112,cotton scallop quarter sock turmeric MEDIUM maggie's,Bulk_HB,2,$8.99
760702291136,cotton scallop quarter sock bay MEDIUM maggie's,Bulk_HB,2,$8.99
760702291051,cotton scallop quarter sock white MEDIUM maggie's,Bulk_HB,4,$8.99
850041915982,"Sunbeam Candles Beeswax Votive Frankincense, Bergamont &Orange (dark red)",Bulk_HB,1,$3.99
850041915845,Sunbeam Candles Jar Autumn Porridge,Bulk_HB,2,$13.19
850041915852,Sunbeam Candles Jar Farmhouse Cider,Bulk_HB,2,$13.19
850041915869,Sunbeam Candles Jar Pumpkin & Spice,Bulk_HB,3,$13.19
042563606756,Field Day Aluminum Foil 50 sq. ft.,Bulk_HB,35,$4.99
732913451661,Seventh Generation  Toilet Cleaner 24 oz,Bulk_HB,5,$6.49
812647013646,Chico Bag Vita Red,Bulk_HB,2,$9.99
745528700406,wool crew mushrooms MEDIUM woolen kin,Bulk_HB,3,$23.99
,wool crew bee LARGE woolen kin,Bulk_HB,2,$23.99
,wool crew bee SMALL woolen kin,Bulk_HB,2,$23.99
745528700505,wool crew bee MEDIUM woolen kin,Bulk_HB,2,$23.99
745528700635,wool crew arctic night LARGE woolen kin,Bulk_HB,3,$23.99
745528700642,wool crew arctic night EXTRA LARGE woolen kin,Bulk_HB,1,$23.99
850024701311,Molly's Suds Dryer Sheets Unscented 120 Pack,Bulk_HB,5,$14.59
781723510037,Mrs. Andersons Mini Tool Set,Bulk_HB,2,$6.69
760702407049,leggings base layer black XX LARGE maggie's,Bulk_HB,2,$27.99
843648021583,Cookie Pal Dog Biscuits Peanut Butter 10oz,Bulk_HB,3,$6.99
645748040217,wool felted  Santa Jack Skellington ornament freshener,Bulk_HB,3,$16.99
8656021112356,wool socks Mongolia sheep's wool  ALL SIZES silk road,Bulk_HB,6,$13.99
760702557331,cotton geometric sock black large maggie's,Bulk_HB,2,$15.99
760702557317,cotton geometric sock natural large maggie's,Bulk_HB,3,$15.99
684963010384,wool felted books  ornament freshener,Bulk_HB,1,$14.99
843425114354,card mini dragonfly,Bulk_HB,3,$3.99
843425108698,card mini moon,Bulk_HB,11,$3.99
818186017473,card mini penguins,Bulk_HB,1,$3.99
818186013802,card mini rose,Bulk_HB,3,$3.99
843425114187,card mini sonwflake,Bulk_HB,2,$3.99
843425112299,card mini butterfly,Bulk_HB,3,$3.99
818186010665,hamsa hand greeting card,Bulk_HB,9,$7.99
843425106380,card tree of life,Bulk_HB,7,$7.99
843425111148,lavender greeting card,Bulk_HB,8,$7.99
843425105789,floral heart greeting card,Bulk_HB,4,$7.99
850041915876,Sunbeam Candles Jar Gingerbread,Bulk_HB,1,$13.19
850041915883,Sunbeam Candles Jar Sugar Plum,Bulk_HB,2,$13.19
850041915715,Sunbeam Candles Beeswax Angel,Bulk_HB,1,$19.00
850041915722,Sunbeam Candles Brown Pine Cone Large,Bulk_HB,2,$23.00
760702557324,cotton geometric sock black MEDIUM maggie's,Bulk_HB,1,$15.99
760702557300,cotton geometric sock natural MEDIUM maggie's,Bulk_HB,2,$15.99
843425113272,winter chickadee greeting card,Bulk_HB,1,$7.99
843425101699,winter tree greeting card,Bulk_HB,4,$7.99
843425116693,cottage moth greeting card,Bulk_HB,6,$7.99
818186012898,two cats greeting card,Bulk_HB,3,$7.99
818186014021,heart love greeting card,Bulk_HB,5,$7.99
843425112749,card mini candy canes,Bulk_HB,6,$3.99
843425104812,card mini honey bee,Bulk_HB,10,$3.99
818186012461,card mini owl,Bulk_HB,8,$3.99
843425112312,card mini sea turtle,Bulk_HB,9,$3.99
843425108612,card mini colorful heart,Bulk_HB,5,$3.99
859874007192,Bee Lucia Wellness Candles Enlightened,Bulk_HB,2,$12.30
859874007079,Bee Lucia Wellness Candles Inspired,Bulk_HB,3,$12.30
859874007246,Bee Lucia Wellness Candles Uplifted,Bulk_HB,3,$12.30
859874007147,Bee Lucia Wellness Candles Awakened,Bulk_HB,2,$12.30
859874007086,Bee Lucia Wellness Candles Loved,Bulk_HB,3,$12.30
859874007062,Bee Lucia Wellness Candles Relaxed,Bulk_HB,3,$12.30
859874007260,Bee Lucia Wellness Candles Evergreen Forest (limited),Bulk_HB,2,$12.30
859874007260,Bee Lucia Wellness Candles Orange Allspice (limited),Bulk_HB,3,$12.30
810037355697,socks that save dogs surfing pups MEDIUM,Bulk_HB,4,$14.99
810037358773,socks that give books heiroglyphics MEDIUM,Bulk_HB,4,$14.99
810037358551,socks that protect bison MEDIUM,Bulk_HB,2,$14.99
810037358568,socks that protect bison SMALL,Bulk_HB,2,$14.99
,wool low cut crew white alpine forest deer LARGE woolen kin,Bulk_HB,3,$24.99
,wool low cut crew black boho swirl LARGE woolen kin,Bulk_HB,3,$21.99
,wool low cut crew black boho swirl MEDIUM woolen kin,Bulk_HB,3,$21.99
,wool low cut crew black boho swirl SMALL woolen kin,Bulk_HB,1,$21.99
,wool low cut crew black cat purrs and petals SMALL woolen kin,Bulk_HB,1,$21.99
,wool low cut crew black cat purrs and petals MEDIUM woolen kin,Bulk_HB,2,$21.99
,wool low cut crew black cat purrs and petals LARGE woolen kin,Bulk_HB,2,$21.99
840481200793,socks that protect sea turtles SMALL,Bulk_HB,2,$14.99
760702291099,cotton scallop quarter sock lavender MEDIUM maggie's,Bulk_HB,2,$8.99
860198000349,Meliora Dish Soap Block  Lemon 7 oz,Bulk_HB,3,$10.99
860198000332,Meliora Dish Soap Block  Unscented 7 oz,Bulk_HB,3,$10.99
760702290771,cotton crew lightweight turmeric MED maggie's,Bulk_HB,3,$8.99
760702290825,cotton crew lightweight infinity blue LARGE maggie's,Bulk_HB,3,$8.99
760702290801,cotton crew lightweight bay LARGE maggie's,Bulk_HB,3,$8.99
760702480127,footie navy solid 9-11 maggie's,Bulk_HB,3,$7.99
843425112282,card mini monarch butterfly milkweed,Bulk_HB,6,$3.99
818186010153,card mini pink lotus,Bulk_HB,6,$3.99
843425108803,card mini mermaid,Bulk_HB,6,$3.99
818186013901,card mini ladybug,Bulk_HB,6,$3.99
843425112329,card mini sunflower bouquet,Bulk_HB,6,$3.99
843425114361,card mini bluebird,Bulk_HB,5,$3.99
843425104799,card mini bluebird fireflies,Bulk_HB,6,$3.99
818186013833,card mini red tulips,Bulk_HB,6,$3.99
843425114347,card mini red tulip field,Bulk_HB,6,$3.99
843425112299,card mini blue butterfly,Bulk_HB,6,$3.99
843425113906,soaring eagle greeting card,Bulk_HB,6,$7.99
843425111100,monarch milkweed greeting card,Bulk_HB,6,$7.99
843425117164,peacock pair greeting card,Bulk_HB,6,$7.99
843425107516,dragonfly greeting card,Bulk_HB,5,$7.99
843425116099,pink rose i love you greeting card,Bulk_HB,6,$7.99
843425110721,cherry blossoms greeting card,Bulk_HB,6,$7.99
843425106267,wild mushroom greeting card,Bulk_HB,5,$7.99
,owlets greeting card,Bulk_HB,6,$7.99
,fireflies greeting card,Bulk_HB,6,$7.99
843425105819,crescent moon greeting card,Bulk_HB,6,$7.99
818186014854,red roses greeting card,Bulk_HB,6,$7.99
,plush pansies MEDIUM woolen kin,Bulk_HB,3,$22.99
745528698956,kaleidoscope wool socks MEDIUM woolen kin,Bulk_HB,2,$25.99
745528698291,cranberry delight wool socks MEDIUM woolen kin,Bulk_HB,2,$25.99
745528698239,cranberry delight wool socks LARGE woolen kin,Bulk_HB,3,$25.99
724049511203,cranberry delight wool socks SMALL woolen kin,Bulk_HB,1,$25.99
840481200298,socks that save cats green MEDIUM,Bulk_HB,4,$14.99
840481200304,socks that save cats green SMALL,Bulk_HB,4,$14.99
886817008152,Reveal Cat Food Dry Whitefish Grain Free 3lb,Bulk_HB,3,$17.99
886817008145,Reveal Cat Food Dry Chicken Grain Free 3lb,Bulk_HB,3,$17.99
886817004215,Reveal Cat Food Wet Chicken Breast Grain Free 2.47 oz,Bulk_HB,24,$1.99
886817004215,Reveal Cat Food Wet Tuna Filet Grain Free 2.47 oz,Bulk_HB,24,$1.99
843648042021,Cookie Pal Dog Biscuits Sweet Potato Flaxseed 10oz,Bulk_HB,3,$6.99
856452005342,Bixty Liberty Dry Dog Food  Lamb 4lb,Bulk_HB,6,$20.99
058449590583,Natures Path GF Buckwheat Waffles,Frozen,5,$4.99
095411001265,Natural Choice Mango Fruit Bar Box,Frozen,5,$5.79
833735000065,Quorn Meatless Nuggets,Frozen,15,$7.29
833735000201,Quorn Chick'n Fillets- Naked,Frozen,8,$7.59
042272000586,Amy's Meal Mattar Paneer,Frozen,4,$9.99
042563007805,Woodstock Farms Edamame Shelled,Frozen,8,$4.99
042272000715,Amy's Burrito Bean & Rice  w/ Cheese,Frozen,1,$4.59
042272002603,Amy's Wrap Indian Samosa,Frozen,11,$5.29
042563011079,Woodstock Farms Baby French Beans,Frozen,16,$4.99
025583074613,Tofurky Roast 26oz,Frozen,4,$19.99
833735000164,Quorn Meatless Turk'y Roast,Frozen,13,$12.99
042272000104,Amy's Burger California,Frozen,12,$9.59
025583004634,Tofurky Feast,Frozen,1,$39.99
842234000926,Gardein Turk'y Stuffed,Frozen,2,$10.29
042272014286,Amy's Wrap Breakfast Scramble,Frozen,4,$5.29
042272008018,Amy's  Pizza  Vegan Margherita,Frozen,3,$13.69
024284394112,Sno Pac Mixed  Vegetables Org,Frozen,3,$3.89
032601026080,Earthbound Farm  Blueberries Org 2 lb,Frozen,7,$15.29
021908505077,Cascadian Farms Spinach 10oz.,Frozen,13,$6.39
815369014106,Cadia Cherries Dark Sweet Org 10oz,Frozen,5,$4.69
842234001664,Gardein Fishless Filet 10.1oz,Frozen,9,$7.49
871459001821,Daiya  Pizza Supreme,Frozen,2,$9.49
021908500256,Cascadian Farms French Fries Straight Cut 16oz.,Frozen,8,$7.29
024284538141,Sno Pac Cranberries Org 8 oz,Frozen,15,$4.99
095411001319,Natural Choice Strawberry Fruit Bar box,Frozen,5,$5.79
815369012072,Cadia Mango Org,Frozen,3,$4.59
042563001360,Woodstock Farms Raspberries,Frozen,10,$9.29
815369010924,Cadia Sweet Corn Org 1 lb.,Frozen,13,$5.19
815369011648,Cadia Broccoli Florets Org 16 oz,Frozen,15,$4.69
042272001033,Amy's  Pizza Roasted Veggie  12oz,Frozen,8,$14.99
815369011563,Cadia Pizza 4 Cheese Org,Frozen,1,$10.79
833735000126,Quorn Meatless Chicken Pieces,Frozen,8,$6.39
042563007478,Woodstock Farms Shiitake Mushrooms,Frozen,11,$4.99
021908501871,Cascadian Farms Potatoes Spud Puppies16oz.,Frozen,10,$7.39
854430002376,Tres Latin Black Bean & Sweet Corn Pupusa GF,Frozen,5,$7.99
871459001999,Daiya  Pizza Meat Lover's,Frozen,3,$9.49
852629004583,Beyond Meat Beyond Burger Vegan,Frozen,5,$8.89
862871000332,Caulipower Cauliflower Pizza Veggie,Frozen,2,$9.19
815369012065,Cadia Blueberries Org,Frozen,2,$4.69
854430002369,Tres Latin Spinach & Cheese Pupusa GF,Frozen,7,$7.99
842234002111,Gardein Crabless Cakes,Frozen,5,$7.49
850001124041,Tucson Tamale Black Bean & Corn Tamale GF,Frozen,10,$4.39
850004207093,Beyond Meat Beef Brick Vegan 16 oz,Frozen,12,$12.99
815369012089,Cadia Strawberries Org,Frozen,15,$4.59
852629004897,Beyond Meat Sausage Patties Vegan Breakfast,Frozen,4,$6.59
850004207314,Beyond Meat Sausage Patties Spicy Vegan Breakfast,Frozen,2,$7.29
852838005012,Chloe's Mango Fruit Pops frozen 4pk,Frozen,3,$5.99
852838005029,Chloe's Strawberry Fruit Pops frozen 4pk,Frozen,3,$5.99
852838005296,Chloe's dark chocolate pops frozen 4pk,Frozen,1,$5.99
818411001420,Sambazon  Acai Superfruit Bites,Frozen,3,$8.39
850001124027,Tucson Tamale Green Chile & Cheese Tamale GF,Frozen,8,$4.39
838913000127,Deebee's Fruit  Pop Freezies Box of  10,Frozen,1,$6.59
882382567087,Olive Valley Falafel Patties,Frozen,6,$7.69
882382568008,Olive Valley Falafel Sticks,Frozen,5,$7.69
042563018207,Woodstock Farms Wild Blueberries 28oz,Frozen,4,$18.99
810057290299,Beyond Meat Breaded Chicken Tenders,Frozen,4,$6.59
854934007983,Caulipower Cauliflower Pizza White,Frozen,5,$9.19
852838005371,Chloe's Pomegrante Fruit Pops Frozen 4pk,Frozen,1,$5.79
017873000013,Blake's Vegetable Pot Pie  Org,Frozen,7,$8.49
815369012058,Cadia Triple Berry Blend Org,Frozen,13,$4.29
815369014533,Cadia Pomegranate Kernels Org,Frozen,14,$5.19
852838005746,Chloe's Spiderman Strawberry & Lemon Fruit Pops 10 pk,Frozen,2,$7.19
850416002255,Red's Burrito Bean & Rice  w/ Cheese Org,Frozen,2,$3.49
850416002620,Red's Burrito  Cheese Quesadilla  Org,Frozen,3,$3.49
859553004115,Cappello's Ravioli Spinach & Cheese GF,Frozen,3,$11.89
850416002538,Red's Huevos Burrito Org,Frozen,7,$3.49
850416002293,Red's Burrito Chicken Cilantro & Lime Org,Frozen,9,$3.49
071262295015,Tabatchnick Split Pea Soup Org,Frozen,8,$3.59
024284297109,Sno Pac Butternut Squash Org,Frozen,5,$3.89
850004207475,Beyond Meat Sausage Links Original,Frozen,6,$8.69
810057556197,Cadia Hash Browns 16 oz.,Frozen,14,$3.99
850046786235,Tindle Chicken Nuggets,Frozen,7,$11.29
191011000872,Just Egg Folded Plant Eggs,Frozen,5,$7.29
850020260416,Actual Veggies Burger Black Bean 4 Burgers,Frozen,8,$8.39
042563018948,Woodstock Farms Acai Smoothie Packs,Frozen,9,$8.69
767532030065,Truly Indian Vegetable Samosa,Frozen,9,$7.99
767532030010,Truly Indian Roti Wrap  Cottage Cheese & Green Pepper,Frozen,13,$3.49
767532030027,Truly Indian Roti Wrap  Tandoori Spiced Potato,Frozen,15,$3.49
850020260430,Actual Veggies Burger Purple Roots 4 Burgers,Frozen,3,$8.39
862871000325,Caulipower Cauliflower Pizza Margherita,Frozen,7,$9.19
850416002477,Red's Burrito Chicken Chorizo,Frozen,10,$3.49
850416002880,Red's Meat Lover's Sausage  & Egg Burrito,Frozen,5,$3.49
850416002279,Red's Turkey Sausage  Burrito,Frozen,1,$3.49
850011911617,"Red's Eggwich Turkey Sausage, Egg & Cheese",Frozen,4,$7.29
850011911211,"Red's Sausage, Egg & Cheese Burrito",Frozen,1,$3.49
850020260829,Actual Veggies Burger California 4 Burgers,Frozen,3,$7.99
042563018658,Woodstock Ravioli Spinach & Cheese Org 20 oz,Frozen,12,$12.99
072609741851,Alden's Ice Cream Vanilla Bean 48 oz,Milk,2,$13.99
072609741837,Alden's Ice Cream Mint Chip 48 oz,Milk,4,$13.99
020188013012,Tofutti Vanilla Cuties Box,Milk,7,$8.29
093966510522,Organic Valley Half and Half 16 oz,Milk,6,$3.99
023547400010,Miso Master  Miso Barley  16 oz,Milk,4,$17.59
033776011741,Earth Balance Buttery Sticks 16oz,Milk,6,$7.99
093966211016,Organic Valley Cream Cheese,Milk,37,$4.99
850034840017,Cosmic Bliss Vanilla Bean  Pint ND,Milk,3,$7.99
645125423459,Hartzler Chocolate Milk 1/2 gal,Milk,2,$6.99
049568020327,Follow Your Heart Vegenaise Grapeseed 32 oz.,Milk,2,$13.29
030871000021,Wildwood Super Firm Tofu 16 oz Org,Milk,15,$5.99
072609741813,Alden's Ice Cream Chocolate Chocolate Chip 48 oz,Milk,4,$13.99
020188050253,Tofutti Cream Cheese Non- Hydro,Milk,3,$4.99
020188060139,Tofutti Sour Cream,Milk,10,$4.89
702230030337,South River Miso 3 Year Barley,Milk,35,$15.99
043192315507,Nancy's Cottage Cheese Org. Lowfat,Milk,11,$6.79
093966000283,Organic Valley Cream Whipping 16 oz,Milk,7,$7.29
049568400129,Follow your Heart Dressing Ranch Vegan,Milk,7,$5.99
702230010131,South River  Miso Azuki 16 oz,Milk,17,$13.69
811355002577,Rumiano Mozzarella Cheese Bar Org,Milk,17,$6.99
023547400454,Miso Master Miso  Sweet  White LS,Milk,6,$14.99
050012102605,Soy Boy Tofu Extra- firm 15oz,Milk,16,$3.49
702230010124,South River  Miso Chickpea 16 oz,Milk,20,$13.69
610373039691,Hartzler Paint Valley Goat Milk Qt exp 2/5/26,Milk,4,$4.20
043192316900,Nancy's Cottage Cheese  Whole Milk Org,Milk,5,$6.79
049568160078,Follow Your Heart  Mozzarella Shreds 7oz,Milk,3,$4.89
093966002034,Organic Valley Cottage Cheese 4%,Milk,6,$8.19
754917900167,Twin Oaks Tofu Org 1lb,Milk,8,$4.29
720167653139,Wake Robin Sauerkraut Raw,Milk,12,$5.59
720167653078,Wake Robin Kickin Kimchi Raw,Milk,12,$6.99
720167653061,Wake Robin Pickle Chips Garlicky Dill,Milk,12,$5.89
767707001241,Kerrygold  Aged Cheddar Irish Vintage,Milk,12,$6.89
665291001015,Mt Vikos Cheese Feta,Milk,15,$7.69
814598020384,"Cultures for Health Vegan Yogurt Starter sell by 5/25/ ,10/25",Milk,1,$4.00
767707001067,Kerrygold  Butter Salted,Milk,15,$7.19
702230010117,South River Sweet Brown Rice Miso16 oz,Milk,17,$13.69
767707001258,Kerrygold  Butter Unsalted,Milk,20,$7.19
871459001364,Daiya Non-Dairy Cheezecake New York Style,Milk,3,$6.99
850028051528,Johnny Pops Bars Berry Burst Org,Milk,3,$6.99
855088005238,Maple Hill Greek Yogurt Plain 16,Milk,5,$8.09
031142523751,Belgioioso Parmesan Cheese  Wedge 5 oz,Milk,7,$3.89
744473899999,So Delicious Coco Whip Lite Org,Milk,9,$5.49
702230049124,South River Miso Garlic Red Pepper 16 oz,Milk,13,$15.49
702230049117,South River Miso Dandelion Leek 16 oz,Milk,16,$19.49
854758001112,Nada Moo Cookies & Creme,Milk,6,$7.39
,Frankferd Farms Grated Parmesan 1 lb,Milk,2,$10.19
854758001013,Nada Moo Chocolate,Milk,7,$8.39
854758001037,Nada Moo Vanilla,Milk,9,$8.59
814598020025,Cultures for Health Water Kefir Grains,Milk,4,$17.49
813636020225,Califia Creamer Unsweet Almond Coconut 16.9 oz,Milk,6,$4.99
702230030320,South River Miso Hearty Brown Rice16 oz,Milk,12,$15.99
871459001401,Daiya Non-Dairy Cheezecake Pumpkin,Milk,4,$6.99
702230030351,South River Miso Chickpea Barley 16 oz,Milk,9,$15.49
854835004067,Honey Mama's Cacao-Truffle Bar Coconut Fudge,Milk,7,$5.59
854835004074,Honey Mama's Cacao-Truffle Bar Lavender Rose,Milk,17,$5.59
072904000035,Meyenberg Goat Milk  32 oz,Milk,3,$8.69
049568220277,Follow your Heart Vegan Cheese  American Slices exp 9/1/25,Milk,2,$2.90
665291006539,Mt Vikos Cheese Feta Org,Milk,7,$9.89
705118500601,Bellwether  Farms Yogurt Sheep Plain 16 oz,Milk,6,$8.89
810934030192,Violife Cream Cheese,Milk,3,$6.59
810934030239,Violife Feta Block,Milk,4,$7.19
810934030116,Violife Parmesan Wedge,Milk,4,$7.19
810934030109,Violife Mature Cheddar Slices,Milk,8,$6.69
702230010100,South River Sweet White Rice Miso16 oz,Milk,23,$15.99
787325300236,Bubbie's Ice Cream Mochi Green Tea,Milk,4,$7.29
814598020322,Cultures for Health Kombucha Starter Culture sell by 6/25,Milk,1,$5.00
018944001021,Elmhurst Almond Milk Unsw 32 oz,Milk,5,$7.59
018944001038,Elmhurst Walnut Milk Unsweet 32 oz,Milk,4,$7.49
018944000505,Elmhurst Oatmilk Milk Unswt 32 oz,Milk,5,$7.39
850034840000,Cosmic Bliss Salted Caramel Chocolate Pint ND,Milk,5,$7.99
812184030038,Fronen Coconut Ice Cream Chocolate Pint,Milk,7,$6.99
812184030052,Fronen Coconut Ice Cream Vanilla Pint,Milk,8,$6.99
093966002058,Organic Valley Sour Cream 16 oz,Milk,7,$5.39
812184030014,Fronen Coconut Ice Cream Strawberry Pint,Milk,4,$6.99
814598020001,Cultures for Health  Sourdough Starter San Francsco,Milk,2,$12.29
075501960375,Jarlsberg Cheese Wedge 8 oz,Milk,15,$9.19
093966330007,Organic Valley  Butter Salted 16 oz,Milk,8,$12.19
852614006530,Cocojune Coconut Yogurt 16 oz,Milk,7,$8.79
852838005685,Chloe's Lime Fruit Pops Frozen 4pk,Milk,3,$5.99
852838005739,Chloe's Avengers Cherry & Grape Fruit Pops 10 pk,Milk,3,$6.29
645125000254,Hartzler Cheese Gouda,Milk,10,$2.50
645125000278,Hartzler Cheese Colby,Milk,11,$4.89
720167653122,Wake Robin Kimchi Pickles Raw,Milk,12,$6.69
615666298359,Wake Robin Easy Kimchi Raw,Milk,12,$6.99
086479200219,White Mountain Bulgarian Yogurt Plain 16 oz,Milk,17,$7.19
036638500025,Hawthorne Valley Sauerkraut w/Caraway 16oz,Milk,4,$11.49
036638500131,Hawthorne Valley Kimchi 16oz,Milk,6,$13.49
812184030090,Fronen Coconut Ice Cream Salted Caramel Pint,Milk,7,$6.99
850032677028,Sweet Nothings Kid Smoothie Strawberry Beet,Milk,4,$5.49
855336004068,LaClare Farms Cheese Goat Cheddar,Milk,10,$6.89
855336004457,LaClare Farms Cheese Goat Mozzarella,Milk,10,$6.89
190646650070,Oatly  Barista Oatmilk  32oz,Milk,5,$5.49
764881006208,Minerva Roll Butter Salted 2#,Milk,2,$17.49
764881006253,Minerva Roll Butter UnSalted 2#,Milk,3,$17.49
856624004364,Kite Hill Almond Yogurt Unsweet16 oz,Milk,6,$6.49
195893411771,Wyke Farms Ivy's Reserve  Vintage Cheddar,Milk,4,$8.79
036638500018,Hawthorne Valley Sauerkraut 16oz,Milk,7,$11.49
850035593080,Wise Bar Cinnamon Turmeric,Milk,12,$3.19
031142526752,Belgioioso Romano Cheese  Wedge 5 oz,Milk,9,$3.49
813636023356,Califia Almond Milk Unsweet Org 48oz,Milk,3,$7.79
860009165809,Old Country Creamery  Whole Milk 1/2 gallon (64oz),Milk,4,$4.39
860009482425,Old Country Creamery Pet Milk 1/2 gallon,Milk,4,$4.49
860009165847,Old Country Creamery  Chocolate Milk Pint 16oz,Milk,4,$2.69
764881318080,Minerva  Butter Stick Garlic & Herb 8 oz,Milk,2,$4.49
860009482418,Old Country Creamery Pet Milk gallon,Milk,7,$7.49
049568780160,Follow Your Heart Vegenaise Avocado Oil Soy Free16 oz.,Milk,6,$7.89
815369017336,Cadia  Cheese Mozzarella Shredded  6 oz Org,Milk,4,$5.69
813636023752,Califia Creamer  Oat Barista Blend Org 32oz,Milk,3,$6.59
853687004751,Pitaya Plus Acai Sorbet Org,Milk,1,$6.49
764881018089,Minerva  Butter Sticks Salted 8 oz,Milk,8,$4.49
081312300200,Green Valley Yogurt Plain LF 24 oz,Milk,3,$7.59
854835004487,Honey Mama's Cacao-Truffle Bar Chocolate Cake,Milk,12,$5.59
860009165823,Old Country Creamery  Chocolate Milk Quart (32oz),Milk,2,$2.79
810934031137,Violife Mexican Shreds,Milk,5,$6.19
813636023912,Califia Coconut Milk Unsweet Org 48oz,Milk,5,$8.29
899684002055,Jolly Llama  Sorbet Pops Strawberry,Milk,3,$5.29
853687004911,Pitaya  Acai Blueberry Smoothie Pops,Milk,5,$7.39
861029000118,Malk Almond Milk Unsweet Org 28oz,Milk,6,$7.39
852095004766,Johnny Pops Bars Red White & Boom Org,Milk,5,$6.99
828653727507,Laubscher Swiss Cheese Slices 1.5#,Milk,5,$10.79
842232013041,Nuts for Cheese  Cream Cheese Garlic Herb Org Vegan,Milk,3,$6.99
842232005039,Nuts for Cheese  Un-Brie-Lievable Cheese Org Vegan,Milk,5,$8.99
860011639022,Old Country Creamery Raspberry yogurt,Milk,3,$2.99
853883006030,Ithaca Hummus Lemon Garlic 10 oz,Milk,5,$5.49
033776011864,Earth Balance Buttery Spread Soy Free with Olive Oil,Milk,8,$7.99
896165002054,Foodies Pumfu Shoyu,Milk,8,$6.69
860009482432,Old Country Creamery Kefir Blueberry Quart,Milk,1,$4.49
744473477715,So Delicious  Ice Cream Bar Vanilla SF,Milk,3,$7.29
855802003502,Jeni's Ice Cream  Biscuits & Peach Jam,Milk,4,$9.39
854835004968,Honey Mama's Cocoa Truffle Bar Peanut Butter Cup,Milk,19,$5.59
842232021046,Nuts for Cheese Dip  Artichoke Jalapeno  Vegan,Milk,15,$5.79
810003515506,"Once Upon A Farm  Immunity Apple, Cherry & Elderberry",Milk,2,$3.99
850007391058,The Coconut  Cult Yogurt  Chocolate Mousse,Milk,4,$10.79
850007391287,The Coconut  Cult Yogurt  Strawberry,Milk,5,$10.79
072609058157,Alden's Ice Cream  Marionberry Swirl 48 oz,Milk,3,$12.79
072609060440,Alden's Sorbet Bar Limoncello Org. 4 pack,Milk,3,$6.99
853169002534,Jeni's Ice Cream  Brown Butter Almond Brittle,Milk,4,$9.39
5060502402806,Doughlicious Gelato Truffles Chocolate,Milk,5,$6.49
5060502402998,Doughlicious Gelato Truffles  Mint Chocolate Chips,Milk,4,$6.49
018944001342,Elmhurst Coconuts & Cashews Milk Unswt 32 oz,Milk,3,$7.49
018944001328,Elmhurst Pistachio Barista 32 oz,Milk,4,$7.49
070934996168,My Mochi Ice Cream  Strawberry,Milk,14,$6.49
070934996014,My Mochi Ice Cream  Mango,Milk,7,$6.49
850057210071,Honey Mama's Protein Crunch Bar Chocolate Cookie 1.25 oz,Milk,8,$2.79
850057210118,Honey Mama's Protein Crunch Bar Peanut Butter Brownie 1.25 oz,Milk,7,$2.79
853169002015,Jeni's Ice Cream  Dark Chocolate,Milk,4,$9.39
049568340067,Follow Your Heart  Feta Cheese Crumbles,Milk,1,$4.79
767707002149,Kerrygold Butter Salted 2 Sticks,Milk,4,$6.99
198168581216,old country whole milk pints,Milk,2,$2.10
850010661605,Live More  Smoothie Banana Split Org,Milk,6,$5.99
,Live More Smoothie Basic Berry  Org,Milk,4,$5.99
860006229634,Little Sesame Hummus Caramelized Onion,Milk,4,$5.19
860006229603,Little Sesame Hummus Smooth Classic,Milk,6,$5.19
860006229641,Little Sesame Hummus Herby Jalapeno,Milk,3,$5.19
850028051771,Johnny Pops Bars Mini  Rainbow Org,Milk,2,$6.99
852095004575,Johnny Pops Ice Cream  Bar Strawberry  Creme,Milk,2,$6.99
899684002437,Jolly Llama  Ice Cream Cones Caramel Chocolate Chip DF GF,Milk,3,$5.49
829462001208,Good Karma Flax Milk  Unsweet + Protein 64oz,Milk,2,$7.19
828653587507,Laubscher Provolone  Cheese Slices 1.5#,Milk,3,$10.99
070934996618,My Mochi Ice Cream  Cookies & Cream 1.5,Milk,41,$0.99
,Old Country Creamery Milk Pint 16oz,Milk,2,$2.69
810934031298,Violife Dip French Onion,Milk,3,$5.99
,Old Forge Dairy White Cheddar,Milk,3,$0.00
853883006603,Ithaca Hummus  Graza Olive Oil 10 oz,Milk,8,$6.49
764881018188,Minerva  Butter Sticks Unsalted 8 oz,Milk,11,$4.49
198168535486,Crunchy Ra Ra Yogurt 5.6oz Strawberry exp 2/8/26,Milk,6,$3.75
199284054240,Crunchy Ra Ra Yogurt 5.6oz Mango,Milk,2,$4.19
198168064139,Crunchy Ra Ra Yogurt 5.6oz Sprinkles,Milk,1,$4.19
199284340275,Crunchy Ra Ra Yogurt 5.6oz Choco Banana,Milk,5,$4.19
842232006036,Nuts for Cheese  Black Garlic Cheese Org Vegan,Milk,6,$8.99
093966009545,Organic Valley Cheese Stringles Mozzarella 8 pack,Milk,10,$7.89
,Old Forge Dairy Gouda,Milk,2,$0.00
854021008084,Clio Mini Greek Yogurt Bars Strawberry 8 Pack,Milk,4,$6.49
854021008077,Clio Mini Greek Yogurt Bars Vanilla 8 Pack,Milk,6,$6.49
860004120179,Anne's Toum Dip Herby Za'atar,Milk,4,$6.79
852614006486,Cocojune Coconut Yogurt Plain 4 oz,Milk,4,$2.89
859241007336,Simply Sheep Yogurt  Vanilla 5.3 oz,Milk,5,$2.49
859241007329,Simply Sheep Yogurt  Peach Mango 5.3 oz,Milk,1,$2.49
044082522111,Once Again Peanut Butter No Stir Crunchy Sweet (American Classic),Packaged_Dry,14,$9.69
044082522319,Once Again Peanut Butter No Stir Creamy Sweet (American Classic),Packaged_Dry,7,$9.69
042272005116,Amy's Chili,Packaged_Dry,5,$6.29
042272005918,Amy's Soup  Vegetable French Country,Packaged_Dry,5,$5.99
042272005031,Amy's Soup No Chicken Noodle,Packaged_Dry,2,$5.79
074305030123,Braggs Vinaigrette Dressing Org,Packaged_Dry,4,$8.29
,Frankferd Farms Flour  Vital Wheat Gluten 1#,Packaged_Dry,2,$7.39
852749004395,Divine Dark Chocolate Snack Bar,Packaged_Dry,5,$2.39
042515435199,Lewis Labs Brewer's Yeast Flakes,Packaged_Dry,15,$23.99
039978008817,Bob's Pancake Mix Buckwheat,Packaged_Dry,5,$5.99
039978006424,Bob's Sorghum Flour  GF,Packaged_Dry,1,$5.79
039978043184,Bob's Semolina Flour,Packaged_Dry,4,$5.19
621683021252,Tinkyada Brown Rice Spirals  org. GF 12oz,Packaged_Dry,4,$5.79
043182008518,Native Forest Pineapple Chunks 14oz,Packaged_Dry,3,$6.49
043182008570,Native Forest Tropical Fruit Salad 14oz,Packaged_Dry,1,$4.50
077502016105,Jyoti Delhi Saag 15oz,Packaged_Dry,26,$4.79
077502146154,Jyoti Punjabi-Chhole 15oz,Packaged_Dry,6,$4.69
035742221017,Health Valley Vegetable Soup 15oz Org NS GF,Packaged_Dry,4,$5.59
024182002270,Eden  Brown Rice &  Green Lentils,Packaged_Dry,4,$3.69
042272005895,Amy's Refried Beans Traditional Light Sodium,Packaged_Dry,5,$5.39
052603289689,Pacific Chicken Broth 8oz LS,Packaged_Dry,6,$2.19
043182000710,Edward & Sons  Mashed Potatoes Garlic Org U,Packaged_Dry,7,$3.69
089836157157,Simply Organic Spinach Dip Mix,Packaged_Dry,5,$1.79
073472002551,Ezekiel 4:9 Cereal Org 16oz,Packaged_Dry,7,$10.39
058449779018,Nature's Path Mesa Sunrise Org Eco 26.4oz,Packaged_Dry,3,$12.59
039978119193,Bob's Yellow Corn Grits Polenta Org,Packaged_Dry,3,$5.99
058449620013,Nature's Path Puffs Rice  Org 6oz,Packaged_Dry,4,$3.99
058449770213,Nature's Path Heritage Flakes Org Eco,Packaged_Dry,3,$14.29
041617002278,Rumford Baking Powder Al-Free,Packaged_Dry,9,$5.49
039978033918,Bob's Baking Soda Al-Free,Packaged_Dry,5,$4.19
651170001009,Flavorganics Vanilla Extract Org 2oz,Packaged_Dry,3,$9.39
651170001085,Flavorganics Almond Extract OG 2oz,Packaged_Dry,2,$6.89
651170001054,Flavorganics Peppermint Extract Org 2oz,Packaged_Dry,2,$6.79
651170001078,Flavorganics Lemon extract 2oz,Packaged_Dry,4,$7.49
022506137202,Spectrum Canola Oil Org 32oz,Packaged_Dry,3,$20.29
692752103575,Nutiva Coconut Oil EV Org 14oz,Packaged_Dry,1,$17.19
022506117402,Spectrum Sunflower Oil Org 32oz,Packaged_Dry,2,$20.19
024182000252,Eden Sesame Oil,Packaged_Dry,2,$15.99
075820000028,Spike Vegit Seasoning 2oz,Packaged_Dry,2,$2.99
075820000073,Spike Salt Free Seasoning 2oz,Packaged_Dry,5,$2.99
024182002126,Eden Brown Mustard Org 9oz,Packaged_Dry,8,$5.19
092325333529,Annie's Goddess Dressing Org 8oz,Packaged_Dry,6,$7.39
692752200052,Nutiva Coconut Oil EV Org 54oz,Packaged_Dry,2,$34.99
093709801016,Pamela's Figgies & Jammies Mission Fig Cookies 9oz,Packaged_Dry,5,$7.99
071879124913,Jennie's Coconut Macaroons 8oz,Packaged_Dry,5,$4.89
733739073204,citric acid 4oz NOW FOODS,Packaged_Dry,2,$5.99
019356551111,Pomona's Pectin 1oz.,Packaged_Dry,21,$7.49
078314212358,Madhava's Agave Nectar Light 23.5oz,Packaged_Dry,6,$9.59
078314111750,Madhava's Agave Nectar  light 11.75 oz.,Packaged_Dry,6,$5.49
073416001602,Lundberg Brown Rice Syrup Org 21oz bb 8/25,Packaged_Dry,1,$10.59
024182491159,Eden Barley Malt Syrup OG 20oz,Packaged_Dry,5,$10.99
074305001161,Bragg Apple Cider Vinegar Org 16oz.,Packaged_Dry,8,$5.29
813551002061,Koyo Ramen Wakame Seaweed U,Packaged_Dry,12,$1.79
716270001660,Chocolove Ginger Crystallized in Dark Chocolate 3 oz,Packaged_Dry,12,$4.79
716270001585,Chocolove Chilies & Cherries in Dark Chocolate 3 oz,Packaged_Dry,18,$4.79
044082032214,Once Again Peanut Butter Salt Free Crunchy Unsweet,Packaged_Dry,5,$8.69
044082530314,Once Again Sunflower Seed Butter,Packaged_Dry,11,$8.29
022506104174,Spectrum Peanut Oil Org.,Packaged_Dry,3,$16.29
089836188410,Simply Organic French Onion Dip Mix,Packaged_Dry,12,$2.69
074305001321,Bragg Apple Cider Vinegar 32oz Org,Packaged_Dry,5,$8.39
734027901452,Ginger People Ginger Chews Box 4.5 oz,Packaged_Dry,9,$6.19
733739024206,brewer's yeast 1lb NOW FOODS,Packaged_Dry,1,$16.99
012511446529,Wholesome Sweeteners Sugar Dark Brown OG 24oz,Packaged_Dry,7,$7.29
012511320041,Wholesome Sweeteners Sugar Org. Powdered FT,Packaged_Dry,2,$6.79
810165011953,Yummy Earth Vit C Pops Org,Packaged_Dry,4,$4.99
075172079468,Panda Licorice Black Bag 7oz,Packaged_Dry,4,$4.99
838455000203,Primal Strips Mesquite Lime 1oz,Packaged_Dry,20,$1.99
838455000029,Primal Strips Hickory Smoked 1oz,Packaged_Dry,12,$1.99
838455000197,Primal Strips Thai Peanut 1oz,Packaged_Dry,16,$1.99
838455000012,Primal Strips Teriyaki 1oz,Packaged_Dry,29,$1.99
722252161093,Clif  Bar White Chocolate Macadamia Nut,Packaged_Dry,5,$2.49
075820000004,Spike Seasoning Original 3oz,Packaged_Dry,2,$3.29
043182003575,Let's Do Organic Sugar Cones 5oz,Packaged_Dry,8,$5.29
043182003551,Let's Do Organic Ice Cream Cones (Cake) 1.2oz bb 12/19/25,Packaged_Dry,4,$3.20
074305020322,Bragg's Olive Oil 32 oz Org,Packaged_Dry,5,$33.99
074305011283,Bragg Apple Cider Vinegar 1 Gallon Org,Packaged_Dry,5,$26.99
042272005581,Amy's Refried Black Beans Light Sodium,Packaged_Dry,4,$5.39
716270001523,Chocolove Cherries & Almonds in Dark Chocolate 3 oz,Packaged_Dry,4,$4.79
716270001349,Chocolove Toffee & Almonds in Milk Chocolate 3 oz,Packaged_Dry,16,$5.39
757645021401,Newman-O's Original Cookie 13oz,Packaged_Dry,8,$7.19
043182002080,Native Forest Coconut Milk Classic Org,Packaged_Dry,5,$4.89
043182008549,Native Forest Pineapple Crushed 14oz,Packaged_Dry,8,$6.49
658334472828,Roads End Shiitake Gravy Mix 1oz,Packaged_Dry,9,$2.69
658334472811,Roads End Golden Gravy Mix 1oz,Packaged_Dry,14,$2.29
024182001150,Eden Spaghetti Sauce No Salt,Packaged_Dry,5,$9.29
024182002010,Eden  Gomasio  3.5oz,Packaged_Dry,2,$4.99
024182002003,Eden Sea Salt Celtic 14oz,Packaged_Dry,14,$7.99
034529123612,Maine Coast Alaria,Packaged_Dry,2,$11.19
034529123629,Maine Coast Dulse OG 2oz,Packaged_Dry,4,$12.99
034529123636,Maine Coast Kelp/Kombu Org 2oz,Packaged_Dry,6,$10.39
896859000366,Organicville Original BBQ Sauce,Packaged_Dry,3,$5.89
018788101093,Real Salt Shaker 10oz,Packaged_Dry,10,$7.29
018788102502,Real Salt  Pouch 26oz,Packaged_Dry,1,$13.29
018788801603,Real Salt All Natural Sea Salt  Kosher16oz,Packaged_Dry,5,$10.49
039978004628,Bob's  Pancake Mix   GF,Packaged_Dry,3,$7.79
890146001500,Yum Earth  Drops Wild Peppermint Org,Packaged_Dry,7,$4.89
075172079369,Panda Licorice Bag Raspberry 7oz,Packaged_Dry,4,$4.69
024182152739,Eden Kombu,Packaged_Dry,5,$12.99
024182157697,Eden Sushi Nori 7 Sheets bb 9/7/25,Packaged_Dry,1,$6.90
042272005864,Amy's Soup Tomato Bisque LS,Packaged_Dry,7,$5.69
638882002005,Farmer's Market Organic Canned Pumpkin,Packaged_Dry,11,$3.99
621683020156,Tinkyada Spaghetti Org,Packaged_Dry,6,$4.99
075810001257,San-J  Tamari Gold Wheat-Free 10 oz,Packaged_Dry,6,$7.49
075810001356,San-j Tamari Gold 20 oz,Packaged_Dry,2,$11.59
075810041352,San-J Shoyu 20oz Org,Packaged_Dry,2,$7.59
075810004258,San-J Tamari Red Sodium 10 oz org,Packaged_Dry,2,$7.89
075810004357,San-J Tamari Red. Sod. 20 oz Org,Packaged_Dry,5,$12.19
044082045412,Once Again Tahini Org.,Packaged_Dry,11,$11.49
044082032412,Once Again Peanut Butter Salt Free Creamy Unsweet,Packaged_Dry,7,$8.69
024182000481,Eden  Mirin Cooking Wine,Packaged_Dry,1,$14.19
799210115009,Bionaturae Balsamic Vinegar Org 17oz U,Packaged_Dry,6,$8.19
024182422160,Eden Vinegar  Brown Rice Org 10 oz.,Packaged_Dry,11,$7.39
074305000164,Bragg Liquid Aminos 16oz,Packaged_Dry,2,$6.39
074305000324,Bragg  Liquid Aminos 32oz,Packaged_Dry,6,$10.49
012511600006,Wholesome Sweeteners Molasses 16 oz.,Packaged_Dry,2,$6.99
012511700003,Wholesome Sweeteners Molasses 32 oz.,Packaged_Dry,2,$11.19
023254667904,Hain  Salt Iodized,Packaged_Dry,8,$3.69
651170001030,Flavorganics Vanilla Extract 4oz.,Packaged_Dry,4,$17.99
044082034218,Once Again Almond Butter Crunchy Salt Free,Packaged_Dry,10,$12.19
044082034416,Once Again Almond Butter Creamy 16 oz,Packaged_Dry,11,$12.29
716270001554,Chocolove Almond & Sea Salt  3.2oz,Packaged_Dry,14,$5.39
854183006027,Explore Asian Mung Bean/Edamame Fettuccini,Packaged_Dry,4,$6.89
894873002472,Frankferd Farms Flour Chickpea 2#,Packaged_Dry,3,$10.19
041570052785,Blue Diamond Almond Nut Thins w/Sea Salt Crackers,Packaged_Dry,12,$5.89
716270051344,Chocolove Mini Toffee & Almonds,Packaged_Dry,12,$2.49
736210000393,pumpkin jack o lantern seeds,Packaged_Dry,5,$2.99
736210030413,arugula rocket botanical Interests,Packaged_Dry,5,$2.69
716270001547,Chocolove Raspberries in Dark Chocolate 3.1 oz,Packaged_Dry,4,$4.79
862281000038,Wee Bee  Honey  Raw 16 oz,Packaged_Dry,8,$12.39
089836184214,Frontier Saffron Threads Glass Jar .50 gm frontier,Packaged_Dry,3,$12.29
850403000059,Namaste GF Waffle & Pancake Mix,Packaged_Dry,5,$7.99
896859000595,OrganicVille Pasta Sauce Marinara,Packaged_Dry,4,$6.69
012511105006,Wholesome Sweeteners Sucanat  1lb.,Packaged_Dry,1,$4.99
067275000326,Crofter's  Just Fruit Raspberry,Packaged_Dry,4,$5.99
067275000319,Crofter's Just Fruit Strawberry,Packaged_Dry,11,$5.99
891475001018,Surf Sweets Gummy Bears 2.75oz,Packaged_Dry,10,$4.69
074305060021,Bragg Org Herb & Spices Sprinkle Seasoning,Packaged_Dry,12,$4.99
039978025548,Bob's Guar Gum 8 oz bb 11/4/25,Packaged_Dry,2,$7.90
897581000365,Dandies Vegan Marshmallows 10oz,Packaged_Dry,11,$5.19
838455000210,Primal Strips Texas BBQ 1oz,Packaged_Dry,14,$1.99
716270051306,Chocolove Mini Milk Chocolate,Packaged_Dry,16,$2.49
716270051542,Chocolove Mini Raspberries Dark 1.2 oz,Packaged_Dry,11,$2.49
024182300116,Eden Kuzu,Packaged_Dry,1,$13.99
067275000357,Crofter's Just Fruit  Wild Blueberry,Packaged_Dry,3,$5.69
012511405007,Wholesome Sweeteners Sugar Org Fair Trade 16 oz,Packaged_Dry,11,$5.19
726635430431,Y.S. Organics Royal Jelly Active Bee Power #430,Packaged_Dry,3,$15.59
012511300104,Wholesome Sweeteners Corn Syrup Org,Packaged_Dry,3,$6.49
067275000371,Crofter's Just Fruit Superfruit,Packaged_Dry,5,$5.99
737628003006,Thai Kitchen  Curry Paste Red 4oz,Packaged_Dry,7,$6.29
850403000073,Namaste GF Cake Chocolate  Mix,Packaged_Dry,4,$11.19
042272005932,Amy's Soup Golden Lentil,Packaged_Dry,6,$5.99
716270001530,Chocolove Dark Chocolate Orange peel 3.2 oz,Packaged_Dry,12,$4.79
891475001025,Surf Sweets Gummy Worms 2.75oz,Packaged_Dry,14,$4.49
891475001049,Surf Sweets  Fruity Bears 2.75oz,Packaged_Dry,9,$4.49
891551000058,sprouted crisps onion and garlic,Packaged_Dry,3,$6.99
894873002434,Frankferd Farms Flour Corn Yellow Org 2#,Packaged_Dry,4,$4.89
024182300161,Eden Umeboshi Whole Plums 7oz,Packaged_Dry,2,$19.99
853522000306,Enjoy Life Semi-Sweet Mini Chocolate Chips,Packaged_Dry,17,$8.99
024182151718,Eden Wakame,Packaged_Dry,1,$17.99
799210920016,Bionaturae Tomato Paste  Org K,Packaged_Dry,9,$3.49
024182000665,Eden Apple Sauce Org,Packaged_Dry,11,$8.49
708953103600,Lotus Foods Rice Jade Pearl 15 oz U,Packaged_Dry,4,$8.29
073472002568,Ezekiel 4:9 Cereal Flax 16oz,Packaged_Dry,6,$10.39
024182002850,Eden Beans Baked K,Packaged_Dry,5,$5.29
024182029208,Eden Beans Cannellini 29 Oz. E,Packaged_Dry,10,$6.19
024182029406,Eden Beans kidney  29 Oz. F,Packaged_Dry,2,$7.59
024182029307,Eden Beans Garbanzo  29 Oz. E,Packaged_Dry,11,$6.39
024182029109,Eden Beans Black  29 Oz. E,Packaged_Dry,11,$5.79
659201102015,Ancient Harvest Food Merchants Polenta Traditional Italian,Packaged_Dry,11,$4.89
870001000664,Artisana Walnut Butter Raw OG,Packaged_Dry,3,$15.99
039978019547,Bob's Rolled Oats Xtra Thick org 32 oz,Packaged_Dry,5,$8.49
018787505014,Dr. Bronner's Oil Coconut Virgin OG 14oz,Packaged_Dry,2,$11.99
894455000254,Justin's Peanut Butter Cups Dark Chocolate,Packaged_Dry,3,$2.99
894455000247,Justin's  Peanut Butter Cups Milk Chocolate,Packaged_Dry,8,$2.99
074305031120,Bragg Dressing Ginger & Sesame Org,Packaged_Dry,4,$8.29
651170001061,Flavorganics Orange Extract 2oz,Packaged_Dry,4,$6.89
024182002539,Eden Beans Black 15oz E,Packaged_Dry,10,$3.19
024182002515,Eden Beans Garbanzo  15 Oz. E,Packaged_Dry,10,$3.49
024182002508,Eden Beans Pinto 15 oz E,Packaged_Dry,5,$3.69
813551002054,Koyo Ramen Shiitake Mushroom,Packaged_Dry,8,$1.89
891551000409,Foods Alive Himalayan Pink Salt Crystals,Packaged_Dry,7,$6.29
829696000800,Wild Planet Sardines W/ olive oil,Packaged_Dry,7,$3.59
,Frankferd Farms Organic Amaranth Grain 1#,Packaged_Dry,3,$5.99
039978001139,Bob's Hot Cereal  Creamy Buckwheat Org GF,Packaged_Dry,1,$9.19
726635912012,YS Organic Propolis Tincture  1 oz  9L1,Packaged_Dry,4,$17.69
043182003919,Edward & Sons Bouillon Not-Chick'n K,Packaged_Dry,10,$3.39
043182005241,Let's Do Organic Coconut Flour 1lb,Packaged_Dry,2,$6.19
024182002546,Eden Beans Kidney NS 15 Oz. E,Packaged_Dry,8,$3.69
813551002146,Koyo Ramen Buckwheat Soba U,Packaged_Dry,9,$1.79
044082530413,Once Again Sunflower Seed Butter No Sugar & Salt,Packaged_Dry,10,$8.29
024182424195,Eden Ume Plum Vinegar 10oz,Packaged_Dry,2,$5.99
,Guyette Honey Clover 3lb,Packaged_Dry,5,$21.99
,Guyette Honey Wildflower 3lb,Packaged_Dry,1,$21.99
,Guyette Honey Clover 1 lb.,Packaged_Dry,6,$8.49
736210030307,cabbage red acre  OG seeds,Packaged_Dry,4,$2.99
736210060939,basil purple Petra seeds,Packaged_Dry,5,$2.69
736210030864,daikon seeds OG seeds,Packaged_Dry,4,$2.99
736210031151,carrot carnival OG seeds,Packaged_Dry,5,$3.49
736210060281,cilantro coriander OG seeds,Packaged_Dry,5,$2.99
736210061271,borage  OG seeds,Packaged_Dry,5,$2.99
736210020667,sunflower mongolian giant seeds,Packaged_Dry,5,$4.49
,Frankferd Farms Gluten (Wheat) Flour 2#,Packaged_Dry,2,$3.99
,Guyette Honey Wildflower 1lb,Packaged_Dry,3,$8.99
838455000036,Primal Strips Hot & Spicy,Packaged_Dry,27,$1.99
736210060625,chives OG seeds,Packaged_Dry,5,$3.49
736210060304,dill OG seeds,Packaged_Dry,5,$2.99
736210030680,pepper habanero seeds,Packaged_Dry,5,$2.99
736210030086,radish french breakfast seeds,Packaged_Dry,5,$3.49
058449771807,Nature's Path  Granola Love Crunch Choc/Berries Granola Cereal,Packaged_Dry,5,$7.59
024182000184,Eden Safflower Oil OG 16oz,Packaged_Dry,2,$17.49
024182000603,Eden Apple Sauce w/Cherry,Packaged_Dry,12,$9.29
,Frankferd Farms Beans Cannellini 1#,Packaged_Dry,2,$6.49
737628029501,Thai Kitchen Lemongrass & Chili Soup,Packaged_Dry,6,$1.89
737628046508,Thai Kitchen Spring Onion Soup,Packaged_Dry,6,$1.99
736210020056,feverfew seeds,Packaged_Dry,5,$2.99
736210020162,sunflower honey bear,Packaged_Dry,5,$3.49
736210030017,tomato beefsteak OG seeds,Packaged_Dry,5,$2.99
736210030871,tomato san marzano seeds,Packaged_Dry,5,$2.69
716270051559,Chocolove Mini  Almonds & Salt,Packaged_Dry,8,$2.49
799210222288,Bionaturae Bilberry Fruit Spread  Org U,Packaged_Dry,3,$6.89
851492002047,Coconut Secret  Aminos 8 oz,Packaged_Dry,6,$8.29
736210060274,basil italian genovese OG seeds,Packaged_Dry,10,$2.99
736210030406,broccoli raab rapini OG seeds,Packaged_Dry,4,$3.49
736210031144,swiss chard five color OG seeds,Packaged_Dry,5,$3.49
043182005289,Let's Do Organic Tapioca Starch Org & GF,Packaged_Dry,7,$4.69
602652176517,Kind Dark Chocolate Nuts & Salt,Packaged_Dry,10,$1.99
706173013013,Natural Value Pasta Sauce w/Portabello Org,Packaged_Dry,15,$4.59
022506002487,Spectrum White Vinegar Org,Packaged_Dry,7,$10.99
024182002201,Eden Beans Soy Black Org 15 Oz. E,Packaged_Dry,8,$2.99
799210825014,Bionaturae Tagliatelle Egg Noodle Org K,Packaged_Dry,6,$4.99
052603289962,Pacific Chicken Broth 8oz 4 pack LS,Packaged_Dry,7,$8.39
018787505038,Dr. Bronner's Oil Coconut Virgin OG 30oz,Packaged_Dry,4,$19.99
041178380303,Fearn Lecithin Liquid 16 oz,Packaged_Dry,1,$4.99
815421011210,Jovial GF Brown Rice Capellini K,Packaged_Dry,6,$5.59
895444001405,Free 2 Be Sun Cups Rice Milk Choc 2 Pack,Packaged_Dry,16,$3.19
891551000553,Foods Alive Cacao Nibs,Packaged_Dry,2,$15.69
697658203015,Manitoba Harvest Hemp Seed Hearts Org 12 oz,Packaged_Dry,7,$16.99
621683021351,Tinkyada Organic Brown Rice Lasagna Org,Packaged_Dry,12,$5.49
034529123704,Maine Coast Kelp w/Cayenne Granules Shaker,Packaged_Dry,3,$4.99
733739069528,stevia glycerite 2oz NOW FOODS,Packaged_Dry,3,$8.99
023547300518,Emerald Cove Sushi Nori Org. 10 Sheets,Packaged_Dry,5,$8.99
737628030002,Thai Kitchen Garlic & Vegetable Soup,Packaged_Dry,7,$1.99
815421011104,Jovial  Spaghetti Einkorn K,Packaged_Dry,13,$5.59
034529123735,Maine Coast Kelp Granules Shaker,Packaged_Dry,2,$4.99
734027902053,Ginger People Gin Gin Travel  1.6 oz,Packaged_Dry,18,$2.99
,Frankferd Carob Chips Sweet,Packaged_Dry,1,$8.89
,Frankferd Carob Chips UnSweet,Packaged_Dry,3,$10.99
736210020292,hyssop seeds,Packaged_Dry,5,$3.49
736210061295,fennel seeds,Packaged_Dry,4,$2.99
736210061103,oregano  OG seeds,Packaged_Dry,5,$2.99
736210060786,lemon balm sseds,Packaged_Dry,5,$2.69
736210060793,thyme english OG seeds,Packaged_Dry,5,$3.49
736210031052,carrot little finger seeds,Packaged_Dry,5,$2.69
736210030109,pea shelling OG seeds,Packaged_Dry,5,$3.49
736210031465,celery utah  OG seeds,Packaged_Dry,4,$2.69
736210030321,pepper sweet cali wonder OG seeds,Packaged_Dry,5,$2.99
736210030499,squash black beauty zucchini seeds,Packaged_Dry,5,$3.49
736210030079,spinach bloomsdale seeds OG seeds,Packaged_Dry,10,$3.49
736210030673,tomato cherry sweetie seeds,Packaged_Dry,5,$2.69
736210031373,tomato red and yellow pear OG seeds,Packaged_Dry,5,$2.99
736210030550,tomato bush roma OG seeds,Packaged_Dry,4,$2.69
736210030574,leek king richard  OG seeds,Packaged_Dry,5,$2.99
736210030505,swiss chard fordhook giant OG seeds,Packaged_Dry,5,$2.99
736210031021,lettuce romaine little gem seeds,Packaged_Dry,5,$2.99
736210030710,pumpkin big max OG seeds,Packaged_Dry,5,$4.49
736210031717,squash spaghetti seeds,Packaged_Dry,5,$4.49
897580000106,Mary's Gone Crackers  Original 6.5 oz,Packaged_Dry,8,$6.69
736210078040,sprouts radish china LARGE,Packaged_Dry,5,$5.99
736210078033,sprouts sandwich LARGE,Packaged_Dry,10,$5.99
692752103520,Nutiva Coconut Oil EV Org 23oz,Packaged_Dry,5,$19.59
733739069917,stevia OG 8oz NOW FOODS,Packaged_Dry,1,$29.99
879884000440,Blue Mountain Tahini Org,Packaged_Dry,4,$8.99
736210000164,collards georgia seeds,Packaged_Dry,5,$2.69
736210031366,kale dwarf blue seeds,Packaged_Dry,10,$3.49
736210002410,rutabaga seeds,Packaged_Dry,5,$2.69
786969010273,Napa Valley Sunflower Oil Org.,Packaged_Dry,9,$12.89
815421011302,Jovial Brown Rice Tagliatelle GF K,Packaged_Dry,13,$7.39
815421011005,Jovial Einkorn Flour 32oz K,Packaged_Dry,1,$12.59
049733091015,Cholula Hot Sauce,Packaged_Dry,11,$5.39
683548002080,Zot  Licorice Org GF,Packaged_Dry,5,$3.49
683548002097,Zot  Licorice w/Anise Org GF,Packaged_Dry,5,$1.50
039978006431,Bob's Sorghum Whole  GF U,Packaged_Dry,2,$5.29
895444001412,Free 2 Be Sun Cups Dark Chocolate 2 Pack,Packaged_Dry,10,$3.19
024182002560,Eden Beans Cannellini  15 Oz. E,Packaged_Dry,2,$3.49
708953102603,Lotus Foods Rice Forbidden Org 15 oz,Packaged_Dry,8,$7.29
089125250002,Ancient Harvest Quinoa Spaghetti GF,Packaged_Dry,11,$5.29
890146001654,Yum Earth  Drops Fruit Org 13 oz,Packaged_Dry,9,$12.99
039978009678,Bob's Rice Flour White Org U,Packaged_Dry,6,$9.49
855930001968,Aleia's GF  Panko Bread Crumbs,Packaged_Dry,9,$7.59
024182000283,Eden Sesame Oil Toasted 5oz.,Packaged_Dry,5,$7.69
024182002522,Eden Beans Aduki 15 oz K,Packaged_Dry,5,$4.29
736210031410,melon minnesota midget seeds,Packaged_Dry,5,$2.99
736210031526,onion white bunching OG seeds,Packaged_Dry,5,$3.49
736210030390,tomato bush ace seeds,Packaged_Dry,5,$2.99
810165014435,Yum Earth Organic Lollipops 8.5 oz 40+,Packaged_Dry,6,$11.39
073214007462,Jeff's Naturals Kalamata Olives Pitted Org,Packaged_Dry,8,$8.49
073214007479,Jeff's Naturals Kalamata Olives Sliced Org,Packaged_Dry,3,$8.49
736210020261,nasturtium fiesta seeds,Packaged_Dry,5,$3.49
736210011207,nicotiana indian peace pipe,Packaged_Dry,5,$2.69
736210030451,eggplant black beauty seeds,Packaged_Dry,5,$2.99
736210061165,watercress OG seeds,Packaged_Dry,5,$2.99
891551000652,Foods Alive Coconut Sugar,Packaged_Dry,7,$5.99
705875100274,Barlean's Flax Chia Coconut Org.,Packaged_Dry,3,$13.89
089836194886,Frontier Seafood Seasoning Blackened,Packaged_Dry,1,$5.39
052603042550,Pacific Cashew Carrot Ginger Soup 32oz,Packaged_Dry,9,$6.99
706173010227,Natural Value Coconut Milk Org,Packaged_Dry,7,$4.29
043182003537,Let's Do   Sugar Cones Gluten Free bb 12/10/25,Packaged_Dry,1,$4.00
751217900965,Simply Delish Jel Desert Strawberry,Packaged_Dry,6,$2.99
675625355011,One Degree Brown Rice Cacao Crisps Cereal,Packaged_Dry,2,$6.89
851492002108,Coconut Secret  Aminos 16.9 oz,Packaged_Dry,3,$15.59
675625354014,One Degree Brown Rice Crisps Cereal,Packaged_Dry,6,$6.49
024182002591,Eden Beans Black Eyed Peas 15 Oz. F,Packaged_Dry,2,$3.99
074305066054,Bragg Nutritional Yeast Seasoning,Packaged_Dry,3,$7.49
842638005039,Pascha Chocolate Chips Unsweetened,Packaged_Dry,14,$14.49
708953601038,Lotus Foods Ramen Millet & Brown Rice  Single K,Packaged_Dry,9,$3.09
708953601014,Lotus Foods Ramen Forbidden Black Rice Single K,Packaged_Dry,2,$2.99
708953601021,Lotus Foods Ramen Jade Pearl Rice  Single k,Packaged_Dry,5,$2.99
786969010235,Napa Valley Grapeseed Oil 25.4oz,Packaged_Dry,12,$18.69
852469004286,Manuka Doctor Honey Manuka 60+ 8.75 oz (20+),Packaged_Dry,2,$19.99
850403000066,Namaste GF Spice Cake Mix,Packaged_Dry,6,$9.99
850403000660,Namaste GF Fudge Brownie Mix,Packaged_Dry,8,$8.19
708953602011,Lotus Foods Ramen Forbidden Black Rice 4 Pack U,Packaged_Dry,4,$7.99
708953602028,Lotus Foods Ramen Jade Pearl Rice 4 Pack U,Packaged_Dry,4,$7.99
708953600325,Lotus Foods Ramen Millet & Brown Rice 4 Pack K,Packaged_Dry,2,$7.49
799210666648,Bionaturae Fusilli WW Org 16oz U,Packaged_Dry,14,$4.29
737628004003,Thai Kitchen  Curry Paste Green 4oz,Packaged_Dry,3,$6.29
039978025425,Bob's TVP,Packaged_Dry,2,$5.29
736210061325,basil holy tulsi OG seeds,Packaged_Dry,5,$2.99
736210019012,bring home butterfly flower mix seeds,Packaged_Dry,5,$3.49
736210019050,shade flower mix seeds,Packaged_Dry,5,$3.49
736210019067,save the bees flower mix,Packaged_Dry,5,$3.49
736210031830,cauliflower snowball OG seeds,Packaged_Dry,5,$2.69
879884001553,Blue Mountain Org Raw Almond Butter 16 oz,Packaged_Dry,4,$14.89
736210020308,poppy Lauren's grape,Packaged_Dry,10,$2.99
894873002861,Frankferd Farms Flour Corn Blue Org 2#,Packaged_Dry,2,$6.29
894873002410,Frankferd Farms Flour Corn Meal Blue Org 2#,Packaged_Dry,2,$6.99
851278001059,Zellie's Gum Peppermint w/xylitol 100 pcs,Packaged_Dry,16,$13.49
799210980027,Bionaturae Tomato Diced  Org 28.2 oz U,Packaged_Dry,10,$5.99
799210545400,Bionaturae Lasagna Org,Packaged_Dry,3,$5.49
736210070204,save the bees flower mix LARGE,Packaged_Dry,5,$6.49
736210030604,pepper early jalapeno seeds,Packaged_Dry,5,$2.99
043182001014,Native Forest Coconut Milk Powder 5.25oz,Packaged_Dry,3,$5.29
817335042144,VerMints Ginger Mint Org,Packaged_Dry,6,$3.39
697658101076,Manitoba Harvest Hemp Seeds Hearts 7 oz Org,Packaged_Dry,4,$11.59
851278001097,Zellie's Gum Cinnamon w/xylitol 100 pcs,Packaged_Dry,11,$13.49
736210010392,sunflower mammoth seeds,Packaged_Dry,4,$2.99
733739070166,pine nuts OG 8oz NOW FOODS,Packaged_Dry,3,$18.99
012511406004,Wholesome Sweeteners Sugar Org FTC 32 oz,Packaged_Dry,2,$9.49
089125210303,Ancient Harvest Green Lentil & Quinoa Penne Pow,Packaged_Dry,5,$6.19
733739064103,agar powder 2oz NOW FOODS,Packaged_Dry,3,$9.99
708953601069,Lotus Foods Ramen Buckwheat Mushroom  Single K,Packaged_Dry,4,$2.99
710282930062,Coombs Maple Sugar 6oz,Packaged_Dry,6,$7.19
815369012287,Cadia Vegetable Broth LS Org 32 oz,Packaged_Dry,8,$3.69
810165019065,Yum Earth  Licorice Strawberry GF,Packaged_Dry,8,$5.99
810165019041,Yum Earth  Licorice Pomegranate GF,Packaged_Dry,6,$5.99
815369010467,Cadia Chicken Broth Org 32 oz,Packaged_Dry,4,$3.69
815369012140,Cadia Cookies Maple Org,Packaged_Dry,5,$6.19
850403000295,Namaste GF Fudge Brownie Mix Org,Packaged_Dry,4,$10.89
043182008693,Native Forest JackFruit Org,Packaged_Dry,5,$5.69
084253246262,Imagine Wild Mushroom Gravy,Packaged_Dry,2,$3.49
073214007400,Jeff's Naturals sliced Jalapenos,Packaged_Dry,5,$4.19
043182005296,Let's Do Organic Corn Starch,Packaged_Dry,3,$4.59
799210555515,Bionaturae Spaghetti Org U,Packaged_Dry,4,$4.29
815369016247,Cadia Salsa Hot Org 16 oz,Packaged_Dry,8,$5.19
829696000701,Wild Planet Skipjack Light Tuna,Packaged_Dry,14,$4.99
829696001203,Wild Planet White Anchovies W/ olive oil,Packaged_Dry,7,$3.99
851278001035,Zellie's Gum Spearmint w/xylitol 100 pcs,Packaged_Dry,18,$13.49
815369010092,Cadia Tomato Sauce Org 15 oz,Packaged_Dry,3,$2.99
052603056076,Pacific  Chicken Bone Broth 32 oz Org,Packaged_Dry,14,$9.59
736210030888,pepper sweet cali wonder orange,Packaged_Dry,5,$3.49
815369010085,Cadia Tomato Paste Org 6 oz,Packaged_Dry,5,$1.89
815369010429,Cadia  Maple Syrup Org Dark Robust 12oz,Packaged_Dry,6,$11.89
815369010665,Cadia Tuna Albacore NS 5 oz,Packaged_Dry,4,$4.19
815369010658,Cadia Tuna Albacore 5 oz,Packaged_Dry,7,$3.89
058449162070,Nature's Path  Granola Love Crunch Choc/Peanut Butter,Packaged_Dry,6,$7.59
815369011815,Cadia Mayonnaise Org 32oz,Packaged_Dry,2,$11.79
815369013475,Cadia Chia Seeds Black Org 12 oz,Packaged_Dry,8,$6.69
815369012799,Cadia Pasta Farfalle Org,Packaged_Dry,12,$3.59
815369012775,Cadia Pasta Spaghetti Org 16 oz,Packaged_Dry,7,$3.59
043182003926,Edward & Sons Bouillon Not-Beef,Packaged_Dry,12,$3.39
,Frankferd Farms Alfalfa Seeds 1# Org,Packaged_Dry,2,$19.99
850403000509,Namaste GF Egg Replacer 12 oz,Packaged_Dry,4,$10.99
012511466411,Wholesome Sweeteners Sugar Org Fair Trade 64 oz,Packaged_Dry,3,$12.99
829696000718,Wild Planet Skipjack Light Tuna NS,Packaged_Dry,8,$4.99
736210020353,cosmos sensation seeds,Packaged_Dry,5,$3.49
736210011566,lavender tall english,Packaged_Dry,5,$2.69
089125250408,Ancient Harvest Quinoa/Lentil Spaghetti GF U,Packaged_Dry,5,$5.99
728060100088,Celtic Sea Salt Light Gray 1lb Pouch,Packaged_Dry,6,$8.19
815369011310,Cadia Mayonnaise Org 16 oz,Packaged_Dry,3,$6.69
815369010788,Cadia Pasta Brown Rice Elbows GF,Packaged_Dry,5,$3.69
815369012133,Cadia Mustard Dijon Org 8oz,Packaged_Dry,3,$2.99
716270001882,Chocolove Extreme Dark Chocolate 88% 3.2 oz,Packaged_Dry,16,$4.79
716270040010,Chocolove Salted Almond Butter Dark Chocolate 55% 3.2 oz,Packaged_Dry,5,$4.79
815369010689,Cadia Tuna Tongol Lt NS 5 oz,Packaged_Dry,9,$2.89
815369010672,Cadia Tuna Tongol 5 oz,Packaged_Dry,6,$2.99
815369013567,Cadia Mustard Yellow Squeeze Org 14oz,Packaged_Dry,4,$3.39
815369016223,Cadia Salsa  Mild 16 oz,Packaged_Dry,4,$5.19
736210078026,broccoli sprouts seeds,Packaged_Dry,5,$6.49
815421013139,Jovial Beans Borlotti   13 Oz. U,Packaged_Dry,6,$4.39
815421013122,Jovial Beans Chickpeas Org.  13 Oz. U,Packaged_Dry,11,$4.99
815421011289,Jovial GF Brown Rice Farfalle K,Packaged_Dry,4,$5.69
728060104086,Celtic Sea Salt  Light Gray 3 oz  w/Grinder,Packaged_Dry,4,$9.99
815421014204,Jovial  Flour  Einkorn Whole Wheat 32 oz,Packaged_Dry,2,$11.19
856481003180,Lily's Dark Chocolate Chips Stevia Sweetened,Packaged_Dry,9,$9.99
728060107100,Celtic Sea Salt  Light Gray  Shaker 8 oz,Packaged_Dry,4,$8.99
089125260308,Ancient Harvest Red Lentil & Quinoa Rotini Pow,Packaged_Dry,6,$5.99
074305006104,Bragg Coconut Liquid Aminos 10oz,Packaged_Dry,11,$8.99
733739069436,stevia powder organic 4oz NOW FOODS,Packaged_Dry,2,$27.89
733739069603,stevia powder organic 1oz NOW FOODS,Packaged_Dry,3,$8.99
700360003122,maitake mushrooms dried OG .5oz Mycological,Packaged_Dry,3,$4.89
700360003177,shiitake dried .5oz,Packaged_Dry,3,$3.99
700360003061,porcini mushrooms dried OG .5oz Mycological,Packaged_Dry,5,$6.99
700360002125,maitake mushrooms dried OG 1oz Mycological,Packaged_Dry,2,$6.99
700360002064,porcini mushrooms dried OG 1oz Mycological,Packaged_Dry,4,$11.99
700360002170,shiitake mushrooms dried sliced OG 1oz Mycological,Packaged_Dry,6,$5.99
700360006185,stir-fry mushrooms dried OG .75oz Terra Dolce,Packaged_Dry,1,$5.79
700360006215,wood ear mushrooms dried OG .75oz,Packaged_Dry,2,$4.99
039978029744,Bob's Rice Flour Brown Org,Packaged_Dry,1,$8.59
894873002533,Frankferd Farms Flour Brown Rice 2# Organic,Packaged_Dry,2,$6.29
894873002373,Frankferd Farm Buckwheat Flour 2# Org,Packaged_Dry,1,$7.99
,Frankferd Farm Buckwheat Toasted Hulled (KASHA) 1# Org,Packaged_Dry,3,$6.49
024182002188,Eden Wasabi .88 oz,Packaged_Dry,6,$6.99
899587003197,Raw Revolution Glo Chocolate Chip Cookie Dough,Packaged_Dry,10,$3.29
879884000525,Blue Mountain Almond Butter Raw Org Sprouted 16 oz,Packaged_Dry,3,$14.79
043182002103,Let's Do Organic Coconut Cream Heavy 13.5 oz,Packaged_Dry,25,$4.29
024182002553,Eden Beans Navy  15 Oz. K,Packaged_Dry,5,$3.69
736210060649,catnip OG seeds,Packaged_Dry,5,$2.99
736210060816,chamomile OG seeds,Packaged_Dry,4,$3.49
736210030529,butterhead buttercrunch lettuce seeds,Packaged_Dry,5,$2.99
736210012853,marigold french naughty marietta,Packaged_Dry,5,$2.69
736210020421,calendula resina seeds,Packaged_Dry,4,$2.99
736210020124,amaranth burgundy seeds,Packaged_Dry,5,$2.69
736210020636,milkweed common seeds,Packaged_Dry,5,$3.49
736210020278,sunflower lemon queen seeds,Packaged_Dry,5,$3.49
736210001314,mustard red giant seeds,Packaged_Dry,5,$2.69
628451868057,Chickapea ChickPeas &  Yelllow Peas Shells 8 oz,Packaged_Dry,8,$5.39
042272005475,Amy's Soup Vegetable Southwestern,Packaged_Dry,7,$5.79
879884003533,Blue Mountain Org Raw European Almond Butter,Packaged_Dry,4,$16.99
073214007455,Jeff's Naturals Castelvetrano Olives Pitted U,Packaged_Dry,8,$8.49
039978009180,Bob's  Cornmeal Med Org,Packaged_Dry,3,$5.39
897988000531,Heavenly Organics Dark Chocolate Honey Pattie,Packaged_Dry,10,$0.49
728060107209,Celtic Sea Salt Fine Ground 8 oz Shaker,Packaged_Dry,3,$11.89
858631002043,ManukaGuard Honey Medical Grade 12+ 8.8 oz,Packaged_Dry,2,$49.99
856069005124,Simple Mills Cracker Almond Rosemary & Salt GF,Packaged_Dry,6,$5.89
897988012053,Heavenly Organics Honey Pattie Peppermint Bags,Packaged_Dry,3,$6.99
897988000319,Heavenly Organics Honey Pattie Peppermint 3 Pack,Packaged_Dry,12,$1.89
897988000364,Heavenly Organics Honey Pattie Double Dark Chocolate 3 Pack,Packaged_Dry,18,$1.89
011206004198,Wizard Worcestershire Sauce 8.5 oz GF,Packaged_Dry,10,$8.99
879884003694,Blue Mountain Org European Raw Almond Butter Sprouted 16 oz,Packaged_Dry,5,$22.99
042272006694,"Amy's Organic Soups - Quinoa, Kale & Red Lentil",Packaged_Dry,5,$5.69
,Frankferd Farms No-Salt Dry-Roasted Runner Peanuts Org 16oz,Packaged_Dry,5,$5.79
879884001911,Blue Mountain Cashew Butter,Packaged_Dry,4,$12.99
692752108808,Nutiva Coconut Oil Liquid Org 8 oz,Packaged_Dry,6,$16.99
024182000573,Eden Apple Sauce w/Strawberries,Packaged_Dry,9,$8.99
018788101406,Real Salt Shaker Kosher 10 oz,Packaged_Dry,7,$7.29
692752108884,Nutiva MCT Oil From Coconut Org 16 oz,Packaged_Dry,2,$26.49
700360007144,chipotle dried chili peppers OG 2oz,Packaged_Dry,2,$5.89
700360003139,oyster mushrooms dried OG.5oz Mycological,Packaged_Dry,3,$3.99
098308002802,Better Than Bouillon Organic Chicken Base Bouillon 8 oz,Packaged_Dry,4,$8.99
039978034533,Bob's Baking Flour 1 to 1  GF 22 oz,Packaged_Dry,1,$6.99
803813041051,Sunfood Org Black Botija Olives 8oz,Packaged_Dry,5,$17.99
803813101182,Sunfood Org Black Maca Powder 4 oz,Packaged_Dry,4,$9.99
,Frankferd Farm Buckwheat Raw Hulled Groats 1# Org,Packaged_Dry,3,$5.79
893470001604,Andean Dream Quinoa Orzo GF Org,Packaged_Dry,4,$5.89
893470001222,Andean Dream Quinoa Fusilli GF Org,Packaged_Dry,6,$5.89
073230008511,Crown Prince Smoked Oysters 3 oz,Packaged_Dry,5,$5.49
039978039378,Bob's Flaxseed Meal Org 16 oz,Packaged_Dry,5,$6.99
039978029362,Bob's Flaxseed Brown Org 13 oz,Packaged_Dry,3,$4.59
787420501170,Sjaaks Chocolate Stocking w/Almond  Butter,Packaged_Dry,4,$6.45
858847000871,Navitas Cacao Powder Org 8oz,Packaged_Dry,7,$12.59
799210980034,Bionaturae Tomato Crushed Org 28.2 oz U,Packaged_Dry,14,$5.99
863852000044,Swoffle Gluten Free Stroopwafels Vanilla Org,Packaged_Dry,25,$1.99
039978053817,Bob's  Almond Flour Blanched Finely Ground/Super Fine GF 16 oz,Packaged_Dry,4,$13.89
736210061332,basil lemon OG seeds,Packaged_Dry,5,$2.69
736210061356,tarragon mexican seeds,Packaged_Dry,5,$4.49
736210020094,calendula zeolights seeds,Packaged_Dry,5,$2.99
736210020483,hollyhock outhouse seeds,Packaged_Dry,5,$3.49
736210020360,larkspur blue seeds,Packaged_Dry,5,$2.99
736210030048,corn sweet true gold seeds,Packaged_Dry,5,$4.49
736210031236,cucumber marketmore OG seeds,Packaged_Dry,5,$3.49
736210031137,pumpkin howden seeds,Packaged_Dry,5,$4.49
736210031694,tomato cherry artisan seeds,Packaged_Dry,5,$3.49
736210031311,watermelon sugarbaby,Packaged_Dry,5,$3.49
736210076060,Cover crop buckwheat LARGE PKT Seeds,Packaged_Dry,5,$5.99
736210076091,Cover crop soil builder LARGE PKT Seeds,Packaged_Dry,5,$5.99
736210077517,cilantro/coriander LARGE PKT seeds,Packaged_Dry,5,$5.99
043182002073,Native Forest Coconut Cream Heavy 5.4,Packaged_Dry,8,$2.39
810165019003,Yum Earth Licorice Black GF,Packaged_Dry,9,$6.99
813551002306,Koyo Ramen Garlic Pepper Low Sodium U,Packaged_Dry,13,$2.19
042272005833,Amy's Soup Lentil LS GF,Packaged_Dry,2,$5.69
4018722100133,Berlin Alb Gold Vermicelli Suppennudeln White Spelt EggThin Soup Noodles,Packaged_Dry,4,$6.39
891756000433,Maya Kaimal Everyday Dal Red Lentil + Butternut Squash + Coconut,Packaged_Dry,5,$4.99
736210020445,echinacea purple coneflower seeds,Packaged_Dry,5,$2.99
736210078132,salad mix sprouts seeds LARGE,Packaged_Dry,10,$5.99
736210070099,bring home the butterflies seed mix LARGE,Packaged_Dry,5,$6.49
716270001301,Chocolove Milk Chocolate 3.2 oz,Packaged_Dry,6,$4.79
4018722344681,Berlin Alb Gold Spaghetti White Org,Packaged_Dry,4,$7.99
043182003933,Edward & Sons Bouillon Garden Vegetable K,Packaged_Dry,1,$3.29
858010005580,Tony's Chocolonely Milk Chocolate 6 oz,Packaged_Dry,18,$6.79
858010005627,Tony's Chocolonely Dark Chocolate 6 oz,Packaged_Dry,11,$7.89
706173013020,Natural Value Pasta Sauce Tomato Basil Org,Packaged_Dry,13,$4.59
042563009045,raisins dark chocolate covered OG 8.5oz Woodstock,Packaged_Dry,4,$8.39
039978029393,Bob's Flaxseed Golden Org 13 oz,Packaged_Dry,4,$4.79
733739069382,Stevia English Toffee 2oz NOW FOODS,Packaged_Dry,1,$11.99
851844005023,xylichew spearmint gum 12pcs,Packaged_Dry,17,$1.99
851844005009,xylichew peppermint gum 12pcs,Packaged_Dry,3,$1.99
851844005085,xylichew black licorice gum 12pcs,Packaged_Dry,27,$1.99
851844005313,xylichew black ice mint gum 12pcs,Packaged_Dry,27,$1.99
023547300525,Emerald Cove Toasted Sushi Nori Org,Packaged_Dry,4,$29.99
018788102625,Real Salt Pouch 16oz,Packaged_Dry,5,$10.49
039978013859,Bob's Steel Cut Oats GF Org 24 oz,Packaged_Dry,3,$9.39
039978013873,Bob's Red Mill Org GF Rolled Oats 32 oz,Packaged_Dry,5,$11.49
039978013880,Bob's Oat Quick GF Org 28 oz,Packaged_Dry,3,$11.49
815369012126,Cadia Mustard Whole Grain Org 8oz,Packaged_Dry,3,$2.99
856293003248,Tree Hugger Bubblegum  Citrus Berry,Packaged_Dry,7,$3.19
817335042137,VerMints Wintergreen Org,Packaged_Dry,7,$3.39
899587003241,Raw Revolution Glo Double Chocolate Brownie Batter,Packaged_Dry,10,$2.89
047495112900,fig bar blueberry single natures bakery,Packaged_Dry,12,$1.39
891756000440,Maya Kaimal Everyday Dal Black Lentil +  Tomato + Cumin,Packaged_Dry,7,$4.99
039978029560,Bob's Oatmeal Scottish Org. 20 oz U,Packaged_Dry,3,$7.89
039978024527,Bob's All Purpose Baking Flour GF,Packaged_Dry,2,$5.89
829262000968,Bobo's Oat Bar Stuffed Chocolate Almond,Packaged_Dry,10,$2.99
675625371073,One Degree Sprouted Rolled Oats Org GF,Packaged_Dry,3,$7.99
675625373077,One Degree Sprouted Steel Cut Oats Org GF,Packaged_Dry,2,$7.99
675625372070,One Degree Sprouted Quick Oats Org GF,Packaged_Dry,4,$8.89
058449189084,Nature's Path Cereal Golden Turmeric Flakes,Packaged_Dry,4,$6.99
035742222359,Health Valley Chicken Noodle Soup 15oz Org NS,Packaged_Dry,4,$5.59
728060901012,Celtic Sea Salt Makai Deep Sea 8 oz,Packaged_Dry,4,$12.99
646628000239,Maskal Teff Grain Brown,Packaged_Dry,4,$7.49
854273005183,Ellyndale Organic Sesame Oil 8.45oz,Packaged_Dry,7,$7.89
728060100118,Celtic Sea Salt Fine Ground 16 oz,Packaged_Dry,8,$14.49
859392005229,Thunderbird Bar Hazelnut + Coffee + Maca,Packaged_Dry,10,$2.69
043182002059,Let's Do Organic Coconut Milk Sweetened Condensed 7.4 oz,Packaged_Dry,1,$5.39
891756000457,Maya Kaimal Green Split Pea+  Spinach + Coconut,Packaged_Dry,3,$4.99
879026031004,Bono Castelvetrano Olives Pitted 5.3 oz,Packaged_Dry,12,$6.39
854273005107,Ellyndale Almond Oil 16.9oz NOW FOODS,Packaged_Dry,6,$10.99
757645021524,Newman-O's Vanilla Creme Cookie 13oz,Packaged_Dry,4,$7.19
736210030260,lettuce romaine paris cos seeds,Packaged_Dry,5,$3.49
736210002892,onion shallot zebrune seeds,Packaged_Dry,4,$3.49
736210072802,cover crop clover LARGE PKT Seeds,Packaged_Dry,5,$5.99
736210031007,kale nero toscana lacinato OG seeds,Packaged_Dry,10,$3.49
736210001635,squash summer scallop seeds,Packaged_Dry,5,$2.69
736210031601,tomato chocolate cherry seeds,Packaged_Dry,5,$2.99
736210031069,turnip purple top white globe seeds,Packaged_Dry,5,$2.69
736210020520,sunflower heirloom beauties seeds,Packaged_Dry,5,$3.49
,Goodell Maple Nuts Almonds,Packaged_Dry,1,$6.89
728060104000,Celtic Sea Salt  Coarse Light Gray Pouch 8 oz,Packaged_Dry,6,$4.99
047495710014,Nature's Bakery Fig Bar Blueberry GF,Packaged_Dry,1,$1.39
736210031328,beets gourmet blend seeds,Packaged_Dry,5,$3.49
736210070051,shade flower mix LARGE,Packaged_Dry,5,$6.49
898392005198,Wildly Organic Cacao Nibs Fermented,Packaged_Dry,3,$12.99
733739067241,sesame sticks garlic 9oz NOW FOODS,Packaged_Dry,2,$4.69
733739067593,sesame sticks whole wheat 9oz NOW FOODS,Packaged_Dry,4,$4.69
736210072055,sunflower florist's sunny bouquet LARGE,Packaged_Dry,5,$6.49
,Frankferd Farms Dahl Split Yellow Mung Beans  1# Org,Packaged_Dry,2,$6.59
767963013781,Starwest Botanicals Irish Moss/ Sea Moss C/S Org 1lb.,Packaged_Dry,1,$36.79
859392005359,Thunderbird Bar Chocolate Coconut Cashew,Packaged_Dry,13,$2.69
023547916313,Emerald Cove Arame Pacific 1.76 oz.,Packaged_Dry,2,$13.99
859392005342,Thunderbird Bar Chocolate  Almond Butter Sea Salt,Packaged_Dry,3,$2.69
867905000074,Louisville Vegan Jerky Carolina BBQ 3oz,Packaged_Dry,8,$7.49
039978043818,Bob's  Almond Flour Blanched Finely Ground/Super Fine GF 2 lb bb 12/20/25,Packaged_Dry,1,$13.50
085696609102,Mori-Nu Silken Tofu Soft Org 12.oz,Packaged_Dry,12,$3.79
023547222032,Emperor's Kitchen Umeboshi Paste 6oz,Packaged_Dry,1,$9.99
861555000118,4th & Heart Ghee Original 9 oz,Packaged_Dry,4,$14.99
851844005047,xylichew cinnamon gum 12pcs,Packaged_Dry,35,$1.99
628451868620,Chickapea Pasta Dish Jalapeno Cheddar,Packaged_Dry,4,$6.39
728060105007,Celtic Sea Salt Fine Ground  8 oz,Packaged_Dry,5,$7.99
039978049407,Bob's Flaxseed Meal Golden Org 16 oz,Packaged_Dry,3,$7.49
859750003294,pineapple dried OG 2oz mavuno,Packaged_Dry,4,$4.29
898392004641,Wildly Organic Cacao Powder Fermented 8 oz,Packaged_Dry,5,$12.49
039978113139,Bob's Rye Flour Org,Packaged_Dry,4,$4.79
858847000680,Navitas Cacao Nibs Org 8oz,Packaged_Dry,3,$12.99
858010005702,Tony's Chocolonely Milk Chocolate Hazelnut 6 oz,Packaged_Dry,7,$6.59
3032228113221,Bob's Red Mill Vital Wheat Gluten,Packaged_Dry,4,$10.89
018788103806,Real Salt Coarse Sea Salt Pouch 16oz,Packaged_Dry,2,$9.99
858010005603,Tony's Chocolonely Milk Chocolate w/ Caramel & Sea Salt6 oz,Packaged_Dry,12,$6.79
898392005204,Wildly Organic Chocolate Syrup,Packaged_Dry,6,$13.39
765299031042,Maple Valley Organic Maple Sugar 5oz Glass Jar,Packaged_Dry,10,$9.69
765299000062,Maple Valley Organic Maple Candy,Packaged_Dry,1,$5.29
815369012676,Cadia Raisin Bran Cereal,Packaged_Dry,3,$5.99
725342269266,Muir Glen Diced Tomatoes Fire Roasted NS 14.5oz,Packaged_Dry,7,$4.19
,Frankferd Farms Pancake Mix 7 Grain Org 32 oz,Packaged_Dry,3,$6.29
736210020391,pollinator mix seeds,Packaged_Dry,5,$4.49
736210020537,love in a mist seeds,Packaged_Dry,5,$3.49
736210020049,zinnia giant purple seeds,Packaged_Dry,5,$3.49
736210070181,fairy meadow mix seeds LARGE,Packaged_Dry,5,$6.49
736210001840,pepper ancho poblano seeds,Packaged_Dry,5,$2.69
024182000856,Eden Umeboshi Plum Balls 2.28oz,Packaged_Dry,1,$23.50
815421011296,Jovial GF Brown Rice Shells K,Packaged_Dry,9,$6.19
857360004403,Element Rice Cakes Dark Chocolate Dipped,Packaged_Dry,7,$5.99
843076000228,Lakanto Monkfruit Sweetener with Erythritol  1pound,Packaged_Dry,9,$10.99
850180006060,Hu Chocolate Hazelnut Butter Bar,Packaged_Dry,1,$6.39
024182120615,Eden Hacho Miso,Packaged_Dry,5,$10.69
868335000306,all seed sesame flats GF 4.8oz ella's,Packaged_Dry,8,$7.99
850180006053,Hu Chocolate Salty Dark 70% Bar,Packaged_Dry,13,$6.39
856069005582,Simple Mills Pita Cracker Himalayan Salt GF,Packaged_Dry,5,$5.89
043182002066,Native Forest Coconut Milk Pure & Simple Org,Packaged_Dry,12,$4.99
767963115409,Starwest Botanicals Bladderwrack powder OG,Packaged_Dry,1,$12.99
620133003091,Kinnikinnick Graham Crackers S'morables GF,Packaged_Dry,3,$4.49
856516002331,Mamma Chia Black Chia Seeds Org. 12 oz,Packaged_Dry,5,$8.59
815369013611,Cadia Extra Virgin Olive Oil Org Mediterrean 500 ml,Packaged_Dry,6,$11.99
819019020110,Olyra Cinnamon Tahini Biscuits Org,Packaged_Dry,10,$5.59
725342488100,Muir Glen  Salsa Black Bean & Corn,Packaged_Dry,10,$6.99
675625359064,One Degree Sprouted Granola Quinoa Cacao,Packaged_Dry,6,$7.49
850180006008,Hu Chocolate Almond Butter w/ Quinoa Bar,Packaged_Dry,7,$6.39
073416197749,Lundberg Rice  Long Grain  White 32 oz,Packaged_Dry,5,$9.69
859480006633,Safe Catch Sardines W/ olive oil,Packaged_Dry,12,$3.49
859480006763,Safe Catch Sardines W/ water,Packaged_Dry,5,$3.49
813724024654,Watkins Rainbow Sprinkles,Packaged_Dry,8,$5.49
891756000600,Maya Kaimal Green Garbanzos +  Corn + Coriander,Packaged_Dry,6,$4.99
819019020134,Olyra Hazelnut Carob Biscuits Org,Packaged_Dry,1,$5.99
819019020158,Olyra Anise Fig Biscuits Org,Packaged_Dry,4,$5.99
858010005948,Tony's Chocolonely Mini Milk Chocolate,Packaged_Dry,58,$0.69
858010005993,Tony's Chocolonely Mini Milk Chocolate Caramel,Packaged_Dry,50,$0.59
898392000599,Wildly Organic Coconut Sugar 16 oz,Packaged_Dry,1,$7.69
891551000492,sesame seeds black OG 12oz foods alive,Packaged_Dry,7,$7.99
855941007171,Peaceful Fruits  Fruit Strips Passionfruit,Packaged_Dry,3,$1.69
861239000144,Peaceful Fruits  Fruit Strips Strawberry & Acai Org,Packaged_Dry,3,$1.69
815369014380,Cadia Cranberry Sauce Jellied Org 14voz,Packaged_Dry,8,$3.29
799210666617,Bionaturae Spaghetti WW Org U,Packaged_Dry,6,$4.29
855941007119,Peaceful Fruits  Fruit Strips Original Acai,Packaged_Dry,7,$1.69
089836660329,cream of tartar .8 oz frontier,Packaged_Dry,4,$2.89
858061008141,Anthela Pink Himalayan Salt Grinder 3.8 oz,Packaged_Dry,12,$4.79
893470001208,Andean Dream Quinoa Spaghetti GF Org,Packaged_Dry,4,$5.29
042272006267,Amy's Mushroom Porcini Bisque Soup,Packaged_Dry,5,$5.69
863852000006,Swoffle Gluten Free Stroopwafels Caramel Org,Packaged_Dry,5,$1.99
858010005436,Tony's Chocolonely Milk Chocolate Honey Almond Nougat 6 oz exp 1/29/26,Packaged_Dry,18,$5.00
856261006790,Solely Fruit Jerky Mango Chii & Salt Org,Packaged_Dry,7,$1.99
894873002045,Frankferd Farms Pancake Buckwheat Mix Org 32 oz,Packaged_Dry,4,$6.59
850008080463,cherries tart dried OG 12oz foods alive,Packaged_Dry,3,$13.99
700360007199,anaheim dried peppers OG 2oz,Packaged_Dry,1,$4.39
815369019873,Cadia Pasta Linguine  Org,Packaged_Dry,4,$3.59
736210030284,beet touchstone gold OG seeds,Packaged_Dry,5,$4.99
736210030161,carrot danvers seeds,Packaged_Dry,5,$3.49
736210030802,pepper sweet banana OG seeds,Packaged_Dry,5,$2.99
736210030642,tomatillo grande  rio verde  OG seeds,Packaged_Dry,4,$2.99
736210060120,wild bergamot seeds,Packaged_Dry,4,$2.99
736210020476,cleome fountain blend seeds,Packaged_Dry,5,$2.99
736210020346,cosmos sea shells seeds,Packaged_Dry,5,$3.49
736210020117,marigold signet gem OG seeds,Packaged_Dry,5,$2.99
736210070266,edible beauties LARGE,Packaged_Dry,5,$6.49
850180006077,Hu Chocolate Cashew Butter Vanilla Bar,Packaged_Dry,4,$6.39
042563013660,Woodstock  Pickle Dill Whole 24 oz,Packaged_Dry,4,$8.49
042563013653,Woodstock  Pickle Dill Whole Baby 24 oz,Packaged_Dry,3,$8.39
042563013677,Woodstock  Pickle Dill Sliced 24 oz,Packaged_Dry,4,$8.49
024182159004,Eden Agar Agar Bars,Packaged_Dry,1,$5.99
817670012185,Alter Eco Total Blackout 100%  Bar,Packaged_Dry,12,$6.49
858010005108,Tony's Chocolonely Milk Chocolate w/ Caramel & Sea Salt 1.7 oz,Packaged_Dry,13,$2.39
866206000233,Undercover Dark Chocolate & Sea Salt Crispy Quinoa,Packaged_Dry,7,$3.99
736210002083,brussels sprouts long island imroved seeds,Packaged_Dry,5,$2.69
736210060007,basil cardinal OG seeds,Packaged_Dry,5,$1.05
736210076152,lettuce salad bowl LARGE,Packaged_Dry,5,$5.99
788214000114,Authentic Foods Falafel Mix,Packaged_Dry,6,$8.99
851618001596,vanilla paste 2oz singing dog,Packaged_Dry,4,$13.99
813724024692,Watkins Rainbow Sugar,Packaged_Dry,6,$5.49
726635410419,YS Organic  Royal Jelly/Pollen/Propolis & Ginseng #400,Packaged_Dry,6,$21.79
815421013108,Jovial Beans Cannellini Org.  13 Oz. U,Packaged_Dry,5,$4.99
856516002348,Mamma Chia White Chia Seeds Org. 12 oz,Packaged_Dry,7,$8.59
850180006497,Hu Chocolate Hunks Almond  w/Sea Salt,Packaged_Dry,6,$8.79
861239000168,Peaceful Fruits  Fruit Strips Mango,Packaged_Dry,6,$1.69
851769007973,Siete Grain Free  Cookies Mexican Shortbread,Packaged_Dry,11,$5.39
851769007966,Siete Grain Free  Cookies Mexican Wedding,Packaged_Dry,11,$5.39
856069005766,Simple Mills Cracker Seed Garlic & Herb GF Org,Packaged_Dry,4,$5.89
815369010818,Cadia Pasta Fettuccine Brown Rice 16 oz,Packaged_Dry,13,$3.69
736210060014,marjoram OG seeds,Packaged_Dry,4,$4.49
024182002867,Eden Green Lentils w/ onion & bay leaf,Packaged_Dry,11,$3.99
856261006110,Solely Fruit Jerky Mango Org,Packaged_Dry,4,$1.99
708953641027,Lotus Foods Traditional Pad Thai  Rice Noodles Org 8 oz,Packaged_Dry,6,$5.69
815369012317,Cadia Seaweed Roasted Teriyaki,Packaged_Dry,4,$2.29
815369014007,Cadia Seaweed Roasted Salted Org .35 oz,Packaged_Dry,4,$2.59
039978112842,Bob's Creamy White Corn Grits,Packaged_Dry,1,$4.79
850403000585,Namaste GF Devil's Food Cake Mix Org,Packaged_Dry,2,$8.89
879884001188,Blue Mountain Hazelnut Butter  Raw Org Sprouted 16 oz,Packaged_Dry,7,$21.99
810165019614,Yum Earth  Fruit Chews Org 5 oz,Packaged_Dry,5,$6.99
851702007169,Kettle & Fire Bone Broth Beef  Low Sodium,Packaged_Dry,2,$5.49
035742222342,Health Valley Chicken & Rice Soup 15oz Org NS GF,Packaged_Dry,3,$5.59
736210020070,sunflower evening sun seeds,Packaged_Dry,5,$2.99
018787505595,Dr. Bronner's Chocolate Bar Coconut Praline,Packaged_Dry,6,$4.99
018787505786,Dr. Bronner's Chocolate Bar Roasted Hazelnut,Packaged_Dry,10,$4.99
018787505687,Dr. Bronner's Chocolate Bar Crispy Hazelnut Butter,Packaged_Dry,7,$5.99
018787505588,Dr. Bronner's Chocolate Bar Salted Almond Butter,Packaged_Dry,7,$4.99
018787505793,Dr. Bronner's Chocolate Bar Salted Whole Almond,Packaged_Dry,8,$5.99
018787505694,Dr. Bronner's Chocolate Bar Dark Salted,Packaged_Dry,13,$6.99
810165017450,Yum Earth Organic Candy Canes 10 count,Packaged_Dry,4,$9.19
852469004224,Manuka Doctor Honey Manuka 80+ 8.75 oz (20+),Packaged_Dry,2,$24.99
812446030028,A Dozen Cousins Trini Chickpea Curry,Packaged_Dry,5,$4.29
812446030004,A Dozen Cousins Cuban Black Beans,Packaged_Dry,5,$4.19
850043074380,Hu Semi Sweet Chocolate Baking Chips 45% Org,Packaged_Dry,3,$10.89
039047016521,Walkers Shortbread Gingerbread Man,Packaged_Dry,8,$5.99
047495210002,fig bar apple box nature's bakery,Packaged_Dry,5,$6.99
047495210019,fig bar blueberry box natures bakery,Packaged_Dry,4,$6.99
024182000887,blueberries dried OG 4oz eden,Packaged_Dry,4,$14.00
850036769200,hazelnuts raw OG 4oz pouch boxford bakehouse,Packaged_Dry,1,$3.95
859056001635,figs white turkish OG 4oz pouch boxford bakehouse,Packaged_Dry,13,$4.99
850036769668,sunflower seeds roasted salted OG 4oz pouch boxford bakehouse,Packaged_Dry,14,$3.69
859056001178,apple rings OG 6oz pouch boxford bakehouse,Packaged_Dry,7,$7.99
859056001383,cranberries OG 8oz pouch boxford bakehouse,Packaged_Dry,2,$7.29
859056001628,figs white turkish OG 8oz pouch boxford bakehouse,Packaged_Dry,7,$6.79
850036769101,cashews raw OG 8oz pouch boxford bakehouse,Packaged_Dry,1,$9.19
011206000947,Edward & Sons Miso-Cup Seaweed  Box U,Packaged_Dry,5,$6.39
620133003251,Kinnikinnick Vanilla Wafers GF,Packaged_Dry,1,$3.99
840379101973,Justin's Crispy Peanut Butter Cups Dark Chocolate,Packaged_Dry,7,$2.99
042563604677,Field Day Pickle  Relish Sweet Org,Packaged_Dry,12,$5.69
602938538152,Triple Crown  Black Garlic BBQ Sauce Org,Packaged_Dry,1,$8.99
850024267336,Hu Chocolate Almond Crunch Bar,Packaged_Dry,12,$6.39
815369016384,Cadia  Vinegar White Wine 16.9 oz Org,Packaged_Dry,9,$5.19
815369016377,Cadia  Vinegar Red Wine 16.9 oz Org,Packaged_Dry,9,$5.19
089836185419,Simply Organic Mushroom Sauce Mix,Packaged_Dry,4,$2.09
736210031168,bean bush jade OG seeds,Packaged_Dry,5,$3.49
736210030741,beet detroit dark OG seeds,Packaged_Dry,5,$2.99
736210030314,bok choy baby choi OG seeds,Packaged_Dry,4,$2.99
736210030796,kale dazzling blue OG seeds,Packaged_Dry,10,$3.49
736210030253,lettuce black seeded simpson OG seeds,Packaged_Dry,5,$3.49
736210030789,okra clemson spineless OG seeds,Packaged_Dry,5,$2.69
736210002489,squash summer max's gold seeds,Packaged_Dry,5,$3.49
736210031113,squash waltham butternut OG seeds,Packaged_Dry,5,$4.49
736210060922,sage broadleaf OG seeds,Packaged_Dry,5,$2.99
736210019029,fairy meadow mix seeds,Packaged_Dry,5,$3.49
736210020629,hyssop anise seeds,Packaged_Dry,5,$3.49
736210020544,morning glory pinwheel OG seeds,Packaged_Dry,5,$2.99
736210020612,snapdragon tall maximum seeds,Packaged_Dry,5,$2.99
736210075025,zinnia cut and come again seeds LARGE,Packaged_Dry,5,$6.49
736210078194,sprouts clover LARGE PKT Seeds,Packaged_Dry,5,$5.99
857682003016,Barnana Bites Chewy Chocolate Org,Packaged_Dry,8,$4.29
708953509037,Lotus Foods Rice White Jasmine &  Forbidden Org 8 oz,Packaged_Dry,2,$4.19
840379102284,Justin's Peanut Butter Cups Dark Chocolate Bag,Packaged_Dry,6,$8.59
850180006756,Hu Chocolate Gems Dark Simple Snacking 9 oz,Packaged_Dry,2,$12.19
850180006206,Hu Chocolate Quinoa Vanilla Crunch Bar,Packaged_Dry,12,$6.39
850180006442,Hu Chocolate Cashew Butter + Raspberry Bar,Packaged_Dry,10,$6.39
859056001017,granola great heart cranberry walnut OG 12oz boxford bakehouse,Packaged_Dry,2,$6.49
075172079413,Panda Licorice Stick Black,Packaged_Dry,13,$1.09
854598005233,Funny Farm Goat Cheddar Macaroni & Cheese GF Shells Box,Packaged_Dry,11,$4.99
850036769477,cashews everything bagel OG 4oz pouch boxford bakehouse,Packaged_Dry,8,$6.89
850036769637,pumpkin seeds roasted salted OG 4oz pouch boxford bakehouse,Packaged_Dry,10,$4.99
850036769293,pine nuts raw OG 4oz pouch boxford bakehouse,Packaged_Dry,9,$8.99
711464015812,Blue Dragon Spring Roll Wrappers,Packaged_Dry,9,$3.19
850711006033,Emmy's Coconut   Cacao Cookies Org,Packaged_Dry,7,$5.79
850711006040,Emmy's Coconut   Vanilla Cookies Org,Packaged_Dry,7,$6.49
817335042175,VerMints Cinnamon Org,Packaged_Dry,7,$3.39
039978025258,Bob's Potato Starch GF 22oz,Packaged_Dry,3,$6.29
024182001907,cranberries dried 1oz eden,Packaged_Dry,22,$1.49
767963013804,Starwest Botanicals Irish Moss/ Sea Moss powder Org 1lb.,Packaged_Dry,1,$34.99
815369013680,Cadia Tri-color Blend Quinoa Org 16 oz,Packaged_Dry,6,$5.89
,Frankferd Farms Flour Whole Wheat All-Purpose 2# Organic,Packaged_Dry,1,$6.49
851844005436,xylichew pomegranate raspberry gum 12pcs,Packaged_Dry,6,$1.99
860005793105,Let's Date Date Sugar 12 oz Org,Packaged_Dry,6,$8.69
860005793112,Let's Date Date Syrup 14 oz Org,Packaged_Dry,7,$7.49
628055758457,Fody Balsamic Ceasar Dressing No Onion No Garlic,Packaged_Dry,9,$6.49
815369016261,Cadia  Maple Syrup Org Dark Robust 32oz,Packaged_Dry,6,$24.79
039978501035,Bob's Muesli  18 oz,Packaged_Dry,2,$6.69
854598005202,Funny Farm Goat Cheddar Macaroni & Cheese  Box,Packaged_Dry,8,$4.59
058449779032,Nature's  Path Whole O's GF Org 11.5 oz,Packaged_Dry,10,$6.69
815369014649,Cadia Coconut Milk Light 13.5 oz can,Packaged_Dry,10,$2.69
683855060216,Timeless Black Butte Chickpeas 14 oz,Packaged_Dry,2,$6.59
811961022631,Navitas Cacao Butter Wafers Org 8oz,Packaged_Dry,3,$16.99
039978001146,Bob's Muesli  W/Fruit & Seeds 14 oz U,Packaged_Dry,1,$8.99
856261006158,Solely Fruit Jerky Banana Cacao Org,Packaged_Dry,10,$2.29
810091780220,Siete Refried Org Pinto Beans,Packaged_Dry,8,$3.59
810091780213,Siete Refried Org Black Beans,Packaged_Dry,11,$3.59
041736084018,Filippo Berio Basil Pesto Org,Packaged_Dry,6,$6.99
041736046306,Filippo Berio Balsamic Vinegar Org,Packaged_Dry,1,$7.29
041736074019,Filippo Berio Balsamic Vinegar Glaze Org,Packaged_Dry,2,$7.99
842638005022,Pascha Chocolate Chips 85% Cacao Org,Packaged_Dry,8,$15.49
842638005015,Pascha Chocolate Chips 55% Cacao Org,Packaged_Dry,13,$11.99
810165019416,Yum Earth Sour Giggles Candy 5oz,Packaged_Dry,4,$5.99
850036769781,cashews cajun OG 4oz pouch boxford bakehouse,Packaged_Dry,4,$4.60
815369013406,Cadia Carrot Coconut Soup Org 32,Packaged_Dry,7,$3.99
071012075232,King Arthur Measure for Measure Flour  GF 48 oz,Packaged_Dry,4,$15.29
098308002826,Better Than Bouillon Organic Vegetable Base Bouillon 8 oz,Packaged_Dry,3,$8.59
098308002840,Better Than Bouillon Organic Mushroom Base Bouillon 8 oz U,Packaged_Dry,4,$7.69
075172079420,Panda Licorice  Stix Strawberry,Packaged_Dry,17,$1.09
865174000351,Just Date Syrup Pomegranate Molasses  Org 8.8 oz,Packaged_Dry,5,$10.99
853665005831,Mary's Gone Crackers Cheeze & Herbs 4 oz,Packaged_Dry,5,$6.49
868335000337,pumpkin seed flats GF 1oz ella's,Packaged_Dry,36,$2.69
850711006057,Emmy's Coconut   Chocolate Chip Cookies Org,Packaged_Dry,3,$6.49
716270040089,Chocolove Dark Chocolate Mint Creme Bar  3 oz,Packaged_Dry,13,$5.39
018787505892,Dr. Bronner's Chocolate Bar Cool Peppermint Cream,Packaged_Dry,2,$5.99
849131001810,Maple Joe Organic Maple Sugar 7.76 oz,Packaged_Dry,10,$9.79
708271222502,Zoe Org Olive Oil 2.5 liter,Packaged_Dry,7,$63.79
621683920555,Tinkyada Elbows,Packaged_Dry,2,$3.99
813724024685,Watkins Green Sugar,Packaged_Dry,6,$4.99
815421011920,Jovial  Cassava Penne GF K,Packaged_Dry,6,$5.49
815421011906,Jovial  Cassava Spaghetti GF K,Packaged_Dry,4,$4.99
858034006921,Maya Kaimal Everyday Dal Yellow Lentil +  Tomato + Garlic,Packaged_Dry,4,$4.99
858034006938,Maya Kaimal Everyday Chana Chickpeas+  Potato + Warm Spices U,Packaged_Dry,5,$5.29
863743000405,Cahokia Rice  White 32 oz  High Protein,Packaged_Dry,2,$5.49
863743000412,Cahokia Rice  Brown 32 oz  High Protein,Packaged_Dry,4,$5.49
850036769224,macadamia raw OG 8oz pouch boxford bakehouse,Packaged_Dry,8,$17.79
859056001567,prunes OG 8oz pouch boxford bakehouse,Packaged_Dry,3,$8.19
849131001797,Maple Joe Organic Maple Butter 7.76 oz,Packaged_Dry,3,$8.59
736210031397,bean bush yellow gold rush OG seeds,Packaged_Dry,5,$3.49
736210020414,marigold french red seeds,Packaged_Dry,5,$2.69
736210020551,zinnia benary's giant blend seeds,Packaged_Dry,5,$3.49
736210077500,basil italian genovese OG seeds LARGE,Packaged_Dry,5,$5.99
736210077524,basil six blend OG seeds LARGE,Packaged_Dry,5,$4.99
013562300846,Annie's Shells & Aged Cheddar Box,Packaged_Dry,7,$3.89
098308225812,Better Than Bouillon No Chicken Base Bouillon 8 oz,Packaged_Dry,6,$6.99
051500507872,Santa Cruz Peanut Butter Crunchy Dark Roast Org 16oz,Packaged_Dry,2,$9.19
700360007212,thai bird dried chili peppers OG .5oz,Packaged_Dry,1,$4.99
725342283019,Muir Glen  Pizza Sauce Org,Packaged_Dry,9,$4.29
810057554841,Cadia Avocado Oil,Packaged_Dry,5,$11.39
697658692246,Manitoba Harvest Granola Dark Chocolate  Hemp Org,Packaged_Dry,5,$7.49
805509082409,brazil nuts raw  OG 5.3oz elan,Packaged_Dry,16,$8.79
628451868569,Chickapea Pasta Lasagne 8 oz,Packaged_Dry,8,$4.99
751217950090,Simply Delish Jel Desert Unflavored,Packaged_Dry,4,$2.99
815369016810,Cadia Pasta Sauce Arrbiata Org 24 oz,Packaged_Dry,7,$5.19
860001224764,Louisville Vegan Jerky General Tso's 3oz,Packaged_Dry,11,$7.49
850036769903,cherries tart red OG 4oz pouch boxford bakehouse,Packaged_Dry,12,$6.79
850036769880,cashews chocolate covered OG 6oz pouch boxford bakehouse,Packaged_Dry,12,$10.99
879884002116,Blue Mountain  Pistachio Butter Raw Org 16 oz,Packaged_Dry,1,$33.99
810165014619,Yum Earth Elderberry Lollipops 3.3oz Org,Packaged_Dry,9,$6.79
851618001725,vanilla pure extract double strength OG 4oz singing dog,Packaged_Dry,2,$24.99
810091780299,Siete Refried Org Ranchero Beans,Packaged_Dry,8,$3.99
810091780282,Siete Org Charro Beans,Packaged_Dry,9,$3.99
850011828328,Tony's Chocolonely Milk Chocolate  Caramel Cookie 6 oz U,Packaged_Dry,1,$6.59
810057554988,Cadia Pickle Kosher Baby Dills,Packaged_Dry,5,$4.29
810057554971,Cadia Pickle Relish Dill,Packaged_Dry,5,$2.99
810057554964,Cadia Pickle Kosher Dills Spears,Packaged_Dry,10,$4.29
860003300411,all seed everything flats GF 4.8oz ella's,Packaged_Dry,2,$7.99
868335000313,pumpkin seed hemp flats GF 4.8oz ella's,Packaged_Dry,8,$7.99
071879200013,Jennie's Coconut  Bar Chocolate Goji Cranberries Org,Packaged_Dry,5,$2.39
071879200020,Jennie's Coconut  Bar Chocolate w/ Cacao Nibs Org,Packaged_Dry,11,$1.99
716270051658,Chocolove Mini Rich Dark U,Packaged_Dry,2,$2.59
047495210026,fig bar original whole wheat box nature's bakery,Packaged_Dry,5,$6.99
047495117806,fig bar original whole wheat single natures bakery,Packaged_Dry,6,$1.39
073416574601,Lundberg Ready  To Heat Coconut Rice Pilaf Org,Packaged_Dry,4,$4.59
815369016230,Cadia Salsa  Medium 16 oz,Packaged_Dry,5,$5.19
716270051320,Chocolove Mini Milk Chocolate Hazelnut U,Packaged_Dry,14,$2.99
815369016254,Cadia Ketchup 20oz Org,Packaged_Dry,3,$4.59
850036769583,cashews roasted salted OG 8oz pouch boxford bakehouse,Packaged_Dry,15,$10.99
751217901023,Simply Delish Jel Desert Orange,Packaged_Dry,3,$2.99
751217950069,Simply Delish Keto Pudding Strawberry,Packaged_Dry,1,$2.99
815421018004,Jovial  Mac & Cheese White Cheddar Org GF,Packaged_Dry,8,$5.39
815421018035,Jovial  Vegan Mac Org GF K,Packaged_Dry,6,$4.89
850008080098,sunflower lecithin OG,Packaged_Dry,1,$15.99
,Frankferd Farms High Mountain  High Gluten Wheat Flour Org Central Milling (5#) on sale,Packaged_Dry,1,$10.69
829696004518,Wild Planet  Wild Tuna Quinoa Salad,Packaged_Dry,7,$5.99
829696002705,Wild Planet  Wild  Smoked Mackerel,Packaged_Dry,12,$4.99
858010005641,Tony's Chocolonely Dark Chocolate  Almond Sea Salt 6 oz K,Packaged_Dry,17,$6.59
700360002095,northwest mix wild mushrooms dried OG 1oz Mycological,Packaged_Dry,4,$14.59
700360003016,matsutake mushrooms wild dried  .5oz Mycological,Packaged_Dry,2,$5.60
700360002118,shiitake mushrooms dried whole OG 1oz Mycological,Packaged_Dry,1,$5.89
047495210194,fig bar strawberry box nature's bakery,Packaged_Dry,7,$6.99
018787506400,Dr. Bronner's Chocolate Bar Oat Milk Crunchy Hazelnut Butter,Packaged_Dry,6,$5.99
018787506240,Dr. Bronner's Chocolate Bar Oat Milk Creamy Mocha Latte,Packaged_Dry,16,$5.99
018787505199,Dr. Bronner's Chocolate Bar Oat Milk Golden Chai,Packaged_Dry,5,$5.99
858034006266,Maya Kaimal Everyday Chana Chickpeas+  Tomato + Onions,Packaged_Dry,7,$4.99
851618001282,vanilla OG 4oz singing dog,Packaged_Dry,2,$17.99
843364196039,Jasberry Super Food Rice  14 oz GF,Packaged_Dry,2,$5.50
075172076597,Panda Licorice  Chews Strawberry,Packaged_Dry,8,$4.69
863852000075,Swoffle Gluten Free Stroopwafels Dark Chocolate Caramel Org,Packaged_Dry,15,$1.99
859056001918,pistachio meats raw 4 oz boxford bakehouse,Packaged_Dry,4,$10.49
858010005450,Tony's Chocolonely White Chocolate Raspberry Popping Candy 6 oz exp 2/4/26,Packaged_Dry,4,$5.00
850011828427,Tony's Chocolonely Rainbow Tasting Pack 10.16 oz,Packaged_Dry,7,$14.29
042272007684,Amy's Soup Thai Curry,Packaged_Dry,13,$5.79
868335000375,all seed cumin flats GF 4.8oz ella's,Packaged_Dry,4,$7.99
652642000605,Rigoni Nocciolata  Hazelnut Spread  Dairy Free Org,Packaged_Dry,3,$6.49
859392005786,Thunderbird Bar Snickerdoodle Cashew Tahini,Packaged_Dry,16,$2.69
859392005724,Thunderbird Bar Yaupon Matcha Moringa,Packaged_Dry,12,$2.49
859392005816,Thunderbird Bar Chili Pepita Pineapple,Packaged_Dry,11,$2.49
850031990005,Goodles Mac and Cheese  Cheddy Mac,Packaged_Dry,11,$4.89
858847000512,Navitas Maca Powder Org  16 oz,Packaged_Dry,1,$18.19
855596007076,love corn smoked bbq 4oz,Packaged_Dry,10,$3.89
858034006181,Maya Kaimal Sauce Tikka Masala,Packaged_Dry,2,$6.39
736210031083,bean bush royal burgundy OG seeds,Packaged_Dry,5,$3.49
736210030895,pea sugar snap OG seeds,Packaged_Dry,5,$3.49
736210030482,radish cherry belle seeds,Packaged_Dry,5,$3.49
736210020001,celosia chief red flame,Packaged_Dry,5,$2.99
736210020605,zinnia lilliput seeds,Packaged_Dry,5,$3.49
736210013362,nasturtium butterscotch seeds,Packaged_Dry,5,$3.49
850036769231,macadamia raw OG 4oz pouch boxford bakehouse,Packaged_Dry,9,$9.99
077502300044,Jyoti  Saag Paneer 10 oz,Packaged_Dry,4,$4.59
859480006435,Safe Catch Pink Salmon NS added 5 oz U,Packaged_Dry,6,$6.49
859480006411,Safe Catch Pink Salmon  5 oz U,Packaged_Dry,5,$5.79
810165011489,Yum Earth Jelly Beans 4 oz,Packaged_Dry,12,$5.69
8938509147181,Belvie Black Diamond 100% Dark Chocolate,Packaged_Dry,7,$11.49
8938509147010,Belvie 90% Dark  Chocolate Chocolat Noir,Packaged_Dry,14,$11.49
047495800227,strawberry oatmeal crumble box nature's bakery,Packaged_Dry,1,$6.99
,Frankferd Farms Busy Day Bean Soup Mix 1#,Packaged_Dry,1,$3.29
039978022950,Bob's White PopCorn 30 oz,Packaged_Dry,2,$6.99
043182008914,Native Forest Artichoke Hearts Quartered 14 oz,Packaged_Dry,2,$5.69
850031185081,dates degletnoor dried OG 2oz mavuno,Packaged_Dry,5,$4.29
073416578906,Lundberg Brown Rice & Quinoa w/Garlic & Shallots 8oz,Packaged_Dry,6,$4.59
859258007091,Little Caria Syrup Pomegranate Molasses  Org 11.6 oz,Packaged_Dry,9,$9.49
3291854122285,honey turmeric ginger moringa 16oz herb to body,Packaged_Dry,6,$24.99
013562000531,Annie's Cheddar Squares Crackers,Packaged_Dry,4,$6.29
810113070711,sesame seeds tuxedo shaker foods alive,Packaged_Dry,4,$8.49
617928003091,stevia 50pkt stevita,Packaged_Dry,3,$7.49
850011828342,Tony's Chocolonely Milk Chocolate Hazelnut Cookie 6 oz U,Packaged_Dry,6,$6.59
810091780909,Siete Grain Free  Cookies Mexican Vanilla Chocolate Chip,Packaged_Dry,9,$5.39
047495800203,apple oatmeal crumble box nature's bakery,Packaged_Dry,6,$6.99
850023073570,Solely Fruit Gummies Mango Passionfruit Org,Packaged_Dry,6,$3.99
813724021622,Watkins Natural Food Coloring,Packaged_Dry,5,$8.29
870539001003,Lovo Chocolate Bar Hazel Nut Milk,Packaged_Dry,1,$4.49
899587003029,Raw Revolution Peanut Butter Dark Chocolate & Sea Salt,Packaged_Dry,4,$2.89
819019020233,Olyra Breakfast  Biscuits Dark Chocolate Sandwich Org,Packaged_Dry,4,$5.49
829696001951,Wild Planet Skipjack  Tuna w/Olive Oil,Packaged_Dry,9,$3.19
815369014861,Cadia Honey Stick Org Raw,Packaged_Dry,94,$0.39
,Frankferd Farms Flakes Spelt 1#,Packaged_Dry,2,$4.59
3433764142896,sea moss purple Irish 4oz herb to body,Packaged_Dry,3,$19.99
3433764122195,sea moss Irish powder 4oz herb to body,Packaged_Dry,3,$13.49
711464019759,Blue Dragon Egg Noodle Nests,Packaged_Dry,4,$5.49
697658692239,Manitoba Harvest Granola  Hemp Blueberry Org,Packaged_Dry,2,$7.99
859480006404,Safe Catch  Wild Yellow fin Tuna,Packaged_Dry,4,$4.99
851844005061,xylichew fruit gum 12pcs,Packaged_Dry,15,$1.99
628451868279,Chickapea Spaghetti Org 8 oz,Packaged_Dry,3,$5.29
859056001307,apricots OG 4oz pouch boxford bakehouse,Packaged_Dry,9,$6.39
858847000420,Navitas Hemp Protein Powder  Org  12 oz,Packaged_Dry,6,$13.89
815369017237,Cadia Seasoned Black Bean Org,Packaged_Dry,8,$2.29
860251002662,Pleather Tequila Lime Vegan Jerky,Packaged_Dry,8,$6.29
022929428017,Suzie's Saltine Crackers,Packaged_Dry,12,$6.49
751217900934,Simply Delish Jel Desert Raspberry,Packaged_Dry,6,$2.99
815369010351,Cadia Apple Sauce Gravenstein Org 24oz,Packaged_Dry,7,$5.69
893809147198,Belvie  85% Dark  Chocolate Black Pearl of the Mekong,Packaged_Dry,4,$11.49
042272030033,Amy's Soup Pasta Fagioli,Packaged_Dry,10,$5.39
042272030040,Amy's Soup Vegetable Jambalaya,Packaged_Dry,13,$5.99
860002228501,Green Belly Hot Sauce,Packaged_Dry,7,$7.19
860002228549,Yellow Belly Hot Sauce,Packaged_Dry,6,$7.19
815421011340,Jovial GF Brown Rice Mafalda U,Packaged_Dry,6,$6.59
850064476071,Mary's Gone Crackers Superseed Seaweed & Black Sesame Seeds 4 oz,Packaged_Dry,3,$5.99
088702108330,Bonne Maman Apricot Fruit Spread  U exp 1/21/26,Packaged_Dry,2,$6.40
012511201821,Wholesome Sweeteners Blue Agave Syrup Org Raw Regenerative 18.5oz,Packaged_Dry,6,$5.79
024182000825,quiet moon snack 4oz Eden,Packaged_Dry,5,$5.49
042272030095,Amy's Chili Three Bean Vegetable Org,Packaged_Dry,3,$5.99
850031990098,Goodles Mac and Cheese  Down the Hatch,Packaged_Dry,15,$4.99
853325005638,Maya Kaimal Vegetable Tikka Masala,Packaged_Dry,6,$4.99
853325005614,Maya Kaimal Korma Vegetable Curry,Packaged_Dry,5,$4.99
898392004139,Wildly Organic Red Palm Oil,Packaged_Dry,2,$8.29
874492005863,Theo Chocolate Dark 70%  Peppermint Crunch,Packaged_Dry,1,$4.99
874492006655,Theo 45% Milk Chocolate Sweet Vanilla,Packaged_Dry,6,$4.99
874492005887,Theo  Bar Dark Chocolate 55% Nutcracker Brittle,Packaged_Dry,3,$4.99
855140002144,Purely Elizabeth  Cranberry Pecan Granola GF,Packaged_Dry,1,$9.39
810589031988,Purely Elizabeth  Double Chocolate Cookie Granola GF,Packaged_Dry,5,$9.39
859056001376,cranberries OG 4oz pouch boxford bakehouse,Packaged_Dry,11,$5.39
850047450029,7th Heaven Chocolate Bar Oat Milk  Hazelnut Cream,Packaged_Dry,7,$6.29
073416587304,Lundberg Rice White  Turmeric & Ginger,Packaged_Dry,7,$5.19
860005793136,Let's Date Date Paste 14.1 oz Org,Packaged_Dry,8,$6.99
078314406009,Madhava's Toasted Sesame Oil 8.45 oz.,Packaged_Dry,4,$9.49
810906020794,Ice Chips candy cane,Packaged_Dry,5,$5.99
194261010165,Pure Anatolia  Org Sundried Tomatoes  Halves 3.17 oz,Packaged_Dry,3,$6.79
850064476002,Mary's Gone Crackers  Original 4 oz,Packaged_Dry,2,$5.39
899587003005,Raw Revolution Peanut Butter & Sea Salt,Packaged_Dry,3,$2.69
860010614228,Peak Protein Bar Almond Butter Amaretti,Packaged_Dry,7,$3.19
860010614204,Peak Protein Bar Chocolate Peanut  Butter Crunch,Packaged_Dry,7,$3.19
627733009010,apricot seed organic traditions,Packaged_Dry,2,$14.49
627733009300,energy bite mix organic traditions,Packaged_Dry,4,$4.90
039047010208,Walkers Shortbread  Rounds GF,Packaged_Dry,7,$6.59
071012075089,King Arthur  Fudge Brownie Mix GF,Packaged_Dry,6,$8.49
851618001145,vanilla with whole beanOG 5oz singing dog,Packaged_Dry,6,$24.99
639713990317,Evolution Salt Himalayan Salt Shaker,Packaged_Dry,12,$2.99
787420501255,Sjaaks Dark Chocolate Peanut Butter Tree,Packaged_Dry,1,$8.29
856053002573,peanut Mexican chocolate 3.5 oz Q's nuts,Packaged_Dry,24,$2.99
837328001026,Hakubaku  Soba Noodles Org,Packaged_Dry,7,$4.89
078314211702,Madhava's Agave Nectar Amber 17 oz.,Packaged_Dry,3,$6.49
874492006686,Theo Milk Chocolate  Creme Brulee,Packaged_Dry,1,$4.69
850031185548,macadamia nuts roasted salted OG mavuno,Packaged_Dry,3,$6.99
860001199062,Auga Soup Three Lentil  Org,Packaged_Dry,1,$5.69
4018722344698,Berlin Alb Gold Spaghetti Whole spelt Org,Packaged_Dry,3,$7.59
,honey creamed chocolate 16oz jar wehrloom,Packaged_Dry,2,$19.99
,mushrooms wild porcini dried 2oz mikuni,Packaged_Dry,9,$11.50
,mushrooms wild lobster dried 2oz mikuni,Packaged_Dry,6,$11.69
,mushrooms black trumpet dried 2oz mikuni,Packaged_Dry,5,$11.69
,mushrooms wild  morel dried 2oz mikuni,Packaged_Dry,2,$26.99
891551000041,maple cinnamon sprouted crisps OG 8oz foods alive,Packaged_Dry,5,$6.99
039978002181,Bob's  Whey Protein Concentrate,Packaged_Dry,2,$17.99
819019020271,Olyra Breakfast  Biscuits Hazelnut Cocoa Sandwich Org,Packaged_Dry,5,$5.49
850047450036,7th Heaven Chocolate Bar Oat Milk  Caramel & Sea Salt,Packaged_Dry,9,$6.29
850047450203,7th Heaven  Oat Milk  Peanut Butter Cups,Packaged_Dry,15,$3.19
810165011472,Yum Earth Gummy Fruits Easter 4 oz Org,Packaged_Dry,6,$5.39
736210002038,onion red flat OG seeds,Packaged_Dry,4,$2.69
736210002915,onion sweet spanish OG seeds,Packaged_Dry,4,$2.69
736210002014,parsnip all American seeds,Packaged_Dry,5,$2.69
628451868644,Chickapea Pasta Dish Pepper & Parmesan,Packaged_Dry,4,$4.99
851618001039,vanilla pure 2oz singing dog,Packaged_Dry,1,$7.29
815369014212,Cadia Organic  Honey Raw 12 oz,Packaged_Dry,8,$8.99
812603018135,Tcho Chocolate Dark Duo 2.5 oz,Packaged_Dry,8,$5.49
024182157086,Eden Spicy Nori Strips,Packaged_Dry,1,$8.19
860003300404,all seed spicy flats GF 4.8oz ella's,Packaged_Dry,1,$7.99
860011225850,sweet minis GF 4oz ella's,Packaged_Dry,10,$7.99
860011225812,everything minis GF 4oz ella's,Packaged_Dry,12,$7.99
860011225805,sesame minis GF 4oz ella's,Packaged_Dry,2,$7.99
851278001721,Zellie's Gum Cherry Berry w/xylitol 100 pcs,Packaged_Dry,12,$13.49
720379001759,fig bar strawberry oat 5 pieces made in nature,Packaged_Dry,1,$5.99
3291854102744,lion's mane powder 4oz herb to body,Packaged_Dry,5,$19.99
073416587809,Lundberg  Chili Crisp Jasmine Rice,Packaged_Dry,3,$4.59
860011175056,Natural Catch  Wild Yellow Fin Tuna Filets,Packaged_Dry,14,$6.49
860011175063,Natural Catch  Wild Albacore Tuna Filets,Packaged_Dry,7,$5.99
856053002887,pecan maple bourbon 1.8 oz Q's nuts,Packaged_Dry,13,$2.99
856053002351,cashew rosemary sea salt 2.25 oz Q's nuts,Packaged_Dry,17,$2.99
810165014626,Yum Earth Antioxidant Pops Org,Packaged_Dry,7,$6.49
042563008048,coconut shreds 7oz woodstock,Packaged_Dry,6,$3.99
700360006222,lion's mane mushrooms dried sliced OG .65oz Mycological,Packaged_Dry,4,$5.39
708953622040,Lotus Foods Ramen Wide White Rice 4 Pack K,Packaged_Dry,2,$7.49
,cherries dark chocolate OG 4 oz Next,Packaged_Dry,5,$6.59
837328001002,Hakubaku  Udon Noodles Org,Packaged_Dry,7,$4.99
042563019013,Woodstock Org  Capers 3.5oz,Packaged_Dry,10,$3.49
897988012831,Heavenly Organics Cardamon Raw Honey 12oz. Org,Packaged_Dry,8,$9.99
859056001895,currants OG 4oz pouch boxford bakehouse,Packaged_Dry,14,$4.59
095705136956,pistachios hot honey no shell OG 5oz Nichols Farms,Packaged_Dry,2,$7.99
095705135614,pistachios sea salt roasted no shell OG 6oz Nichols Farms,Packaged_Dry,2,$8.99
095705133528,pistachios sea salt roasted in shell OG 16oz Nichols Farms,Packaged_Dry,15,$9.99
722252069504,Clif Protein  Bar Chocolate Peanut Butter,Packaged_Dry,5,$2.99
722252069528,Clif Protein  Bar Almond Salted Caramel,Packaged_Dry,3,$2.99
686352605546,Baby Mum Mum Teething Biscuit  Banana,Packaged_Dry,6,$1.59
850043074229,Hu Chocolate Bar Simple Milk 1 oz U,Packaged_Dry,12,$3.79
850043074212,Hu Chocolate Bar Salty Dark 1 oz U,Packaged_Dry,14,$3.79
860004946519,Otto's Naturals Ultimate Cookie  Mix,Packaged_Dry,5,$9.39
088702108347,Bonne Maman Strawberry Fruit Spread  U,Packaged_Dry,7,$6.99
850043074298,Hu Chocolate Hazelnut  Butter  Bites,Packaged_Dry,6,$8.49
073416590007,Lundberg  Spanish Rice,Packaged_Dry,6,$4.59
850019542493,D'Vash Fiber Bar Pecan Cacao,Packaged_Dry,6,$1.99
734027905139,Ginger People Ginger Lemon Chews 3oz,Packaged_Dry,7,$4.19
039278040586,ginger lychee chews prince of peace 4oz,Packaged_Dry,9,$3.59
850000398429,everything bagel seasoning OG shaker,Packaged_Dry,1,$6.99
711464506747,Al Fez Falafel Mix,Packaged_Dry,1,$3.69
799210620008,Bionaturae Sourdough Spaghetti Org K,Packaged_Dry,8,$4.59
6111250310383,Atlas Organic Olive Oil 1 Liter,Packaged_Dry,10,$24.99
5060685660505,FireTree 100% Cocoa Bar 2.47 oz,Packaged_Dry,13,$5.89
5060685660529,FireTree 40% Cocoa Milk Chocolate Bar 2.47 oz,Packaged_Dry,1,$5.89
5060685660499,FireTree Cocoa Oat Chocolate Bar 2.47 oz,Packaged_Dry,10,$5.89
720379001841,fruit puffs strawberry OG .9oz made in nature,Packaged_Dry,3,$3.50
720379001858,fruit puffs melon OG 1.1oz made in nature,Packaged_Dry,6,$3.50
720379001865,fruit puffs apple OG 1.4oz made in nature,Packaged_Dry,4,$3.50
891551000027,tomato and herb sprouted crisps OG 8oz foods alive,Packaged_Dry,7,$6.99
815421011357,Jovial  Brown Rice Stelline GF K,Packaged_Dry,5,$4.99
628451529781,Glutenull  Cookie Buckwheat Chocolate,Packaged_Dry,14,$7.59
024182011043,Eden Sauerkraut Org 18 oz,Packaged_Dry,12,$5.99
081014111739,Maeve   Chocolate Bar Kettle Chips,Packaged_Dry,1,$5.79
081014111746,Maeve   Chocolate Bar Lemon Twister,Packaged_Dry,1,$5.79
850036769064,brazil nuts raw 4oz boxford bakehouse,Packaged_Dry,8,$6.99
3291854112958,soursop leaves herb to body,Packaged_Dry,8,$10.99
893869005435,cashew nut mix glazed honey cinnamon 1.5oz sahale,Packaged_Dry,1,$1.50
042563008413,almonds roasted salted OG 7oz woodstock,Packaged_Dry,4,$9.99
868335000344,ella's all seed caraway rye flats GF 4.8oz,Packaged_Dry,8,$7.99
813551001026,Koyo Udon Fine  Org,Packaged_Dry,2,$2.39
716270001394,"Chocolove Pecans, Cookies & Sea Salt  3.2 oz",Packaged_Dry,14,$4.79
716270001578,Chocolove Walnuts & Sea Salt  3.2 oz,Packaged_Dry,19,$4.79
716270001387,Chocolove Pistachios & Sea Salt  3.2 oz,Packaged_Dry,10,$4.79
074908370046,Delgrosso Pasta Sauce Marinara Org,Packaged_Dry,8,$4.99
,honey sourwood 8oz jar wehrloom,Packaged_Dry,6,$11.99
842515006722,apricots dried organic portion packs bag of 5 sunny fruit,Packaged_Dry,6,$7.99
842515010125,figs smyrna dried organic portion packs bag of 5 sunny fruit,Packaged_Dry,5,$5.99
842515008528,mangoes dried organic portion packs bag of 5 sunny fruit,Packaged_Dry,12,$4.99
733739069009,stevia chai 2oz NOW FOODS,Packaged_Dry,1,$11.59
627733007306,apricots organic traditions,Packaged_Dry,5,$7.99
813616020405,Felicia Buckwheat Rigatoni,Packaged_Dry,6,$5.59
813616020382,Felicia Red Lentil Penne GF Org,Packaged_Dry,4,$5.59
,Guyette CREAMED Honey REGULAR,Packaged_Dry,1,$9.99
,Guyette CREAMED Honey CHOCOLATE,Packaged_Dry,3,$9.99
,Gueyette Creamed Honey CINNAMON,Packaged_Dry,2,$9.99
,Guyette CREAMED Honey CINNAMON,Packaged_Dry,2,$9.99
850052040109,pecans brown butter rum  3oz evie's,Packaged_Dry,5,$6.99
850052040147,pecans salty & sweet  3oz evie's,Packaged_Dry,14,$6.99
850052040130,pecans banana bread  3oz evie's,Packaged_Dry,12,$6.99
011206000343,Edward & Sons  Rice Snaps Tamari Sesame U,Packaged_Dry,7,$4.19
095705135522,pistachios sea salt roasted no shell OG 2oz Nichols Farms,Packaged_Dry,5,$3.59
683855060131,Timeless Semi Pearled Farro 16 oz,Packaged_Dry,11,$5.79
3433764142124,tongkat ali powder 4oz herb to body,Packaged_Dry,1,$18.99
850012460015,peanut flaming 3.25 oz Q's nuts,Packaged_Dry,18,$2.99
856053002337,cashews flaming 3.25 oz Q's nuts,Packaged_Dry,21,$2.99
850012460480,almond cashew chocolate raspberry mix 4.5 oz Q's nuts,Packaged_Dry,10,$7.99
856053002696,cashew basil sage 4.5 oz Q's nuts,Packaged_Dry,7,$7.99
042563019006,Woodstock Org Roasted Red Peppers,Packaged_Dry,8,$7.49
860006584146,granola sweet curry  no oat 10oz  for good,Packaged_Dry,3,$10.39
860006584115,granola smoky pineapple  no oat 10oz  for good,Packaged_Dry,3,$10.39
860006584139,granola chocolate chili cherry no oat 10oz  for good,Packaged_Dry,2,$10.39
070258024035,Plantation Blackstrap Molasses 15 oz.,Packaged_Dry,11,$6.99
070718000760,Bar Harbor Clam Chowder,Packaged_Dry,3,$6.99
891551000935,Foods Alive  Power 4 Protein Powder  8 oz,Packaged_Dry,4,$8.99
897988000463,Heavenly Organics White Himalayan Raw Honey 22oz.,Packaged_Dry,10,$13.69
098308243885,Better Than Bouillon Organic  Beef Base Pho 8 oz,Packaged_Dry,5,$9.79
085164000004,Garofalo  Capellini 16 oz,Packaged_Dry,9,$3.29
850020805556,Rawmio Chocolate Bar Oat Milk 50%,Packaged_Dry,9,$5.99
850020805815,Rawmio Chocolate Bar Coconut Milk 45%,Packaged_Dry,7,$5.99
850020805600,Rawmio Chocolate Bar Dark Vanilla Bean 70%,Packaged_Dry,12,$5.99
850020805778,Rawmio Chocolate Bar Dark Date 65%,Packaged_Dry,4,$5.99
042515020180,Lewis Labs Nutritional Yeast Flakes,Packaged_Dry,3,$29.99
3291854192493,honey mushroom 16oz herb to body,Packaged_Dry,1,$26.99
810057556173,Cadia Rice Arborio White 16 oz Org,Packaged_Dry,2,$4.99
860000161619,Pizza Girl Vodka Pasta Sauce Org,Packaged_Dry,1,$10.99
812603019002,Tcho Chocolate Perfect  Matcha 8oz,Packaged_Dry,11,$4.99
856293003668,Tree Hugger Bubblegum Filled Pops,Packaged_Dry,21,$0.49
842515007194,figs walnut balls sunny fruit,Packaged_Dry,3,$6.49
842515006821,dates dried organic portion packs bag of 5 sunny fruit,Packaged_Dry,7,$5.99
726635121131,YS Organic  Honey Raw 48oz,Packaged_Dry,5,$19.89
726635121124,YS Organic  Honey Raw 22 oz #12B,Packaged_Dry,3,$10.49
850064476194,Mary's Gone Crackers  Original 7 oz U,Packaged_Dry,7,$8.49
819019021155,Olyra Bites Dates & Honey Org,Packaged_Dry,6,$5.69
898392000124,Wildly Organic Coconut Milk Powder 16 oz,Packaged_Dry,4,$11.99
810165019867,Yum Earth Halloween Variety Bag 50 Pack Org,Packaged_Dry,3,$27.99
081014071019,Maeve Blackberry Bramble Chocolate Bon Bon,Packaged_Dry,1,$10.99
081014071071,Maeve Pink Bubbly Chocolate Bon Bon,Packaged_Dry,5,$10.99
874492006204,Theo Chocolate Hazel Nut Crisp 1.7oz,Packaged_Dry,4,$4.99
810183100141,Eatiful Black Bean Soup Org,Packaged_Dry,4,$4.29
810183100127,Eatiful Potao Leek Soup Org,Packaged_Dry,2,$4.29
628451529989,Glutenull  Cookie  Chocolate Goji Berry,Packaged_Dry,1,$5.99
810079450800,Little Secrets Chocolate Party Pack 25 Bars,Packaged_Dry,2,$21.99
817670012543,Alter Eco Holiday  Assorted  Truffles Bag,Packaged_Dry,1,$5.99
042272005048,Amy's Soup  Black Bean,Packaged_Dry,6,$5.69
850711006187,Emmy's Peanut Butter Cookies Org,Packaged_Dry,12,$5.79
047495710618,fig bar blueberry GF box nature's bakery,Packaged_Dry,2,$7.99
856261006974,Solely Fruit Gummies Mango Guava Org  .7 oz,Packaged_Dry,1,$1.19
858010005955,Tony's Chocolonely Mini Dark Chocolate,Packaged_Dry,3,$0.59
850032676601,Tony's Chocolonely Dark Milk Chocolate Pretzel Toffee 1.7 oz,Packaged_Dry,2,$1.99
628451868613,Chickapea Pasta Dish Creamy Garlic,Packaged_Dry,4,$4.99
810001560768,Birchbender Pancake & Waffle Mix Sweet Potato  GF,Packaged_Dry,6,$6.99
856017003370,Birchbender Pancake & Waffle Mix   GF Org,Packaged_Dry,6,$6.99
089125120077,Ancient Harvest Quinoa White Org  27 oz,Packaged_Dry,4,$11.99
089125180002,Ancient Harvest Quinoa Harmony Org 14.4 oz,Packaged_Dry,10,$8.99
093709304104,Pamela's GF Pancake & Baking Mix 4 lb.,Packaged_Dry,3,$10.99
733739070142,nuts about berriesOG 8oz NOW FOODS,Packaged_Dry,4,$7.99
089836183187,Aleppo Chili Pepper Crushed Non GMO Frontier,Packaged_Dry,1,$5.99
850036769194,hazelnuts raw OG 8oz pouch boxford bakehouse,Packaged_Dry,4,$8.69
850036769255,pecans raw OG 8oz pouch boxford bakehouse,Packaged_Dry,4,$11.99
810091780442,Siete  Chamoy Botana Sauce 10 oz,Packaged_Dry,5,$6.99
810091780411,Siete  Traditional Botana Sauce 8.5  oz,Packaged_Dry,4,$6.99
819019020660,Olyra Bites Baked Apple Cinnamon Org,Packaged_Dry,3,$5.69
819019021056,Olyra Breakfast  Biscuits Vanilla Sandwich Org,Packaged_Dry,8,$5.49
817108021222,The Foraging Fox Ketchup 10.5 oz,Packaged_Dry,5,$8.49
817108021055,The Foraging Fox Mayo Smoked Garlic 9.2 oz,Packaged_Dry,6,$3.00
817108021062,The Foraging Fox Mayo Smoked Jalapeno 9.2 oz,Packaged_Dry,6,$9.99
817108021048,The Foraging Fox Mayo Avocado & Lemon 9.2 oz,Packaged_Dry,6,$9.99
897988000579,Heavenly Organics Espresso Honey Pattie,Packaged_Dry,21,$0.49
068656018213,Grain Zero Granola Bites Cranberry,Packaged_Dry,2,$3.99
850018464932,almonds raw Italian OG 26oz rawguru,Packaged_Dry,10,$15.99
850018464840,hemp seed butter OG 8oz dastony,Packaged_Dry,4,$13.99
850018464345,cherries dark chocolate cocoa dusted 2oz rawmio,Packaged_Dry,9,$5.49
850018464406,goji berries dark chocolate cocoa dusted 2oz rawmio,Packaged_Dry,13,$4.99
850018464314,macadamia dark chocolate cocoa dusted 2oz rawmio,Packaged_Dry,5,$5.49
850018464376,almonds sprouted dark chocolate cocoa dusted OG 2oz rawmio,Packaged_Dry,13,$5.49
733739069160,monk fruit OG 2oz now foods,Packaged_Dry,2,$10.99
810001561574,Birchbender Pancake & Waffle Mix   Ube Mochi GF,Packaged_Dry,6,$6.99
856017003387,Birchbender Pancake & Waffle Mix   Complete  Org,Packaged_Dry,6,$5.99
843076000037,Lakanto Monkfruit Sweetener with Erythritol  8.29 oz,Packaged_Dry,8,$6.49
843076003830,Lakanto Monkfruit Sweetener with Allulose  8 oz,Packaged_Dry,8,$6.99
860013183325,B.T.R. Nation  Protein Bar Cinnamon Cashew Crunch,Packaged_Dry,10,$2.29
850043074397,Hu Dark Chocolate Baking Chips  Org,Packaged_Dry,4,$10.49
081014071989,Maeve  Santa's Camper 2.2 oz,Packaged_Dry,1,$11.49
855086004172,Color Garden Natural Sugar Crystals Red,Packaged_Dry,2,$7.49
797734507423,Pure Indian Black Salt Fine 4.5 oz,Packaged_Dry,4,$5.59
797734507218,Pure Indian Organic Jaggery (Sugar) 1.1 lbs,Packaged_Dry,4,$9.29
850035485460,Pure Indian Fermented Garlic Pickle 9  oz Org,Packaged_Dry,6,$12.39
797734507430,Pure Indian Tamarind  Paste 11 oz Org,Packaged_Dry,5,$12.39
850043674085,Better With Buckwheat Crackers Everything GF,Packaged_Dry,7,$4.99
850043674061,Better With Buckwheat Crackers  Sea Salt GF,Packaged_Dry,4,$4.99
850007965310,Safe Catch  Wild Yellow Fin Tuna Spicy,Packaged_Dry,11,$4.29
850066234754,Tcho Chocolate Lemon Twist 2.1 oz,Packaged_Dry,7,$3.99
,honey Appalachian 16oz jar wehrloom,Packaged_Dry,3,$19.99
037014325201,Endangered Species  Dark Chocolate Be Mine Mix,Packaged_Dry,6,$8.49
037014325195,Endangered Species  Milk  Chocolate Be Mine Mix,Packaged_Dry,4,$8.49
858551007401,Artisan Tropic Crackers  Chile Lime Grain Free,Packaged_Dry,8,$5.49
858551007388,Artisan Tropic Crackers  Sea Salt  Grain Free,Packaged_Dry,8,$5.49
716270001745,Chocolove Strong Dark w/Hawaiian Sea Salt,Packaged_Dry,10,$3.79
716270001653,Chocolove  Rich Dark  65%,Packaged_Dry,6,$4.79
810906020183,Ice Chips root beer float,Packaged_Dry,3,$5.99
095705135546,pistachios garlic herb no shell OG 5oz Nichols Farms,Packaged_Dry,12,$7.99
859258007725,Little Caria Halva With Cocoa  15.2 oz,Packaged_Dry,5,$5.79
,Living City Honey 10 oz.,Packaged_Dry,2,$13.99
,"Living City Pickled Carrots 16oz,",Packaged_Dry,1,$8.99
850042382189,Dumplimg Daughter Ginger Soy Sauce,Packaged_Dry,5,$6.99
891551000089,rosemary sprouted crisps OG 8oz foods alive,Packaged_Dry,3,$6.99
081014072146,Maeve  Chocolate Bon Bon of Desire,Packaged_Dry,2,$26.69
081014072603,Maeve  Chocolate Bon Bons Chocolate for Lovers,Packaged_Dry,2,$25.69
736210002465,been yard long seeds,Packaged_Dry,5,$4.49
736210031274,cucumber gherkin OG seeds,Packaged_Dry,5,$4.49
736210031847,lettuce easy leaf OG seeds,Packaged_Dry,5,$3.49
736210032745,pea snow mammoth seeds,Packaged_Dry,4,$3.49
736210001123,squash winter kabocha,Packaged_Dry,5,$5.99
736210030659,tomatillo purple  OG seeds,Packaged_Dry,5,$2.99
736210035005,tomato bush beefy purple OG seeds,Packaged_Dry,5,$4.49
736210010644,scabiosa fata morgana seeds,Packaged_Dry,5,$3.49
736210020650,zinnia peruvian blend seeds,Packaged_Dry,5,$3.49
810165011915,Yum Earth Red Fruit Chews Org 5 oz,Packaged_Dry,6,$6.99
850236008093,Natural Heaven Hearts of Palm Angel Hair,Packaged_Dry,6,$3.99
081014111760,Maeve Chocolate Truffle Bar Valentine's Forbidden Fruit,Packaged_Dry,11,$7.39
081014111753,Maeve Chocolate Truffle Bar Valentine's Heat & Honey,Packaged_Dry,11,$7.39
081014111777,Maeve Chocolate Truffle Bar Valentine's PB Banana Affair,Packaged_Dry,11,$7.39
081014071972,Maeve Chocolate Valentine's Rose is a Heart,Packaged_Dry,3,$12.49
081014071569,Maeve Chocolate Valentine's Night Chocolate Box,Packaged_Dry,4,$14.29
631723201926,Divina Olives Sliced Frescantro,Packaged_Dry,6,$6.49
631723211031,Divina Olives Sliced Castelvetrano,Packaged_Dry,6,$7.49
842515008566,cherries tart dried organic portion packs bag of 5 sunny fruit,Packaged_Dry,6,$6.99
842515009525,persimmon dried organic portion packs bag of 5 sunny fruit,Packaged_Dry,3,$6.99
,Astral Eatz Dried Persimmons,Packaged_Dry,2,$7.59
,Astral Eatz Mars-Dusted Apples,Packaged_Dry,9,$7.59
,Astral Eatz Dried Blueberries,Packaged_Dry,6,$7.59
,Astral Eatz Dried Mandarins,Packaged_Dry,2,$7.59
,Astral Eatz Moon-Dusted Bananas (peanut butter),Packaged_Dry,6,$5.59
3433764132590,mugwort 4oz herb to body,Packaged_Dry,3,$9.99
850018464420,dark chocolate hearts 2oz rawmio,Packaged_Dry,36,$4.99
850020805648,chocolate hearts raw oatmilk 2oz rawmio,Packaged_Dry,18,$4.99
850018464437,chocolate hearts rmint 2oz rawmio,Packaged_Dry,18,$4.99
608819795379,better biome bar original sunbiotics,Packaged_Dry,15,$3.99
855615002372,Bianco Dinapoli New York Pizza Sauce Org,Packaged_Dry,8,$4.29
853753008584,Little Secrets Wafer Dark Chocolate   Minis,Packaged_Dry,50,$0.89
810079450657,Little Secrets Wafer Milk Chocolate   Minis,Packaged_Dry,47,$0.89
602444000204,Wyndmere Angelica Root 10mL 16,Packaged_HB,3,$13.89
609280000108,Wally's Ear Oil 1 oz Organic,Packaged_HB,5,$9.99
602444001201,Wyndmere Cajeput 10mL/.33oz 22,Packaged_HB,1,$8.99
602444001409,Wyndmere Carrot Seed 10mL 16,Packaged_HB,1,$19.89
609280300024,Wally's Natural Ear Candles 2 ct,Packaged_HB,5,$7.99
602444001607,Wyndmere Cedarwood 10mL 22,Packaged_HB,2,$6.39
602444002109,"Wyndmere Chamomile, Roman 10mL 22",Packaged_HB,1,$9.39
602444002208,Wyndmere Chamomile (German) 10mL/.33oz 22,Packaged_HB,1,$12.69
602444002307,Wyndmere Cinnamon Leaf 10 ml/.33oz 22,Packaged_HB,2,$6.79
602444002406,Wyndmere Citronella 10mL/.33oz 22,Packaged_HB,2,$5.39
792850070998,Burt's Bees Lemon Butter Cuticle Cream,Packaged_HB,3,$6.89
602444002505,Wyndmere Clary Sage 10mL 23,Packaged_HB,2,$17.59
602444002604,Wyndmere Clove Bud 10mL 22,Packaged_HB,5,$7.79
079565005522,Light Mountain Color The Gray Mahogany,Packaged_HB,5,$11.39
077014100033,Light Mountain Hair Color Red,Packaged_HB,6,$9.99
077014100088,Light Mountain Henna Haircolor Black,Packaged_HB,2,$9.99
602444002901,Wyndmere Cypress 10mL 23,Packaged_HB,3,$9.09
602444003601,Wyndmere Frankincense Oil 22,Packaged_HB,2,$6.75
602444011217,Wyndmere Frankincense & Myrrh Blend 10mL 23,Packaged_HB,5,$26.19
602444004202,Wyndmere Grapefruit 22,Packaged_HB,1,$6.79
602444004103,Wyndmere Essential Ginger Oil 10 ml 23,Packaged_HB,2,$11.49
602444003908,Wyndmere Geranium 10ml/.33oz 22,Packaged_HB,3,$23.29
602444004707,Wyndmere Jasmine 10mL 22,Packaged_HB,3,$19.19
602444005605,Wyndmere Lemon Oil 22,Packaged_HB,6,$6.59
602444005209,Wyndmere Lavender Essential Oil 10mL 22,Packaged_HB,4,$14.19
602444005001,Wyndmere Juniper Berry 10mL,Packaged_HB,2,$16.49
602444006701,Wyndmere Melissa ( Lemon Balm ) 10mL (Disc),Packaged_HB,1,$15.59
602444005803,Wyndmere Lime 10mL/.33oz 22,Packaged_HB,3,$6.29
602444007104,Wyndmere Myrrh 10mL 23,Packaged_HB,7,$6.79
602444008101,Wyndmere Patchouli 10mL 22,Packaged_HB,3,$14.49
602444007302,Wyndmere Neroli 10mL 16,Packaged_HB,3,$13.29
602444007807,Wyndmere Oregano Wild 10mL 16,Packaged_HB,2,$13.19
602444007609,Wyndmere Orange 10mL 22,Packaged_HB,2,$4.39
602444009009,Wyndmere Rose Otto 10mL 22,Packaged_HB,3,$21.69
602444008606,Wyndmere Pine Needle Essential Oil 22,Packaged_HB,1,$6.39
602444009108,Wyndmere Rosemary Oil 22,Packaged_HB,1,$6.59
602444006800,Wyndmere Sandalwood 10mL  22,Packaged_HB,4,$24.59
602444009504,Wyndmere Spearmint Essential Oil 10mL 22,Packaged_HB,2,$8.79
602444010005,Wyndmere Thyme (Wild) 10mL/.33oz 22,Packaged_HB,4,$13.59
602444009702,Wyndmere Tangerine Essential Oil 10mL 22,Packaged_HB,2,$6.89
602444009801,Wyndmere Tea Tree 10mL 22,Packaged_HB,4,$9.09
602444010302,Wyndmere Ylang Ylang 10mL 22,Packaged_HB,3,$14.69
602444010104,Wyndmere Vetiver 10mL,Packaged_HB,1,$19.59
018787787052,Dr. Bronner's Bar Soap Citrus Orange,Packaged_HB,19,$5.99
018787782057,Dr. Bronner's Bar Soap Baby Mild,Packaged_HB,23,$5.99
018787786055,Dr. Bronner's Bar Soap Tea Tree,Packaged_HB,20,$5.99
018787785058,Dr. Bronner's Bar Soap Peppermint,Packaged_HB,22,$5.99
018787781050,Dr. Bronner's Bar Soap Almond,Packaged_HB,22,$5.99
018787783054,Dr. Bronner's Bar Soap Eucalyptus,Packaged_HB,16,$5.99
018787788059,Dr. Bronner's Bar Soap Rose,Packaged_HB,13,$5.99
018787784051,Dr. Bronner's Bar Soap Lavender,Packaged_HB,18,$5.99
051381911843,Aura Cacia Oil Lavender 59mL / 2 OZ,Packaged_HB,4,$38.99
051381911232,Aura Cacia Oil Lavender .5 OZ. /(15 ml),Packaged_HB,2,$12.99
051381911324,Aura Cacia Peppermint Oil 15mL/.5 oz,Packaged_HB,2,$8.39
733739076250,tea tree 1oz NOW FOODS,Packaged_HB,3,$8.99
076970221325,Heritage Castor Oil 32 oz,Packaged_HB,3,$27.89
076970221097,Heritage Castor Oil 8 oz,Packaged_HB,1,$11.49
792850105997,Burt's Bees Hand Salve 3oz,Packaged_HB,4,$11.29
792850109995,Burt's Bees Beeswax Lip Balm Tin .30oz,Packaged_HB,2,$5.69
792850775992,Burt's Bees Res-Q Ointment .60oz,Packaged_HB,1,$8.99
076970446094,Heritage Rose Water with Atomizer 4oz,Packaged_HB,6,$9.99
041507065765,Thayers Witch Hazel Original 12oz,Packaged_HB,1,$12.79
727616171169,Aztec Secret Indian Healing Clay,Packaged_HB,6,$12.59
026395000128,Lily of the Desert Aloe Vera Gelly 12oz,Packaged_HB,2,$10.59
039278220100,Tiger Balm Extra Strength Red 0.63oz  Box,Packaged_HB,1,$9.29
076970221745,Heritage Wool Flannel,Packaged_HB,1,$16.99
00368400000,Eco-Dent Toothpowder Anise 2oz,Packaged_HB,3,$9.89
00036748,Eco-Dent Toothpowder Cinnamon 2oz,Packaged_HB,2,$9.99
097467067028,Thursday Plantation Cinnamon Chewing Sticks,Packaged_HB,1,$3.79
027275200027,Auromere Ayurvedic Classic Toothpaste Licorice,Packaged_HB,4,$8.99
078522050124,"Jason Revitalizing Moisture Creme Vit E 5,000 IU 4 oz.",Packaged_HB,2,$10.49
690940000019,Griffin Remedy Lotion Orange Blossom 8 oz.,Packaged_HB,4,$11.49
690940000309,Griffin Remedy Shampoo Daily Renewal  8 oz,Packaged_HB,1,$11.49
073377071089,Earth Therapeutics Pumice Brush,Packaged_HB,1,$4.19
077014100040,Light Mountain Hair Color Auburn,Packaged_HB,2,$8.69
733739075857,peppermint oil 1oz NOW FOODS,Packaged_HB,3,$8.99
308078250977,B&T Arniflora Arnica Gel 2.75oz,Packaged_HB,1,$16.39
308078253909,Sssting Stop 1oz sting,Packaged_HB,1,$11.49
308078252971,B & T Triflora Gel 2.75oz,Packaged_HB,1,$17.99
308078254920,B & T Sports Gel 2.5oz,Packaged_HB,2,$15.99
786035004014,BEAT IT  2oz,Packaged_HB,1,$7.99
018787920022,Dr. Bronner's Lip Balm Peppermint,Packaged_HB,8,$4.49
018787920015,Dr. Bronner's Lip Balm Orange Ginger,Packaged_HB,15,$4.49
018787920039,Dr. Bronner's Lip Balm Lemon Lime,Packaged_HB,18,$4.49
018787920046,Dr. Bronner's Lip Balm Naked,Packaged_HB,15,$4.49
4001638095631,Weleda Rosemary Hair Oil 1.7oz,Packaged_HB,1,$19.99
091639314989,Thai Crystal Deodorant Stone Spray 2oz,Packaged_HB,2,$3.89
087437001084,Sappo Hill Glycerine Soap Oatmeal (unscented),Packaged_HB,1,$3.09
075115010503,Bee & Flower Soap Sandalwood 2 oz,Packaged_HB,13,$1.59
733739075451,eucalyptus Oil 1oz NOW FOODS,Packaged_HB,2,$5.99
078522040118,"Jason Vitamin E Oil 32,000 I.U.",Packaged_HB,6,$15.59
078522050018,"Jason Vitamin E Oil 5,000 I.U.",Packaged_HB,3,$12.29
018787778166,Dr. Bronner's Castile Soap Rose 16oz.,Packaged_HB,5,$14.09
018787778326,Dr. Bronner's Castile Soap Rose 32oz,Packaged_HB,2,$22.29
018787778029,Dr. Bronner's Castile Soap Rose 2oz,Packaged_HB,10,$3.69
018787500729,Dr. Bronner's Toothpaste Cinnamon,Packaged_HB,5,$7.29
018787776322,Dr. Bronner's Castile Soap Tea Tree 32oz,Packaged_HB,4,$22.29
018787769164,Dr. Bronner's Castile Soap Tea Tree 16oz,Packaged_HB,13,$14.09
018787777084,Dr. Bronner's Castile Soap Citrus 8oz.,Packaged_HB,6,$7.89
018787777169,Dr. Bronner's Castile Soap  Citrus 16oz,Packaged_HB,7,$14.09
018787777329,Dr. Bronner's Castile Soap Citrus 32oz.,Packaged_HB,2,$22.29
018787761168,Dr. Bronner's Castile Soap Almond 16oz.,Packaged_HB,7,$14.09
018787771082,Dr. Bronner's Castile Soap Almond 8oz.,Packaged_HB,7,$7.89
018787761045,Dr. Bronner's Castile Soap Almond 4oz.,Packaged_HB,1,$5.79
018787500767,Dr. Bronner's Toothpaste Anise,Packaged_HB,3,$7.29
018787762165,Dr. Bronner's Castile Soap Baby Mild 16oz,Packaged_HB,13,$14.09
018787772089,Dr. Bronner's Castile Soap Baby Mild 8oz,Packaged_HB,3,$7.89
018787762042,Dr. Bronner's Castile Soap Baby Mild 4oz,Packaged_HB,3,$5.79
018787772027,Dr. Bronner's Castile Soap Baby Mild 2oz,Packaged_HB,24,$3.69
018787500712,Dr. Bronner's Toothpaste Peppermint,Packaged_HB,6,$7.29
018787775080,Dr. Bronner's Castile Soap Peppermint 8oz,Packaged_HB,6,$7.89
018787775325,Dr. Bronner's Castile Soap Peppermint 32oz,Packaged_HB,5,$22.29
018787774328,Dr. Bronner's Castile Soap Lavender 32oz.,Packaged_HB,6,$22.29
018787774083,Dr. Bronner's Castile Soap Lavender 8oz,Packaged_HB,3,$7.89
018787774021,Dr. Bronner's Castile Soap Lavender 2oz,Packaged_HB,14,$3.69
018787773321,Dr. Bronner's Castile Soap Eucalyptus 32oz.,Packaged_HB,1,$22.29
018787763162,Dr. Bronner's Castile Soap Eucalyptus 16oz.,Packaged_HB,17,$14.09
018787773086,Dr. Bronner's Castile Soap Eucalyptus 8oz.,Packaged_HB,6,$7.89
018787763049,Dr. Bronner's Castile Soap Eucalyptus 4oz.,Packaged_HB,3,$5.79
718334220697,Desert Essence Blemish Touch Stick,Packaged_HB,8,$10.69
079565006246,Ancient Secrets Nasal Cleansing  Neti Salt 40 pkts,Packaged_HB,1,$6.29
079565006215,Ancient Secrets Nasal Cleansing Neti Salt 8oz,Packaged_HB,5,$2.89
051381911713,Aura Cacia Grapeseed Skin Care Oil 4 oz,Packaged_HB,2,$5.49
051381911706,Aura Cacia Apricot Kernel Skin Care Oil 4oz,Packaged_HB,6,$6.19
051381911966,Aura Cacia Avocado Skin Care Oil 4oz,Packaged_HB,3,$8.79
051381911720,Aura Cacia Jojoba Skin Care Oil 4oz,Packaged_HB,2,$16.39
733739076007,rosemary oil 1oz NOW FOODS,Packaged_HB,4,$9.99
602444010609,Wyndmere Aches & Pains Oil Blend 22,Packaged_HB,3,$12.99
602444017806,Wyndmere Anger Management oil  Blend 16,Packaged_HB,5,$16.99
602444010456,Wyndmere Anxiety Relief (Release) Oil Blend 22,Packaged_HB,1,$12.89
602444011613,Wyndmere Detoxification Aide Essential Oil Blend,Packaged_HB,1,$14.19
602444017912,Wyndmere Believe Oil Blend (DISC),Packaged_HB,1,$18.69
602444008309,Wyndmere Vanilla Oil 22,Packaged_HB,2,$15.99
602444011200,Wyndmere Breathe Easier Blend Oil 16,Packaged_HB,3,$11.29
602444019053,Wyndmere Emotional Rescue Oil Blend 16,Packaged_HB,1,$14.19
602444013457,Wyndmere Serenity Oil Blend,Packaged_HB,3,$14.69
602444011811,Wyndmere Household Purifier Oil Blend 17,Packaged_HB,3,$10.39
602444011712,Wyndmere Hormonal Balance Oil Blend 22,Packaged_HB,2,$13.89
602444011514,Wyndmere Peaceful Mind Oil Blend 16 Archive,Packaged_HB,4,$20.79
602444013853,Wyndmere Immune Support Oil Blend 16,Packaged_HB,2,$11.39
602444092803,Wyndmere Tea Tree Certified Organic Oil 22,Packaged_HB,3,$12.59
602444092506,Wyndmere Peppermint Certified Organic Oil 22,Packaged_HB,1,$15.19
602444091905,Wyndmere Eucalyptus Certified Organic Essential Oil 22,Packaged_HB,1,$7.59
602444095903,Wyndmere Bar Soap Lavender Garden 22,Packaged_HB,4,$5.49
010486007004,Grandpa's Pine Tar Soap 3.25oz,Packaged_HB,3,$4.99
079565000992,Chandrika Bar Soap,Packaged_HB,3,$2.19
022506112018,Spectrum OG Coconut Oil 15 oz H&B,Packaged_HB,1,$13.39
4001638090056,Weleda skin food 0.34 fl oz Trial Size,Packaged_HB,2,$5.29
4001638099226,Weleda Arnica Massage Oil 3.4oz,Packaged_HB,2,$21.99
051381846275,Aura Cacia Cocoa Butter OG 4oz,Packaged_HB,3,$16.99
018787940020,Dr. Bronner's Organic Shave Soap Peppermint,Packaged_HB,8,$11.49
018787940044,DR. Bronner's Organic Shave Soap Unscented,Packaged_HB,3,$11.49
018787940013,DR. Bronner's Organic Shave Soap Lavender,Packaged_HB,5,$11.49
018787930045,DR. Bronner's Organic Lotion Lavender Coconut 8oz,Packaged_HB,7,$12.19
018787930014,Dr. Bronner's Organic Lotion Orange Lavender OG 8oz,Packaged_HB,8,$11.69
018787930038,Dr. Bronner's Organic Lotion Patchouli Lime OG 8oz,Packaged_HB,7,$10.49
018787930021,Dr. Bronner's Organic Lotion Peppermint OG 8oz,Packaged_HB,6,$10.49
631740050903,Preserve Razor Triple Blade Cartridges 4ct,Packaged_HB,2,$7.99
036923028906,Ecco Bella Mascara Black,Packaged_HB,1,$19.99
036923029316,Ecco Bella Soft Eyeliner Velvet,Packaged_HB,2,$15.99
718334220161,Desert Essence Face Wash,Packaged_HB,3,$11.49
018787950050,Dr. Bronner's  Sugar Lemongrass Lime Soap Pump 12oz,Packaged_HB,3,$12.29
018787950043,Dr. Bronner's  Sugar Baby Unscented Naked Soap Pump 12 oz,Packaged_HB,3,$12.29
078522090458,Jason Deodorant Stick Tea Tree,Packaged_HB,2,$8.19
786648080016,Neem Aura Neem Seed Oil,Packaged_HB,6,$11.49
00036146,Eco-Dent  Extra Brite Mint,Packaged_HB,3,$10.49
079565009124,Fuch's Ekotec Toothbrush Replacement Heads Soft,Packaged_HB,1,$6.79
00851030,Wise Ways All Heal Salve 1oz,Packaged_HB,5,$10.89
602444095804,Wyndmere Bar Soap Forest Retreat,Packaged_HB,4,$5.49
602444099208,Wyndmere Roll-On Stress Relief 22,Packaged_HB,1,$8.69
602444099109,Wyndmere Roll-On Hormonal Balance 22,Packaged_HB,2,$8.69
602444095002,Wyndmere Vibrant Skin Cream 22,Packaged_HB,3,$16.29
602444094609,Wyndmere Moisturizing Cream Unscented 22,Packaged_HB,2,$16.29
602444013150,Wyndmere Joyful Spirit Blend 10ml 23,Packaged_HB,4,$11.69
076970665716,Heritage Hydrogen Peroxide Mouthwash,Packaged_HB,3,$11.99
009030000073,Merry Hempsters Vegan Hemp Lip Balm Mand Orange .14oz,Packaged_HB,2,$1.99
733739080912,Xyliwhite Platinum Mint Toothpaste w/Baking Soda 6.4 oz NOW FOODS,Packaged_HB,9,$6.99
,Wise Ways Black Walnut Tea Tree Salve 1oz,Packaged_HB,1,$5.95
00851331,Wise Ways Salve Witch Hazel 1oz,Packaged_HB,2,$9.29
051381906085,Aura Cacia Jojoba Skin Care Oil 4oz Organic,Packaged_HB,1,$17.49
690940000323,Griffin Remedy Shampoo Restorative 8oz,Packaged_HB,4,$11.49
077014100071,Light Mountain Hair Color Chestnut,Packaged_HB,2,$8.69
049347003732,Light Mountain Hair Color Burgundy,Packaged_HB,6,$9.99
631740050804,Preserve Triple Blade Razor,Packaged_HB,1,$8.79
602444098805,Wyndmere Roll-On Anxiety Release 22,Packaged_HB,2,$8.69
018787777022,Dr. Bronner's Castile Soap Citrus 2oz,Packaged_HB,31,$3.69
018787778081,Dr. Bronner's Castile Soap Rose 8oz.,Packaged_HB,3,$7.89
752830191662,pStyle Cloud,Packaged_HB,1,$9.99
690940000330,Griffin Remedy Conditioner Restorative 8 oz,Packaged_HB,3,$11.49
690940000316,Griffin Remedy Conditioner Daily  8 oz,Packaged_HB,2,$11.49
018787776087,Dr. Bronner's Castile Soap Tea Tree 8oz.,Packaged_HB,5,$7.89
026395000043,Lily of the Desert Aloe Vera Gelly 4oz,Packaged_HB,1,$4.89
018787771327,Dr. Bronner's Castile Soap Almond 32oz,Packaged_HB,14,$22.29
018787776025,Dr. Bronner's Castile Soap Tea Tree 2oz,Packaged_HB,9,$3.69
690940000149,Griffin Remedy Foaming Hand Soap Orange,Packaged_HB,1,$7.49
018787772324,Dr. Bronner's Castile Soap Baby Mild 32oz,Packaged_HB,7,$22.29
018787773024,Dr. Bronner's Castile Soap Eucalyptus 2oz,Packaged_HB,10,$3.69
602444056904,Wyndmere Essential Oil  Grapefruit Trial Size 16,Packaged_HB,2,$3.59
602444065807,Wyndmere Essential Oil  Rosemary Trial Size 16,Packaged_HB,1,$3.59
018787111116,Dr. Bronner's Hand Sanitizer Lavender 2 oz,Packaged_HB,10,$4.99
718334220079,Desert Essence Jojoba Oil 4oz,Packaged_HB,7,$14.69
602444094906,Wyndmere Mint & Rosemary Cream 16,Packaged_HB,1,$16.29
076970111114,Heritage Alka-Thyme Mouthwash 16oz,Packaged_HB,2,$15.89
690940000187,Griffin Remedy Foaming Hand Soap Unscented,Packaged_HB,7,$7.49
028367731481,Kiss My Face Pure Olive Oil Soap Bar 8 oz,Packaged_HB,3,$4.59
602444010951,Wyndmere Head Aide Essential Oil Blend 1/3 Oz,Packaged_HB,2,$12.89
018787764169,Dr. Bronner's Castile Soap Lavender 16oz,Packaged_HB,9,$14.09
733739075604,lavender oil 1 oz NOW FOODS,Packaged_HB,3,$13.99
741273000594,Bach Rescue Remedy Cream 30gm / 1oz,Packaged_HB,1,$12.99
602444057208,Wyndmere Essential Oil Tea Tree  Trial Size 16,Packaged_HB,1,$3.59
602444002703,Wyndmere Coriander Seed Oil 16 (disc),Packaged_HB,3,$13.49
645951405308,Life-Flo Magnesium Spray,Packaged_HB,3,$15.99
733739075703,orange essential oil 1oz NOW FOODS,Packaged_HB,4,$5.99
083000016578,Nature's Answer Perio Mouthwash Cinnamint 16oz,Packaged_HB,3,$10.39
051381998110,Aura Cacia Rosehip Skin Oil OG 1oz,Packaged_HB,2,$13.99
077326830932,Tom's Silly Strawberry Kids Toothpaste FF (P),Packaged_HB,1,$7.99
076970221165,Heritage Castor Oil 16 oz,Packaged_HB,5,$15.69
051381882631,Aura Cacia Bubble Bath Comforting Rose Geranium,Packaged_HB,1,$12.59
051381916961,Aura Cacia Mineral Bath Cedarwood Meditation,Packaged_HB,2,$3.99
018787775028,Dr. Bronner's Castile Soap Peppermint 2oz,Packaged_HB,21,$3.69
715486505108,Olbas Inhaler,Packaged_HB,7,$6.59
072711600183,Grandma's Lye Soap,Packaged_HB,5,$6.99
072711670018,Grandma's Soap Poison Ivy/Oak 2.15oz,Packaged_HB,3,$7.49
018787950012,Dr. Bronner's Sugar Lavender Soap 12 oz Pump,Packaged_HB,3,$12.29
010486012121,Grandpa's Thylox Soap 3.25oz,Packaged_HB,2,$6.59
018787771020,Dr. Bronner's Castile Soap Almond 2oz.,Packaged_HB,10,$3.69
608503050203,All Terrain Herbal Poison Ivy/Oak Spray,Packaged_HB,2,$11.59
792850749993,Burt's Bees Baby Bee Dusting Powder,Packaged_HB,2,$8.79
690940000613,Griffin Remedy Bubble Bath Bear Orange Blossom,Packaged_HB,1,$18.89
690940000514,Griffin Remedy Lotion Omega 3 Frankincense 8oz,Packaged_HB,3,$13.99
690940000057,Griffin Remedy Lotion Omega 3 Grapefruit 8 oz,Packaged_HB,1,$13.29
051381885175,Aura Cacia Mineral Bath Comforting Geranium,Packaged_HB,1,$3.99
077014100026,Light Mountain Hair Color Light Red,Packaged_HB,1,$8.69
094841255149,Similisan Earache Relief .33oz,Packaged_HB,1,$13.89
663654862921,Clear Conscious Multi-Purpose Contact Solution,Packaged_HB,3,$15.99
051381882662,Aura Cacia Eucalyptus Shower Tablets,Packaged_HB,2,$6.99
018787950036,Dr. Bronner's Tea Tree Organic Sugar Soap 12 oz,Packaged_HB,5,$12.29
072711670025,Grandma's Soap Pet,Packaged_HB,6,$7.99
,Emily's Soaps,Packaged_HB,4,$6.99
094841255156,Similasan Ear Wax Relief .33 fl oz,Packaged_HB,1,$12.99
010486007110,Grandpa's Conditioner Pine Tar,Packaged_HB,5,$9.99
051381882655,Aura Cacia Shower Tablets Peppermint,Packaged_HB,3,$6.99
716237120083,Giovanni Styling Mousse,Packaged_HB,1,$9.39
716237100085,Giovanni L. A. Hold Styling Gel,Packaged_HB,3,$10.39
086449300062,Crystal Body Roll-on Deodorant 2.25 oz,Packaged_HB,1,$5.69
306962043568,Boiron Calendula Cream 2.5oz,Packaged_HB,1,$12.69
,Emily's Soaps Citronella Repella Bug Spray 4oz,Packaged_HB,1,$8.79
764302106005,Nubian Heritage African Black Soap Bar 5oz,Packaged_HB,8,$6.79
733739077561,shea butter  OG NOW FOODS,Packaged_HB,2,$12.99
690940000422,Griffin Remedy Leave In Hair Treatment  8 oz,Packaged_HB,2,$16.39
079565005515,Light Mountain Hair Color the Gray Auburn,Packaged_HB,4,$10.99
094841255187,Similasan Children's Earache Relief,Packaged_HB,3,$14.49
027275200058,Auromere  Toothpaste Cardamon-Fennel,Packaged_HB,4,$9.69
051381906092,Aura Cacia Sesame Skin Care Oil 4oz Organic,Packaged_HB,2,$7.69
645951671147,Life Flo Pure Shea Nut Butter 9 OZ,Packaged_HB,1,$19.99
,Wise Ways Mullein Ear Oil 1oz,Packaged_HB,4,$13.29
654749361078,Avalon Organics Conditioner Anti-Dandruff,Packaged_HB,2,$12.29
727101400170,Wise Ways Comfrey Oil  6oz,Packaged_HB,3,$14.29
,Emily's Soaps Beard Oil & Aftershave Serum,Packaged_HB,3,$9.00
602444076902,Wyndmere Aromatherapy Inhaler Anxiety Release,Packaged_HB,1,$7.29
602444077107,Wyndmere Aromatherapy Inhaler Breathe  22,Packaged_HB,2,$7.29
690940000088,Griffin Remedy  Shower Gel Bulgarian Lavender 8 oz,Packaged_HB,7,$6.99
690940000538,Griffin Remedy Creamy Body Wash Grapefruit,Packaged_HB,4,$10.79
718334221144,Desert Essence Relief Spray 4 oz,Packaged_HB,2,$5.39
027275200034,Auromere  Mint-FreeToothpaste,Packaged_HB,2,$9.69
027275350005,Auromere Ayervedic Neem Toothpicks,Packaged_HB,3,$4.29
013964127423,Mad Hippie Vitamin C Serum (E),Packaged_HB,1,$33.99
764302901419,Shea Moisture Baby Shampoo & Body Wash 13 oz,Packaged_HB,3,$11.89
859975002034,Andalou Naturals Shampoo Argan,Packaged_HB,1,$10.49
859975002393,Andalou Naturals Conditioner Age Defying for Thinning Hair (E),Packaged_HB,2,$10.49
690940000156,Griffin Remedy Foaming Hand Soap Lavender,Packaged_HB,1,$7.49
690940000163,Griffin Remedy Foaming Hand Soap Lemon Verbena,Packaged_HB,4,$7.49
690940000552,Griffin Remedy Creamy Body Wash UNscented,Packaged_HB,4,$10.79
018787950029,Dr Bronner's Sugar Hand Soap Peppermint,Packaged_HB,2,$12.29
079565005553,Light Mountain Color The Gray Dk Brown,Packaged_HB,2,$11.99
715486503203,Olbas Herbal Bath 8oz,Packaged_HB,3,$18.89
079565005546,Light Mountain Color The Gray Med Brown,Packaged_HB,1,$11.99
727101820008,Wise Ways Calendula Body Dusting Powder,Packaged_HB,4,$9.39
851618001527,lip balm vanilla mint OG,Packaged_HB,6,$2.59
078522030324,Jason Nail Saver Tea Tree,Packaged_HB,1,$10.29
602444013006,Wyndmere Refreshing Oil Blend 16,Packaged_HB,2,$14.49
051381997588,Aura Cacia Rosehip Facial Serum 1oz,Packaged_HB,3,$17.99
079565009032,Fuch's Record V Natural Bristle Toothbrush Adult Hard,Packaged_HB,1,$4.39
609722585934,Evolution Salt Air Therapy Ceramic Inhaler,Packaged_HB,2,$27.29
718334334356,Desert Essence Neem Mouthwash Cinnamint,Packaged_HB,3,$9.49
718334334103,Desert Essence Neem Toothpaste Cinnamint,Packaged_HB,6,$7.89
602444070504,Wyndmere PURE Frankincense Oil 100% 16,Packaged_HB,1,$29.99
815439003016,Frankincense & Myrrh Neuropathy Rubbing Oil,Packaged_HB,3,$28.59
859975002102,Andalou Naturals Styling Cream Argan & Sweet Orange,Packaged_HB,7,$8.50
013964127430,Mad Hippie Face Cream,Packaged_HB,1,$24.99
079565005539,Light Mountain Hair Color the Gray Light brown,Packaged_HB,3,$11.39
727101400163,Wise Ways Calendula Oil  5oz,Packaged_HB,2,$13.99
764302106081,Nubian Heritage African Black Soap Deodorant 2.5oz,Packaged_HB,7,$9.99
027275700022,Auromere Ayurvedic Neem Plus 5 Herbs Shampoo 16 oz,Packaged_HB,3,$11.49
027275700015,Auromere Neem Shampoo Bar 4.23oz (E),Packaged_HB,2,$7.89
608503050715,All Terrain Poison Ivy/Oak Bar,Packaged_HB,2,$8.89
027275400106,Auromere Ayurvedic Tulsi-Neem Bar 2.75oz,Packaged_HB,3,$3.99
603225412308,Four Elements Vein Cream,Packaged_HB,3,$26.99
603225400794,Four Elements Jewelweed Chickweed bar soap 3.8oz,Packaged_HB,4,$5.99
690940000545,Griffin Remedy Creamy Body Wash Frankincense,Packaged_HB,5,$10.29
820103862974,Senzacare Bamboo Toothbrush Soft child Kids,Packaged_HB,10,$4.49
076970139637,Heritage Activated Charcoal Toothpaste,Packaged_HB,1,$10.79
018787500910,Dr. Bronner's Magic Balm Baby Mild Unscented Org,Packaged_HB,8,$10.99
018787500927,Dr. Bronner's Magic Balm Arnica-Menthol Org,Packaged_HB,6,$14.59
073377093852,Earth Therapeutics Footsie Massager,Packaged_HB,2,$10.49
733739075406,clove oil 1oz NOW FOODS,Packaged_HB,1,$7.39
733739075420,frankincense oil 1oz NOW FOODS,Packaged_HB,4,$24.99
816884016811,Sophi Nail Polish Rome-ance Me,Packaged_HB,3,$7.99
602444000907,Wyndmere Birch Sweet 10mL 22,Packaged_HB,1,$7.69
690940000033,Griffin Remedy Lotion Lemon Verbena 8 oz.,Packaged_HB,6,$11.49
690940000026,Griffin Remedy Lotion Bulgarian Lavender 8 oz.,Packaged_HB,4,$11.49
816884015432,"Sophi Nail Prime, Shine, Seal System",Packaged_HB,1,$14.89
018787970010,Dr. Bronner's Organic Hair Rinse Citrus,Packaged_HB,2,$12.19
816884016828,Sophi Nail Polish Boyfriend Abroad,Packaged_HB,2,$7.99
018787980019,Dr. Bronner's Organic Hair Creme Lavender,Packaged_HB,1,$10.19
079565005508,Light Mountain Color The Gray Red,Packaged_HB,1,$11.39
079565003351,Nature's Alchemy Ylang Ylang Essential Oil .5oz,Packaged_HB,1,$15.55
079565003214,Nature's Alchemy Myrrh Essential Oil .5oz,Packaged_HB,3,$35.69
079565003450,Nature's Alchemy Mandarin Essential Oil .5oz,Packaged_HB,2,$8.49
079565003184,Nature's Alchemy Lemon Essential Oil .5oz,Packaged_HB,1,$5.19
079565008912,Nature's Alchemy Lavandin Essential Oil .5oz,Packaged_HB,1,$5.79
079565003160,Nature's Alchemy Juniper Berry Essential Oil .5oz,Packaged_HB,5,$15.12
079565003405,Nature's Alchemy Grapefruit Essential Oil .5oz,Packaged_HB,1,$8.24
,Mad Hippie Face Cream Anti-Wrinkle,Packaged_HB,1,$28.19
086449300031,Crystal Rock Deodorant Pink 4.25 oz,Packaged_HB,1,$7.49
049347003749,Light Mountain Hair Color Light Brown,Packaged_HB,2,$9.99
869448000023,True CBD Hemp Oil 350 mg,Packaged_HB,8,$40.00
602444005902,Wyndmere Linden Blossom Absolute 22,Packaged_HB,2,$14.99
718334220628,Desert Essence Dental Tape Tea Tree Floss,Packaged_HB,6,$4.39
690940000170,Griffin Remedy Foaming Hand Soap Peppermint Tea Tree,Packaged_HB,2,$7.49
018787940051,DR. Bronner's Organic Shave Soap Lemongrass Lime,Packaged_HB,5,$11.49
733739076533,Peace & Quiet relaxing kit gift set,Packaged_HB,2,$22.99
4001638088138,Weleda Diaper Cream 2.8,Packaged_HB,1,$17.29
008500000278,Wise Ways Arnica Boswellia cream 1oz,Packaged_HB,6,$10.99
733739076113,naturally loveable essential oil 1oz NOW FOODS,Packaged_HB,5,$13.99
733739076342,peace love and flowers essential oil 1oz NOW FOODS,Packaged_HB,5,$17.99
733739075659,lemon oil 1oz NOW FOODS,Packaged_HB,4,$6.49
733739075826,lemongrass oil 1oz NOW FOODS,Packaged_HB,5,$7.99
733739075536,grapefruit oil 1oz NOW FOODS,Packaged_HB,4,$9.99
727101300302,Wise Ways Black Blood Root Drawing Salve 2oz,Packaged_HB,2,$20.59
733739077370,magnesium spray 100% pure 8 oz NOW FOODS,Packaged_HB,1,$11.99
733739080929,Xyliwhite Platinum cinnafresh Toothpaste 6.4 oz NOW FOODS,Packaged_HB,6,$6.99
733739081025,Xyliwhite  coconut oil Toothpaste  6.4 oz NOW FOODS,Packaged_HB,3,$6.99
051381903800,Aura Cacia Shea Nut Skin Care Oil 4 oz Organic,Packaged_HB,3,$8.99
690940000668,Griffin Remedy Bubble Bath Bear Chamomile,Packaged_HB,4,$18.89
690940000620,Griffin Remedy Bubble Bath Bear Bulgarian Lavender,Packaged_HB,1,$18.89
733739075307,cinnamon cassia essential oil 1oz NOW FOODS,Packaged_HB,1,$8.99
752423296699,Thyme Out Acne Eczema 8oz,Packaged_HB,4,$17.99
860203001378,Senzacare (Plastic-Free) Silk Dental Floss Tea Tree,Packaged_HB,1,$4.49
727101200039,Wise Ways Itch Free (Jewelweed) Salve 2 oz,Packaged_HB,3,$14.39
603225400534,Four Elements Lip Balm Lemon Balm,Packaged_HB,10,$3.99
690940000101,Griffin Remedy Shower Gel Peppermint Tea Tree,Packaged_HB,7,$8.39
051381998103,Aura Cacia Oil Argan OG 1oz,Packaged_HB,1,$14.19
786648030011,Neem Aura Neem Leaf Extract OG 1oz,Packaged_HB,3,$13.29
733739075680,myrrh oil 1oz NOW FOODS,Packaged_HB,3,$39.99
,Emily's Lip Balm Sugar Mint,Packaged_HB,2,$5.29
031072501010,Ear Ease Pain Reliever,Packaged_HB,3,$24.99
079565664026,Nature's Alchemy Eucalyptus ORGANIC Essential Oil .5oz,Packaged_HB,3,$6.29
079565664040,Nature's Alchemy Frankincense ORGANIC  Essential Oil .5oz,Packaged_HB,2,$16.79
079565664064,Nature's Alchemy Grapefruit ORGANIC Essential Oil .5oz,Packaged_HB,2,$6.99
079565664088,Nature's Alchemy Lavender ORGANIC Essential Oil .5oz,Packaged_HB,1,$9.79
079565664125,Nature's Alchemy Lemongrass ORGANIC Essential Oil .5oz,Packaged_HB,5,$4.29
079565664187,Nature's Alchemy Peppermint ORGANIC Essential Oil .5oz,Packaged_HB,3,$6.99
079565664200,Nature's Alchemy Rosemary ORGANIC Essential Oil .5oz,Packaged_HB,2,$5.79
079565664224,Nature's Alchemy Tea Tree ORGANIC Essential Oil .5oz,Packaged_HB,4,$7.99
733739076380,lemon eucalyptus essential oil 1oz NOW FOODS,Packaged_HB,4,$9.99
00858033,Wise Ways African Glory Hair Oil 2 oz exp 12/25,Packaged_HB,2,$8.50
602573528518,Muscle MX CBD Balm Recovery Cooling .5 oz,Packaged_HB,3,$10.99
602573528501,Muscle MX CBD Balm Activate Heated .5 oz,Packaged_HB,5,$10.99
048341006541,Swisspers Cotton Take Along Variety Pack,Packaged_HB,1,$2.19
841058047001,Bull Dog Bamboo 5 Blade Razor w/2 cartridges,Packaged_HB,5,$14.29
841058047018,Bull Dog Bamboo 5 Blade Razor Cartridge 4 ct Refill,Packaged_HB,6,$11.69
735850810065,Siskiyou CBD for Pets w/Salmon Oil,Packaged_HB,4,$29.99
735850810058,Siskiyou CBD Body Oil  Spray or Roller 2oz,Packaged_HB,3,$15.00
018787506110,Dr. Bronner's Hand Sanitizer Peppermint 2 oz,Packaged_HB,9,$4.99
077014100064,Light Mountain Hair Color Mahogany,Packaged_HB,1,$8.69
786035004021,BEAT IT  4oz,Packaged_HB,1,$10.99
026603424432,Flower Valley Ayate Washcloth,Packaged_HB,6,$14.39
030985038507,DermaE  Acne Serum 2oz,Packaged_HB,1,$17.89
608503052467,All Terrain Herbal Kids Eczema Spray,Packaged_HB,1,$11.49
856932007668,Andalou Shave Cream  Coconut Lime,Packaged_HB,1,$10.39
860203001392,Senzacare (Plastic Free) Dental Floss Mint,Packaged_HB,4,$4.49
860203001415,Senzacare (Plastic-Free) Silk Dental Floss Unflavored,Packaged_HB,4,$4.49
079565005690,Light Mountain Hair Color Light Red (4Pack),Packaged_HB,4,$15.99
,dream balm 1oz,Packaged_HB,1,$12.99
602573963876,Muscle MX CBD Lotion Restore Cooling 1000 mg,Packaged_HB,5,$34.99
727101500603,Wise Ways Salve Witch Hazel Suppositories,Packaged_HB,2,$11.49
727101200909,Wise Ways Lemon Balm Salve,Packaged_HB,4,$14.29
049347003701,Light Mountain Hair Color  Warm Chestnut,Packaged_HB,5,$9.99
690940000071,Griffin Remedy  Shower Gel Orange 8 oz,Packaged_HB,5,$6.99
,Emily's Soaps 4 Thieves Oil 2 oz,Packaged_HB,1,$17.00
,Emily's Soaps 4 Thieves Oil Roll-On,Packaged_HB,2,$10.49
608503050043,All Terrain Bandages Sheer 40ct,Packaged_HB,2,$3.99
072711680239,Papa's Shave Soap Gift Set,Packaged_HB,1,$17.89
718334220536,Desert Essence Tea Tree Neem Toothpaste Wintergreen,Packaged_HB,4,$7.99
619011956147,Terra Simple Mask Holder,Packaged_HB,1,$4.95
079565005010,Ancient Secrets Dead Sea Bath Salt 2 LBS Lavender,Packaged_HB,1,$13.99
079565005034,Ancient Secrets Dead Sea Bath Salt 2 LBS Eucalyptus,Packaged_HB,1,$12.99
079565006987,Ancient Secrets Dead Sea Bath Salt 1 LB Lavender,Packaged_HB,1,$7.59
000056454628,BWC  Shampoo Daily,Packaged_HB,1,$15.09
000056454635,BWC  Conditioner Daily,Packaged_HB,1,$15.09
091639308766,Thai Crystal Deodorant Stone Velvet Pouch 5.5oz,Packaged_HB,2,$9.69
,Light Mountain Hair Color Light Red Bulk Package,Packaged_HB,3,$4.79
5060480200623,Georganics Dental Floss,Packaged_HB,1,$7.29
5018744027387,BWC  Ink Liner Black,Packaged_HB,3,$19.99
854049002453,Accure Cream Soothing Cleansing,Packaged_HB,1,$10.49
5018744027066,Beauty Without Cruelty Conditioning Mascara Walnut,Packaged_HB,1,$19.99
079565003474,Nature's Alchemy Palmarosa Essential Oil .5oz,Packaged_HB,4,$5.94
810023881018,Sophi Nail Polish Not So Mellow,Packaged_HB,3,$7.99
810023881001,Sophi Nail Polish Fearless,Packaged_HB,2,$7.99
850004695371,WYLD CBD Gummies 1000 mg 40 ct Blackberry,Packaged_HB,3,$44.49
850026948059,WYLD CBD + CBN Gummies 1000 mg 40 ct Elderberry Sleep,Packaged_HB,4,$52.49
850026948035,WYLD CBD Gummies 1000 mg 40 ct Lemon,Packaged_HB,3,$39.99
810023881025,Sophi Nail Polish Don't Coffee Me,Packaged_HB,1,$6.99
733739076236,tangerine oil 1oz NOW FOODS,Packaged_HB,7,$5.99
733739076465,spiced cider fall blend oil 1oz NOW FOODS,Packaged_HB,1,$13.99
733739076977,pumpkin spice fall blend oil 1oz NOW FOODS,Packaged_HB,2,$14.99
878639000230,Every Man Jack Deodorant   Sandalwood,Packaged_HB,3,$8.39
602444001508,Wyndmere Cardamom Oil10mL,Packaged_HB,3,$41.99
858699001026,Crazy Rumors Vegan  Lip Balm French Vanilla  .14oz,Packaged_HB,2,$3.99
858699001477,Crazy Rumors Vegan  Lip Balm Ruby Red Grapefruit  .14oz,Packaged_HB,3,$3.99
858699001774,Crazy Rumors Vegan  Lip Balm Blueberry Lemon  .14oz,Packaged_HB,4,$3.99
858699001408,Crazy Rumors Vegan  Lip Tint Pearl  .14oz,Packaged_HB,2,$5.29
858699001378,Crazy Rumors Vegan  Lip Tint Breeze  .14oz,Packaged_HB,3,$5.29
076970945610,Heritage Rose Water with Atomizer 2oz,Packaged_HB,1,$5.79
672975914271,Muscle MX CBD Balm Activate Heated  1000 mg,Packaged_HB,4,$59.99
672975914264,Muscle MX CBD Balm Recovery Cooling  1000 mg,Packaged_HB,6,$59.99
008500000292,Wise Ways Roots Apple Cider Hair Tonic,Packaged_HB,5,$10.99
764302130383,Nubian Heritage  Raw Shea Butter Hand Cream,Packaged_HB,2,$10.19
859975020427,Andalou Naturals  Facial Mask Pure Pore,Packaged_HB,1,$5.69
841320104388,Alaffia Deodorant Shea Unscented,Packaged_HB,1,$6.69
811525030652,Elementa Silver Tooth Gel Peppermint 4 oz,Packaged_HB,1,$5.99
811525030683,Elementa Silver Tooth Gel Cinnamon 4 oz,Packaged_HB,1,$5.99
051381903442,Aura Cacia Chakra Roll-On Opening,Packaged_HB,1,$14.99
051381903466,Aura Cacia Chakra Roll-On Insightful  3rd Eye,Packaged_HB,2,$14.99
051381921101,Aura Cacia Lavender Roll -On,Packaged_HB,3,$7.59
051381921118,Aura Cacia  Roll-On Peppermint,Packaged_HB,2,$7.59
602444094807,Wyndmere Moisturizing Cream Clearer Skin  22,Packaged_HB,2,$16.29
602444083429,Wyndmere Aroma Therapy Bracelet Black 22,Packaged_HB,2,$14.89
602444083627,Wyndmere Aroma Therapy Bracelet Multi 22,Packaged_HB,2,$14.89
602444080329,Wyndmere Aroma Therapy Bracelet White 22,Packaged_HB,2,$12.59
602444079828,Wyndmere Aroma Therapy Pendant  Starfire 22,Packaged_HB,1,$15.89
602444079927,Wyndmere Aroma Therapy Pendant  Tree of Life 22,Packaged_HB,1,$29.99
851669008582,Honey Pot Boric Acid and Herbs Suppositories,Packaged_HB,2,$12.00
690940000651,Griffin Remedy Bubble Bath Bear Eucalyptus,Packaged_HB,3,$18.89
810058840202,Hand in Hand  Body Lotion  Poppy,Packaged_HB,1,$9.89
859975002553,Andalou Naturals Willow Bark Pure Pore Serum,Packaged_HB,1,$23.99
855485004889,Crazy Rumors Vegan  Lip Balm Zodiac Aries  .14oz,Packaged_HB,3,$4.19
855485004896,Crazy Rumors Vegan  Lip Balm Zodiac Taurus  .14oz,Packaged_HB,4,$4.19
855485004902,Crazy Rumors Vegan  Lip Balm Zodiac Gemini  .14oz,Packaged_HB,3,$4.19
858699001385,Crazy Rumors Vegan  Lip Tint Tropical Island Punch .14oz,Packaged_HB,3,$5.29
5018744027011,BWC Beauty Without Cruelty Mascara Black (Waterproof),Packaged_HB,1,$23.99
850015244179,Cornbread CBD Gummies  Berry 100mg 2 Pack Gummies Org exp 10/25,Packaged_HB,3,$3.50
850015244124,Cornbread Menthol CBD  Lotion  500mg  Org,Packaged_HB,3,$39.99
,Mueller Honey Bee Propolis Toothpaste  Unflavored,Packaged_HB,1,$12.99
894077002209,Brittanie's Thyme  Bug Bite Relief Roll-On,Packaged_HB,2,$5.39
894077002261,Brittanie's Thyme  Facial Cleanser Citrus,Packaged_HB,1,$19.99
894077002438,Brittanie's Thyme  Facial Toner Balancing,Packaged_HB,1,$15.99
846396095714,Enviroscent Scent Stix Refills Lemon,Packaged_HB,2,$9.99
893268000604,Good Clean Love Lubricant Almost Naked 4 oz,Packaged_HB,1,$11.29
602444001003,Wyndmere Essential Oil Black Pepper 10mL 22,Packaged_HB,2,$13.59
855485004995,Crazy Rumors Vegan  Lip Balm Zodiac   Pisces .14oz,Packaged_HB,4,$4.19
855485004919,Crazy Rumors Vegan  Lip Balm Zodiac Cancer  .14oz,Packaged_HB,3,$4.19
637792100153,Tea Tree Therapy Pure Tea Tree Oil .5 oz,Packaged_HB,1,$7.99
786035004120,BEAT IT 8oz,Packaged_HB,2,$16.39
855485004933,Crazy Rumors Vegan  Lip Balm Zodiac Virgo .14oz,Packaged_HB,3,$4.19
855485004926,Crazy Rumors Vegan  Lip Balm Zodiac Leo  .14oz,Packaged_HB,2,$4.19
850026256178,Mad Hippie Facial Hydrating SPF 25,Packaged_HB,2,$20.99
9327693008207,Sukin mask super green detox,Packaged_HB,4,$4.59
816884016835,Sophi Nail Polish French Latte,Packaged_HB,2,$7.99
858699001392,Crazy Rumors Vegan  Lip Tint Coral  .14oz,Packaged_HB,3,$5.29
855485004964,Crazy Rumors Vegan  Lip Balm Zodiac Sagittarius  .14oz,Packaged_HB,3,$4.19
855485004971,Crazy Rumors Vegan  Lip Balm Zodiac Capricorn  .14oz,Packaged_HB,3,$4.19
855485004940,Crazy Rumors Vegan  Lip Balm Zodiac Libra  .14oz,Packaged_HB,3,$4.19
855485004957,Crazy Rumors Vegan  Lip Balm Zodiac Scorpio  .14oz,Packaged_HB,6,$4.19
860364000753,Woo Bamboo Toothpicks,Packaged_HB,2,$4.49
,Wyndmere Aromatherapy Inhaler Blank 22,Packaged_HB,1,$2.29
602444012702,Wyndmere Mentally Sharp,Packaged_HB,3,$12.49
602444019350,Wyndmere Positively Motivating Oil Blend 22,Packaged_HB,3,$13.89
079565055701,Ambassador Brush Oak with Boar Bristle/Nylon Quills,Packaged_HB,1,$31.29
727101820022,Wise Ways Lavender Body Dusting Powder,Packaged_HB,2,$9.39
860001191974,unPasteToothpaste Tabs Cinnamon,Packaged_HB,1,$5.49
810003558442,Ethique Balanced Hair Bar Pack,Packaged_HB,1,$12.99
809581222258,Saucha Uplifting Refreshing Vetiver Bar 1oz,Packaged_HB,1,$2.59
087992114083,Reviva Multi-Peptide Complex exp 5/25,Packaged_HB,1,$15.00
855485004988,Crazy Rumors Vegan  Lip Balm Zodiac Aquarius  .14oz,Packaged_HB,4,$4.19
858699001255,Crazy Rumors Vegan  Lip Balm Peppermint Twist  .14oz,Packaged_HB,6,$3.99
637792603005,Tea Tree Therapy Eucalyptus Soap,Packaged_HB,5,$4.99
858699001019,Crazy Rumors Vegan  Lip Balm Coffee Bean  .14oz,Packaged_HB,2,$3.99
858699001088,Crazy Rumors Vegan  Lip Balm Cirtus Bergamot  .14oz,Packaged_HB,1,$3.99
858699001217,Crazy Rumors Vegan  Lip Balm Orange Creamsicle  .14oz,Packaged_HB,3,$3.99
858699001231,Crazy Rumors Vegan  Lip Balm Raspberry sorbet  .14oz,Packaged_HB,1,$3.99
049347016961,Diffuser Bracelet Lotus,Packaged_HB,3,$24.79
608503050067,All Terrain Waterproof Bandages 20 ct,Packaged_HB,2,$2.99
859975002249,Andalou Naturals Refresher Toner Blossom Leaf,Packaged_HB,2,$15.69
049347016954,Diffuser Bracelet Sun & Moon,Packaged_HB,2,$24.79
049347017029,Diffuser Necklace Heart,Packaged_HB,2,$24.79
718334334325,Desert Essence  Whitening +Tea Tree  Mouthwash  16oz,Packaged_HB,4,$10.49
690940000484,Griffin Remedy Shampoo Clarifying  8 oz,Packaged_HB,3,$11.49
690940000477,Griffin Remedy Conditioner Clarifying  8 oz,Packaged_HB,5,$11.49
019373925100,Dr Tung's Toothpowder Chewable Tabs Mint Free,Packaged_HB,1,$6.50
019373925209,Dr Tung's Toothpowder Chewable Tabs Spearmint,Packaged_HB,1,$12.49
078522046479,Jason Toothpaste Fluoride Free Peppermint,Packaged_HB,3,$8.59
810003558503,Ethique Bar Discovery Pack for Touchy Scalps,Packaged_HB,1,$12.99
810003558473,Ethique Bar Discovery Pack for  Oily to Balanced Hair,Packaged_HB,3,$12.99
027275701111,Auromere Neem Conditioner Bar 2.13oz,Packaged_HB,5,$16.69
858699001897,Crazy Rumors Vegan  Lip Balm Honeycomb  .14oz,Packaged_HB,3,$3.99
049347018378,Diffuser Necklace Dragonfly,Packaged_HB,2,$24.79
771590111208,Urban Spa Nail Brush Classic,Packaged_HB,2,$5.99
850026948264,WYLD CBD + CBC Gummies 20 ct Peach,Packaged_HB,1,$34.99
850018119214,Andalou Naturals Revitalizing Sleeping Mask  Deep Hydration,Packaged_HB,1,$17.99
850018119634,Andalou Naturals Face Lotion SPF 30 Mineral Sun Screen,Packaged_HB,1,$4.00
850018119153,Andalou Naturals Life Boosting Facial Serum,Packaged_HB,1,$29.99
850018119313,Andalou Naturals Mist  Moisture Boost,Packaged_HB,1,$12.99
850018119306,Andalou Naturals  Cleansing Gel Revitalizing,Packaged_HB,3,$15.99
850018119245,Andalou Naturals Nourishing Cleanser Balm Deep Hydration,Packaged_HB,1,$15.99
716237186386,Giovanni Hemp Shampoo Hydrating 13.5 oz,Packaged_HB,9,$13.69
855102007514,Cliganic Org Cotton Swabs 500,Packaged_HB,1,$6.29
855102007521,Cliganic Org Super Jumbo Cotton Balls100,Packaged_HB,3,$5.79
,vegajelly emollient 1oz,Packaged_HB,6,$2.49
850026948288,WYLD CBD + CBC Gummies  40 ct Peach,Packaged_HB,1,$52.49
859975002065,Andalou Naturals Conditioner Argan & Sweet Orange,Packaged_HB,1,$10.49
733739075970,rose absolute essential oil 1oz NOW FOODS,Packaged_HB,3,$17.99
079565005577,Light Mountain Hair Color The Gray Black,Packaged_HB,3,$14.95
858699001606,Crazy Rumors Vegan  Lip Balm Candy Corn  .14oz,Packaged_HB,1,$3.99
027275110036,Auromere Mudbath  (E),Packaged_HB,2,$2.09
733739079558,sugar plum essential oil 1oz NOW FOODS,Packaged_HB,2,$9.50
637792503602,Tea Tree Therapy Mouthwash,Packaged_HB,5,$7.19
637792932006,Tea Tree Therapy Anticeptic Foot Powder  3 oz,Packaged_HB,1,$9.79
817885020340,White Egret Magnesium Oil Spray (Sensitive) 8oz,Packaged_HB,1,$13.29
000056454253,BWC  Eye & Face Makeup Remover,Packaged_HB,4,$9.89
000056454239,BWC  AHA Renewal Moisture Lotion,Packaged_HB,2,$16.99
631740050514,Preserve Women's 5 Blade Razor,Packaged_HB,1,$8.79
841058001584,Bull Dog Beard Oil 1 oz,Packaged_HB,3,$11.39
690940000347,Griffin Remedy Shampoo Volumizing 8oz,Packaged_HB,4,$11.49
690940000460,Griffin Remedy Shampoo Smooth & Glossy 8oz,Packaged_HB,5,$11.49
690940000354,Griffin Remedy Conditioner Volumizing  8 oz,Packaged_HB,4,$11.49
690940000453,Griffin RemedySmooth & Glossy Conditioner  8 oz,Packaged_HB,2,$11.49
027275400014,Auromere Ayurvedic Tulsi Bar Sandalwood/Tumeric 2.75oz,Packaged_HB,3,$4.49
018787772331,Dr. Bronner's Castile Soap Baby Mild 32oz Refill,Packaged_HB,10,$22.29
018787771334,Dr. Bronner's Castile Soap Almond 32oz Refill,Packaged_HB,10,$22.29
018787777336,Dr. Bronner's Castile Soap Citrus 32oz Refill,Packaged_HB,7,$22.29
018787774335,Dr. Bronner's Castile Soap Lavender 32oz Refill,Packaged_HB,9,$22.29
018787778333,Dr. Bronner's Castile Soap Rose 32oz Refill,Packaged_HB,10,$22.29
018787773338,Dr. Bronner's Castile Soap Eucalyptus 32oz Refill,Packaged_HB,12,$22.29
018787775332,Dr. Bronner's Castile Soap Peppermint 32oz Refill,Packaged_HB,5,$22.29
,Emily's Soaps Copaiba Balsam & Castor Oil Body Butter,Packaged_HB,2,$17.49
850021589417,Honey Pot Sensitive Foaming Wash,Packaged_HB,2,$12.29
851669008315,Honey Pot Sensitive Feminine Wipes Travel Size,Packaged_HB,5,$8.99
850021589455,Honey Pot Anti-Itch Vulva Cream 1% Hydrocortisone 1oz exp 5/25,Packaged_HB,2,$8.90
,Desert Essence Neem Toothpaste Fennel,Packaged_HB,3,$7.99
076970221318,Heritage Castor Oil 32oz Organic In Glass,Packaged_HB,1,$35.99
018787980026,Dr. Bronner's Organic Hair Creme Peppermint,Packaged_HB,3,$9.29
718334220819,Desert Essence Tea Tree Neem Toothpaste Fennel,Packaged_HB,3,$7.99
018787776339,Dr. Bronner's Castile Soap Tea Tree 32oz Refill,Packaged_HB,11,$22.29
672975914097,Muscle MX CBD Lotion Restore Cooling 1.2 oz,Packaged_HB,4,$16.99
799439057456,Vanilla Mozi Bite Proof Body Cream 4.2oz,Packaged_HB,1,$19.99
690940000095,Griffin Remedy  Shower Gel Lemon Verbena 8 oz,Packaged_HB,6,$6.99
850051816224,Crazy Rumors Vegan  Lip Balm Lucky Clover  .14oz,Packaged_HB,2,$4.59
850051816217,Crazy Rumors Vegan  Lip Balm Evil Eye  .14oz,Packaged_HB,1,$4.39
850051816200,Crazy Rumors Vegan  Lip Balm Hamsa  .14oz,Packaged_HB,1,$4.59
850051816194,Crazy Rumors Vegan  Lip Balm Maneki Neko  .14oz,Packaged_HB,5,$4.59
5018744027035,BWC Beauty Without Cruelty Mascara Full Volume Black,Packaged_HB,1,$19.99
645951164120,Life-Flo Magnesium Lotion Unscented 8oz,Packaged_HB,2,$14.99
830911000123,Moon Valley Organic Shampoo Bar Siberian,Packaged_HB,1,$8.89
051381911027,Aura Cacia Anise Essential Oil .5oz,Packaged_HB,1,$7.99
840187704182,Mineral Fusion Eye Pencil Azure,Packaged_HB,1,$18.89
,vegajelly emollient 4oz,Packaged_HB,1,$9.49
840187704168,Mineral Fusion Eye Pencil Touch,Packaged_HB,1,$18.89
840187700672,Mineral Fusion Nail Polish Ice Breaker,Packaged_HB,2,$9.59
840187700689,Mineral Fusion Nail Polish A Latte Fun,Packaged_HB,1,$9.59
840187700757,Mineral Fusion Nail Polish Fun & Games,Packaged_HB,1,$9.59
042563604486,Field Day Shampoo Frangrance Free,Packaged_HB,5,$7.99
840187700788,Mineral Fusion Nail Polish Pefect Storm,Packaged_HB,1,$9.59
840187700825,Mineral Fusion Nail Little Black Dress,Packaged_HB,2,$9.59
042563604493,Field Day Conditioner Frangrance Free,Packaged_HB,9,$7.99
733739076069,mental focus blend oil 1oz NOW FOODS,Packaged_HB,4,$12.99
850051816347,Crazy Rumors Vegan  Lip Balm  Happy Juju 4 Pack  .14oz,Packaged_HB,2,$13.99
077435335502,Alvera Aloe Roll-on Deodorant 3oz,Packaged_HB,1,$5.29
051381913410,Aura Cacia Lunar Diffuser,Packaged_HB,2,$43.69
051381913427,Aura Cacia Orbit Diffuser,Packaged_HB,1,$28.79
819202018610,Oh MY ! Goat Milk Lotion Fragrance Free 2OZ,Packaged_HB,3,$6.79
819202012687,Oh MY ! Goat Milk Lotion Sugar & Fig 2oz,Packaged_HB,3,$6.79
819202017194,Oh MY ! Goat Milk Foaming Hand Soap Cherry Blossom,Packaged_HB,4,$8.99
819202018153,Oh MY ! Goat Milk Foaming Hand Soap Lavender,Packaged_HB,2,$8.99
819202014063,Oh My!  Natural Boar Bristle Shave Brush,Packaged_HB,3,$11.89
819202012540,Oh My!  Natural Shave Soap Puck Bay Rum,Packaged_HB,2,$9.89
,Oh My!  Goat Milk Shave Soap Puck Fragrance Free,Packaged_HB,2,$9.89
819202011123,Oh My!  Goat Milk Beard Balm Fragrance Free,Packaged_HB,2,$14.79
840187700542,Mineral Fusion Nail Polish Flirtini,Packaged_HB,1,$9.59
840187700719,Mineral Fusion Nail Polish Arm Candy,Packaged_HB,2,$9.59
830911000130,Moon Valley Organic Shampoo Bar Lemongrass,Packaged_HB,1,$8.89
716237187703,Giovanni Mens 2 n 1 Shampoo & Conditioner 16.9 oz,Packaged_HB,2,$12.59
5900095036470,Hempress Hemp pantliners 20ct,Packaged_HB,3,$5.89
733739076472,candy cane blend essential oil 1oz NOW FOODS,Packaged_HB,5,$13.99
602444080121,Wyndmere Aroma Therapy Charcoal Bracelet Black 22,Packaged_HB,1,$12.69
052651000304,TN Dickinson's  Witch Hazel Hemorrhoid Medicated Pads,Packaged_HB,1,$11.99
073377071201,Earth Therapeutics Pumice Stone,Packaged_HB,2,$6.39
736473100663,Bass Bamboo Comb Fine/Wide Tooth Wet/Dry,Packaged_HB,3,$12.29
771590611005,Urban Spa Massaging Hair Brush,Packaged_HB,3,$7.99
008340000025,Golden Healing  Salve 2oz,Packaged_HB,2,$5.89
819202012847,Oh MY ! Goat Milk Lotion Fragrance Free 12oz,Packaged_HB,1,$12.49
819202010348,Oh MY ! Goat Milk Lotion Frankincense & Myrrh 2oz,Packaged_HB,5,$6.79
,Emily's Soaps Sole Repair Butter,Packaged_HB,2,$17.49
858514006083,Humble Deodorant Sensitive Palo Santo & Frankincense,Packaged_HB,4,$10.39
857095006000,Ecolove Family Shampoo 17.6 oz,Packaged_HB,1,$12.59
851618001343,lip balm vanilla OG singing dog,Packaged_HB,6,$2.59
815632029806,Mineral Fusion Nail Polish Remover (Mini),Packaged_HB,1,$6.99
850026256529,Mad Hippie Blemish Cream,Packaged_HB,4,$14.89
854049002477,Accure Cream Soothing Day,Packaged_HB,1,$18.89
716237183965,Giovanni  Shampoo Dry Powder 1.35 oz,Packaged_HB,1,$12.29
727101200015,Wise Ways All Heal Salve 2oz,Packaged_HB,5,$14.39
860004194422,Clean Age Deodorant Citrus 3.4 oz / 100 ml,Packaged_HB,1,$13.29
857854007675,Seaweed Bath Co. Kids Mineral Sunscreen,Packaged_HB,3,$19.99
810074860062,Humble Deodorant Palo Santo Paper,Packaged_HB,5,$10.99
810074860086,Humble Deodorant Sensitive Lavender Paper,Packaged_HB,5,$10.99
810074861786,Humble Deodorant Black Spruce Paper,Packaged_HB,6,$10.99
810074861861,Humble Deodorant Rockrose Paper,Packaged_HB,6,$10.99
851669008742,Honey Pot Herbal Infused Organic Pads/Wings 16 Super,Packaged_HB,4,$9.99
851669008728,Honey Pot Herbal Infused Organic Pads/Wings 16 Super,Packaged_HB,3,$9.99
733739077110,grapeseed oil 32oz NOW FOODS,Packaged_HB,1,$26.99
716237186409,Giovanni Hemp Hydrating Hair Shine Spray,Packaged_HB,5,$11.89
716237186300,Giovanni Hemp Conditioner Hydrating 13.5 oz,Packaged_HB,2,$15.49
856932007361,Andalou Men Smooth Glide Shave Cream,Packaged_HB,2,$9.99
716237189356,Giovanni KidsTaming Cream 6 oz,Packaged_HB,1,$9.49
605069063999,kid's toothpaste cool mint 4oz himalaya,Packaged_HB,3,$5.99
605069200073,toothpaste neem pomegranate 5.29oz himalaya,Packaged_HB,1,$7.39
051381921682,Aura Cacia & Frankincense ORGANIC Roll On,Packaged_HB,3,$8.59
051381921675,Aura Cacia Castor Oil Organic Roll On,Packaged_HB,1,$8.09
690940000385,Griffin Remedy Shampoo Scalp Therapy  8 oz,Packaged_HB,4,$11.49
690940000392,Griffin Remedy Scalp Therapy Conditioner 8oz,Packaged_HB,5,$11.49
752423296675,Thyme Out For Pets 8oz,Packaged_HB,2,$16.29
,Living City Farms Mullein It Over,Packaged_HB,2,$3.99
663204353022,zum dryer balls aroma blend,Packaged_HB,2,$15.99
857035007418,The Humble Co. Dental Floss Picks Mint 50 Ct,Packaged_HB,5,$4.49
857035007425,The Humble Co. Dental Floss Picks Charcoal 50 Ct,Packaged_HB,5,$4.49
859975002010,Andalou Lavender & Biotin Shampoo,Packaged_HB,1,$10.99
850021276362,The Humble Co. Kids Rainbow Vegan Toothbrush,Packaged_HB,7,$2.89
850021276478,The Humble Co. Dental Tablets Fuoride-Free,Packaged_HB,6,$9.39
850021276188,The Humble Co. Tongue Scraper,Packaged_HB,3,$9.99
857035007357,The Humble Co. Cotton Swabs Bamboo 100ct,Packaged_HB,7,$3.29
851571006393,bar soap goat's milk cedarwood 5oz honey sweetie acres,Packaged_HB,1,$8.99
851571006256,bar soap goat's milk lavender 5oz honey sweetie acres,Packaged_HB,2,$8.99
851571006003,bar soap goat's milk unscented facial avocado honey sweetie acres,Packaged_HB,4,$8.99
851571007178,bar soap goat's milk dragon's blood 5oz honey sweetie acres,Packaged_HB,2,$9.99
851571006737,bar soap goat's milk frank myrrh 5oz honey sweetie acres,Packaged_HB,1,$9.99
851571006461,lotion goat's milk lavender 8oz honey sweetie acres,Packaged_HB,4,$16.99
051381911126,Aura Cacia Citronella Oil 15mL/ 0.5 oz,Packaged_HB,3,$3.59
851571006140,bar soap goat's milk tahiti treat 5oz honey sweetie acres,Packaged_HB,4,$8.99
851571006379,bar soap goat's milk unscented 5oz honey sweetie acres,Packaged_HB,4,$8.99
079625074192,Eco Tools Foot Brush & Pumice Stone,Packaged_HB,1,$5.29
027275370010,Auromere Bamboo Toothbrush (soft,Packaged_HB,1,$7.29
810170630101,Ethique Purple Shampoo Bar 3.9 oz,Packaged_HB,2,$17.99
051381886363,Aura Cacia Aroma Mist Lavender 4 oz,Packaged_HB,1,$8.69
792850653283,Burt's Bees Even Tone Liquid Exfoliant,Packaged_HB,2,$13.19
073377719127,Dual Surface Pedicure Smoothing Stone,Packaged_HB,2,$9.99
073377069444,"Ergo Form Back Brush 18""",Packaged_HB,1,$11.99
810166830683,Grin Adult Toothbrush Soft,Packaged_HB,5,$8.99
076970221882,"Heritage Cotton Flannel 13""x 15""",Packaged_HB,2,$16.99
851571006935,bar soap goat's milk peppermint 5oz honey sweetie acres,Packaged_HB,3,$8.99
786648012017,Neem Aura Concentrated Neem Cream,Packaged_HB,3,$18.99
860007113826,toothbrush bamboo rainbow LGBTQ equality,Packaged_HB,6,$5.99
860007113833,toothbrush bamboo ocean conservation,Packaged_HB,6,$5.99
0860007113819,laundry sheets sls free for sensitive skin,Packaged_HB,9,$10.99
603225400541,Four Elements Lip Balm Calendula Orange,Packaged_HB,10,$3.99
810082710137,Rose Bouqet Body Soap 5 oz New Day Organics,Packaged_HB,3,$15.99
810082710113,Lavender Pine Body Soap 5 oz New Day Organics,Packaged_HB,2,$15.99
810082710090,Naked Triple Butter Body Soap 5 oz New Day Organics,Packaged_HB,3,$15.99
810082710151,Healing Hands Balm .85 oz New Day Organics,Packaged_HB,3,$14.99
810082710144,Lip Rescue Balm .18oz New Day Organics,Packaged_HB,2,$17.99
810082710199,Evening Peace Body Oil 2 oz New Day Organics,Packaged_HB,2,$38.99
810082710175,Morning Joy Body Oil 2 oz New Day Organics,Packaged_HB,2,$38.99
810082710205,Winter Soltice Body Oil 2 oz New Day Organics,Packaged_HB,2,$38.99
810082710168,Sore Muscle & Joint Rub New Day Organics,Packaged_HB,4,$27.99
,Lavender & Tea tree Deodorant New Day Organics,Packaged_HB,1,$16.99
,Unscented Deodorant New Day Organics,Packaged_HB,1,$16.99
,Charcoal Deodorant New Day Organics,Packaged_HB,1,$16.99
,Citrus Grove Deodorant New Day Organics,Packaged_HB,1,$16.99
,Essential Facial Cream 1 oz New Day Organics,Packaged_HB,1,$59.00
,Glow Facial Serum1 oz New Day Organics,Packaged_HB,1,$49.00
810082710229,Winter Solstice Body Soap 5 oz New Day Organics,Packaged_HB,2,$16.99
,Olive Wood Soap Tray New Day Organics,Packaged_HB,3,$10.00
076970729746,Heritage Castor Serum Brow & Lash 1 oz,Packaged_HB,1,$21.00
850026948271,WYLD CBD + CBC Gummies 10 ct Peach,Packaged_HB,1,$21.89
859975002218,Andalou Naturals Cleansing Milk Apricot,Packaged_HB,1,$15.99
733739033406,prostate support 90 sgels NOW FOODS,Vitamins,1,$29.99
684088232357,silver mist spray 10ppm 2oz,Vitamins,5,$14.99
684088232340,silver vertical spray 10ppm 2oz,Vitamins,1,$14.99
684088232364,silver dropper 10ppm 2oz,Vitamins,2,$14.99
097467030879,multi adult's chew pineapple 90tbs nature's plus,Vitamins,2,$32.99
733739003652,D 3 1000 IU 180sgls NOW FOODS,Vitamins,1,$8.99
733739003706,D 3 liquid 2oz NOW FOODS,Vitamins,2,$9.99
041954000128,orange C lozenges 15 loz zand,Vitamins,2,$4.49
726899590025,chlorophyll 8oz,Vitamins,2,$11.99
741273013952,rescue remedy spray 20ml,Vitamins,1,$24.99
046352005195,bentonite detox 16 fl oz,Vitamins,1,$16.29
033674148006,marshmallow 445mg 100cps,Vitamins,3,$15.99
033674003503,fenu thyme 450mg 100cps,Vitamins,1,$13.99
033674125007,eyebright 100cps,Vitamins,3,$13.99
033674161005,red raspberry leaves 480mg 100cps,Vitamins,2,$13.99
083000001253,astragalus 1 oz,Vitamins,2,$16.99
083000005763,black cohosh AF 1 oz,Vitamins,1,$16.99
083000003134,ginger 1oz nature's answer,Vitamins,2,$16.99
083000006159,feverfew AF 1oz,Vitamins,2,$14.99
083000006524,pau d' arco inner bark 1oz,Vitamins,2,$16.99
083000006456,milk thistle AF1 oz,Vitamins,1,$14.99
083000004049,milk thistle 1 oz natures answer,Vitamins,2,$15.99
083000004124,mullein 1 oz,Vitamins,3,$15.99
083000004544,peppermint 1oz,Vitamins,1,$14.99
083000001963,vitex 1 oz nature's answer,Vitamins,2,$13.99
759051050310,balanced essential liq. vit. 32oz wellgenix,Vitamins,1,$35.99
027917001135,PB8 acidophilus 60cps veg,Vitamins,6,$16.99
027917003573,PB8 acidophilus 120cps veg,Vitamins,4,$26.99
021078003298,zinc amino acid chelate 50mg 100tbs,Vitamins,1,$9.99
354973325777,Calms Forte Sleep Aid 100 tbs,Vitamins,1,$13.99
083000004247,nettle 1oz,Vitamins,2,$15.99
083000003226,ginseng american 1oz,Vitamins,2,$23.99
097467044609,papaya enzyme 180tbs nature's plus,Vitamins,1,$12.49
046985017718,zinc elderberry 1.2 oz roll,Vitamins,11,$3.99
046985016650,zinc ech cherry mint 1.36oz roll,Vitamins,18,$3.99
097467336483,calcium magnesium vitamin D3 + K2 chocolate chewable 60 nature's plus,Vitamins,3,$15.39
021078013020,essential enzymes source naturals,Vitamins,1,$21.99
033674173008,st. john's wort nature's way,Vitamins,1,$14.49
306969998519,oscillococcinum 6 doses,Vitamins,4,$16.99
021078010432,oregano oil 1oz wellness source naturals,Vitamins,2,$32.99
306962607609,coldcalm 60tbs,Vitamins,6,$12.99
033674792704,leg veins,Vitamins,2,$15.99
033984013186,glucosamine chondroitin MSM triple strength 60tbs solgar,Vitamins,1,$39.99
759051050105,sea essentials 32oz wellgenix,Vitamins,1,$22.50
097467308725,multi adult chew exotic 90tbs nature's plus,Vitamins,3,$31.99
831060001856,silver biotics 8oz,Vitamins,1,$32.99
097467307018,multi source of life liquid gold 30oz,Vitamins,3,$59.99
097467039506,kelp 300tbs nature's plus,Vitamins,3,$11.49
041954000142,herbalozenge cherry echinacea zinc 15 loz bag zand,Vitamins,12,$4.49
083000003943,marshmallow 1oz nature's answer,Vitamins,1,$13.99
083000002410,damiana 1oz,Vitamins,1,$15.99
083000008962,red raspberry 1oz,Vitamins,2,$11.99
083000005336,valerian 1oz,Vitamins,3,$16.99
083000003431,hawthorn 1oz,Vitamins,2,$13.99
083000002595,don quai 1oz,Vitamins,2,$15.99
733739016850,omega 3 mini softgels 180gls NOW FOODS,Vitamins,2,$18.99
033674151617,umcka cold flu orange tablets 20tbs,Vitamins,3,$20.99
083000163876,gingko 60cps nature's answer,Vitamins,2,$19.99
083000003196,gingko low alcohol 1oz,Vitamins,3,$16.99
083000261886,sambucus elderberry spray 2oz nature's answer,Vitamins,2,$12.99
023542109413,kyolic garlic #109 blood pressure 80cps,Vitamins,2,$29.89
097467010444,D chew 90 tbs,Vitamins,3,$16.99
726899590131,chlorophyll 100mg 16oz  world organic,Vitamins,1,$18.99
043952000377,barley grass 250tbs pines,Vitamins,2,$19.69
354973292840,veratrum album 30x 250tbs,Vitamins,2,$5.00
083000001697,burdock 1 oz natures answer,Vitamins,1,$13.99
083000005633,yarrow 1 oz,Vitamins,2,$14.99
083000006128,echinacea af 1 oz,Vitamins,2,$16.99
083000001369,black walnut 1 oz,Vitamins,2,$16.99
733739014504,potassium chloride NOW FOODS,Vitamins,1,$8.99
741273003922,rescue remedy 20ml,Vitamins,1,$24.99
097467024809,C super complex 90 tabs,Vitamins,4,$29.99
021078016236,potassium iodide / iodine 32.5mg 60tbs source naturals,Vitamins,2,$12.49
021078009870,gaba calm 60 lozenges source naturals,Vitamins,1,$16.99
733739026309,chlorella 1000mg 60tbs,Vitamins,3,$14.99
083000006609,raspberry leaf af 1oz,Vitamins,1,$15.99
733739047540,rhodiola 500mg 60 vcaps,Vitamins,2,$33.99
041954431564,herbalozenge menthol 15 loz bag zand,Vitamins,13,$4.49
083000002663,echinacea & goldenseal OG alc1oz,Vitamins,3,$18.99
733739014801,selenium 100mcg 100tbs,Vitamins,1,$7.99
733739012517,calcium magnesium vitamin D 120 sgls NOW FOODS,Vitamins,1,$17.99
654668102530,osha mt rose 1oz,Vitamins,2,$20.99
033674151594,umcka cold and flu berry chewable tablets,Vitamins,2,$24.99
083000006807,valerian alc free1oz,Vitamins,3,$16.99
097467072848,turmeric 400mg 60vcps nature's plus,Vitamins,2,$24.99
033674153857,pomegranate 60vcps,Vitamins,3,$18.99
306969338049,sinus calm sinusalia,Vitamins,1,$13.99
684088232319,silver dropper 10ppm 4oz,Vitamins,5,$24.99
684088232333,silver dropper 10ppm 8oz,Vitamins,2,$34.99
684088232371,silver cap 10ppm 16oz,Vitamins,3,$49.99
741273014515,pastilles original 50gm,Vitamins,10,$12.99
020065100026,Swedish Bitters 3.38 oz,Vitamins,2,$14.99
020065100033,Swedish Bitters 8.45 oz,Vitamins,1,$28.99
733739028112,D-Mannose 500mg 120 veg caps NOW FOODS,Vitamins,3,$29.99
733739003720,D 3 5000 IU 120sgls,Vitamins,2,$12.99
710363566883,multi women's living green 90gls irwin,Vitamins,1,$34.99
710363566890,multi men's living green 90gls irwin,Vitamins,3,$38.99
097467307377,vitamin K 2 whole food 60vcps source of life nature's plus,Vitamins,2,$22.99
741273014089,rescue sleep aid,Vitamins,1,$15.99
733739051561,"empty ""0"" gelatin capsules 250 NOW FOODS",Vitamins,4,$6.99
021078007067,melatonin 1mg sub orange 100tbs source naturals,Vitamins,1,$8.59
083000006289,goldenseal AF 1oz,Vitamins,3,$21.99
733739003768,D 3 10000 IU 120sgls NOW FOODS,Vitamins,2,$16.99
710363262372,gingko smart,Vitamins,1,$15.00
710363585501,power to sleep 2 mg melatonin  60sgls irwin,Vitamins,2,$22.99
710363580513,sunny mood 75 liquigels,Vitamins,2,$34.99
097467043831,dental care probiotic 60loz nature's plus,Vitamins,2,$32.99
733739007902,vit C crystals 8oz NOW FOODS,Vitamins,2,$14.99
733739017444,cod liver oil 1000mg 180sgls,Vitamins,1,$25.99
854936003129,moringa 5000mg bio nutrition,Vitamins,2,$19.99
097467013209,B-50 balanced complex 90cps nature's plus,Vitamins,2,$22.99
733739026750,kelp 325 mcg 250vcps NOW FOODS,Vitamins,1,$17.99
083000006548,passionflower AF 1oz,Vitamins,2,$14.99
733739051509,"empty ""0"" gelatin caps 1000 NOW FOODS",Vitamins,2,$14.99
733739051042,"empty ""0"" v caps 1000 NOW FOODS",Vitamins,2,$26.99
023542100205,garlic liquid 2oz,Vitamins,2,$20.99
083000006364,hawthorn AF 1oz,Vitamins,1,$12.99
733739051066,"empty ""00"" v caps 250 NOW FOODS",Vitamins,1,$12.99
083000164057,kava-6 100mg 90vcps natures answer,Vitamins,6,$34.99
733739051080,"empty ""00"" v caps 750 NOW FOODS",Vitamins,1,$29.99
710363579791,mega b-complex 60 liquigels irwin,Vitamins,3,$25.99
840081411599,hair follicle stimulator for women 60liquigels,Vitamins,2,$46.99
710363583156,mighty moringa 60liquigels,Vitamins,1,$23.99
710363262457,prosta strong 90liquigels irwin,Vitamins,2,$44.99
710363263546,green tea fat metabolizer 75liquigels,Vitamins,2,$29.99
083000006418,kava-6 1 fl. oz AF,Vitamins,1,$19.99
097467487161,T-male max 60cps nature's plus,Vitamins,2,$42.99
,bottle glass blue cobalt dropper empty 2oz,Vitamins,19,$2.69
,clear glass empty spice jar shaker,Vitamins,7,$2.39
733739012975,magnesium citrate 90sgls NOW FOODS,Vitamins,1,$17.99
710363578602,steel libido red,Vitamins,1,$31.99
083000008016,black walnut wormwood AF 1oz nature's answer,Vitamins,2,$17.99
083000003103,gentian root 2oz nature's answer,Vitamins,5,$22.99
083000163067,nettle 90vcps,Vitamins,2,$11.99
733739051110,"empty ""000"" gelatin capsules 200 NOW FOODS",Vitamins,1,$18.99
097467025646,quercetin plus 90tbs,Vitamins,2,$25.99
733739032515,astaxanthin 4 mg 60sgels NOW FOODS,Vitamins,1,$19.99
700596000001,xclear nasal spray 1.5 oz,Vitamins,1,$12.99
855717003024,arnica 12c ollois,Vitamins,4,$7.99
855717003000,arnica 30c ollois,Vitamins,1,$7.99
855717003031,arnica 200ck ollois,Vitamins,2,$9.49
083000163418,turmeric- 3 90vcps,Vitamins,2,$35.99
027917001128,PB8 acidophilus 120cps original,Vitamins,6,$26.99
033984023192,quercetin complex 100vcps solgar,Vitamins,3,$27.99
665231120011,black seed oil 1oz amazing herbs,Vitamins,1,$8.99
083000263705,UT Answer 4 oz.,Vitamins,1,$34.99
708249000019,"capsule machine ""00""",Vitamins,3,$19.79
708249001009,"capsule machine ""0""",Vitamins,2,$19.99
665231130904,black seed 90 soft gel amazing herbs,Vitamins,1,$29.99
733739033345,red yeast rice w/CoQ10 OG 120vcps NOW FOODS,Vitamins,1,$48.99
741273015284,rescue sleep liq melts 28ct,Vitamins,1,$12.99
051494101711,blood builder 60tbs,Vitamins,2,$27.99
706195001791,slippery elm 1oz OWH,Vitamins,2,$19.99
706195000954,echinacea 90vcps OWH,Vitamins,1,$24.99
706195000916,olive leaf extract 90vcps OWH,Vitamins,2,$27.99
706195000411,wormwood 90vcps OWH,Vitamins,4,$24.99
706195000442,cascara sagrada 90vcps,Vitamins,1,$10.00
706195000534,saw palmetto 90vcps,Vitamins,1,$31.99
801541508174,moringa 90vcp organic india,Vitamins,2,$24.99
706195004303,black cohosh 90vcps,Vitamins,2,$12.50
706195000268,dandelion root 90vcps,Vitamins,3,$25.99
706195001623,white willow 1oz,Vitamins,2,$9.90
306969032282,chestal w/honey 6.7 oz,Vitamins,1,$13.99
684088232296,silver mist spray 10ppm 1oz,Vitamins,5,$9.99
732894035126,Bioastin supreme 60sgls,Vitamins,1,$29.89
710363585365,power to sleep pm 60gls pm 6 mg melatonin irwin,Vitamins,1,$21.99
021078102816,elderberry fluid extract 4oz planetary herbals,Vitamins,1,$15.99
665231380064,yohimbe 1oz,Vitamins,1,$27.99
665231120080,black seed oil 8oz amazing herbs,Vitamins,1,$29.99
021078105015,DGL 200tbs,Vitamins,2,$24.99
603225401203,hypnotic sleep aid 1oz four elements,Vitamins,3,$17.99
083000263750,UT Answer 90vcps,Vitamins,1,$32.99
,glass bottle empty amber w/CAP 2oz,Vitamins,10,$1.59
097467336049,magnesium kalmassure orange powder 1.15lbs nature's plus,Vitamins,4,$26.95
733739001139,L lysine 1000mg 100tbs NOW FOODS,Vitamins,3,$16.99
046352001081,psyllium husk 180 vcps,Vitamins,2,$17.99
354973326613,arnica 30x 50 tabs hyland's,Vitamins,2,$12.99
033674151488,umcka cold & flu berry syrup 4oz,Vitamins,3,$24.99
0706502,honees drops,Vitamins,8,$1.49
733739005052,B12 methyl 5000mcg 90vcpa NOW FOODS,Vitamins,1,$29.99
665231170016,moringa leaf 1oz,Vitamins,1,$13.00
710363586379,turmeric whole-body extra 60liquigels irwin,Vitamins,3,$25.99
306969033289,kids chestal cough & cold 6.7 oz,Vitamins,1,$12.99
355724003050,hair revive 120cps ridgecrest herbals,Vitamins,2,$45.99
083000163609,bacopa 90vcps,Vitamins,2,$22.99
097467307346,B12 OG whole food 60vcps nature's plus,Vitamins,3,$19.99
097467307353,D 3 OG whole food 60vcps nature's plus,Vitamins,3,$24.99
097467307322,B complex OG whole food,Vitamins,2,$26.99
079911034992,nasal spray 1.5fl oz saline & aloe,Vitamins,2,$15.99
083000004780,pumpkin seed extract 1oz,Vitamins,2,$15.99
021078007975,adult multiple life force energy activator 120tbs source naturals,Vitamins,1,$46.99
733739004789,niacinamide 500mg 100cps NOW FOODS,Vitamins,2,$11.99
088395015403,fish oil 6.7oz,Vitamins,1,$28.99
706195001166,valerian 1oz,Vitamins,1,$16.99
674306523701,thrive probiotic 30cps,Vitamins,1,$45.99
684088232388,silver cap 10ppm 32oz,Vitamins,2,$74.99
733739012326,calcium citrate 250tbs NOW FOODS,Vitamins,2,$23.00
021078008163,pycnogenol 25mg 60tbs source naturals,Vitamins,2,$27.99
021078008484,zinc complex optizinc 120tbs source naturals,Vitamins,2,$12.89
,glass bottle empty amber w/MISTER 2oz,Vitamins,19,$2.29
021078016847,calcium coral magnesium 2:1 180cps source naturals,Vitamins,4,$29.99
335824000531,Oreganol 1oz,Vitamins,1,$42.99
851469000915,liver kidney 90vcaps organic india,Vitamins,1,$24.99
070650000026,honees menthol drops,Vitamins,17,$1.49
070650000019,honees milk & honey drops,Vitamins,21,$1.49
710363568214,stress defy 84 softgels,Vitamins,2,$24.00
710363592059,maca root 75 liquigels,Vitamins,1,$33.32
710363585983,testosterone up red 60 liquigels irwin,Vitamins,3,$39.99
710363585372,5 htp extra 60 liqigels Irwin naturals,Vitamins,1,$25.99
710363591854,beet root red 60 liquigels irwin,Vitamins,2,$29.99
021078003205,potassium chelate 99mg 100tbs source naturals,Vitamins,3,$8.69
733739000309,L-arginine 500mg 100cps NOW FOODS,Vitamins,2,$11.99
,jar glass amber empty 2oz,Vitamins,20,$2.79
710363585495,milk thistle liver detox 60sgls irwin,Vitamins,5,$29.99
733739046604,echinacea purpurea 400mg 100vcps NOW FOODS,Vitamins,1,$11.99
892392002003,cordyceps powder OG 100gm om,Vitamins,2,$26.99
733739030108,7-KETO dhea 90vcps NOW FOODS,Vitamins,2,$24.99
733739046659,echinacea & goldenseal 100cap NOW FOODS,Vitamins,1,$19.90
021888121410,Vit D3 2500 iu 50 berry gummies,Vitamins,1,$14.00
733739018144,garlic 5000 mcg 90tbs NOW FOODS,Vitamins,2,$25.99
733739047755,willow bark extract 400mg 100cps NOW FOODS,Vitamins,2,$13.99
733739014542,potassium iodide 30mg 60 tbs NOW FOODS,Vitamins,2,$12.99
733739047526,senna leaves 470mg 100vcps NOW FOODS,Vitamins,2,$11.99
083000262340,sambucus elderberry mega gummies 7x 30  nature's answer,Vitamins,1,$19.90
733739030429,alpha lipoic acid 250mg 60caps NOW FOODS,Vitamins,1,$17.99
892392002041,turkey tail powder OG 100gm,Vitamins,2,$26.99
857727004091,chaga powder OG 100gm,Vitamins,4,$26.99
727783901118,holy basil force 30vcps new chapter,Vitamins,1,$13.00
603225412094,teasel 1oz four elements,Vitamins,3,$7.40
070650004048,honees cough drops lemon menthol 20ct,Vitamins,5,$3.69
046985211901,cough lozenges cherry 18lozenges,Vitamins,4,$5.99
733739013057,magnesium transporters 180vcps NOW FOODS,Vitamins,1,$29.99
710363595456,CBD turmeric 60 sgls irwin,Vitamins,1,$37.99
733739018403,pumpkin seed oil 1000 mg 100sgls NOW FOODS,Vitamins,1,$17.99
097467336063,magnesium kalmassure unflavored powder 360g nature's plus,Vitamins,4,$31.99
070650004031,honees cough drops menthol bag 20ct,Vitamins,1,$3.59
733739001665,L-tryptophan 500mg 60vcps NOW FOODS,Vitamins,1,$21.99
710363594619,liver detox & blood refresh 60sgls irwin,Vitamins,2,$31.99
854936003815,pine pollen 1500mg 90vcps,Vitamins,2,$19.99
083000160899,liver support 90vcps,Vitamins,1,$23.99
641356159419,congestion & sinus blaster spray 1oz,Vitamins,1,$17.99
733739047007,gotu kola 450mg 100vcps NOW FOODS,Vitamins,2,$11.99
850684006504,Plus +cbd full spectrum gold peppermint 5mg 2oz,Vitamins,1,$63.99
021078019312,huperzine 120 tabs source naturals,Vitamins,2,$29.99
733739004918,methyl folate 1000mcg 90 tablets now NOW FOODS,Vitamins,3,$21.99
021078002611,magnesium malate 1250mg 90tbs source naturals,Vitamins,1,$12.99
733739000941,L Glutamine 1000mg 120vcps NOW FOODS,Vitamins,1,$23.99
605069005821,party smart single vcap himalaya,Vitamins,2,$1.70
605069401012,ashwagandha 60 vegan caplets himalaya,Vitamins,1,$24.99
710363597153,pure defense mushrooms 60 liquigels irwin,Vitamins,2,$18.00
076855700280,pill splitter,Vitamins,1,$5.97
076855700297,pill pulverizer,Vitamins,1,$4.79
021078019060,benfotiamine 150mg 60tbs source naturals,Vitamins,2,$15.89
021078000211,wellness formula 45cps source naturals,Vitamins,6,$13.99
021078000228,wellness formula 90cps source naturals,Vitamins,4,$26.99
843119100878,CW hemp cbd recovery ginger 10mg 60gummies,Vitamins,2,$47.99
051494102664,multi women over 40 one daily 60tbs,Vitamins,3,$39.99
051494101070,multi men one daily 60tbs,Vitamins,1,$39.99
021078016281,pomegranate extract 500mg 120tbs source naturals,Vitamins,1,$19.99
021078000501,genistein soy complex 1000mg 120 source naturals bb 7/26,Vitamins,2,$16.90
021078012542,glucosamine chondroitin msm 120tbs source naturals,Vitamins,1,$29.99
605069404013,triphala 60 caplets himalaya,Vitamins,1,$19.99
605069422017,bitter melon 60 caplets himalaya,Vitamins,2,$19.99
855717003451,borax 30c ollois,Vitamins,1,$8.49
076630169813,Ester C  bioflavinoid 1000mg 90tbs,Vitamins,2,$24.99
765704125045,rocky mountain throat syrup 4oz,Vitamins,20,$15.99
765704125083,rocky mountain throat syrup 8oz,Vitamins,24,$28.99
710363598150,CBD 30mg 60 liquid softgels irwin,Vitamins,2,$33.00
734027909014,ginger rescue strong chewable tablets,Vitamins,8,$6.99
854936003303,krill 500 mg 45 sgls,Vitamins,1,$22.99
843119100786,CBD orange blossom 1oz 17mg/serving charlotte's web,Vitamins,2,$39.99
850502007119,men's shilajit 60caps,Vitamins,4,$29.99
710363596095,CBD 1000mg unflavored 1oz irwin,Vitamins,2,$49.99
733739007407,acerola extract powder 6oz,Vitamins,1,$15.99
021078106692,turmeric 2oz,Vitamins,2,$16.49
892392002096,lion's mane powder OG 100gm,Vitamins,1,$26.99
674306989194,thrive probiotic 90cps 3 month supply,Vitamins,1,$124.99
021078004486,calcium ascorbate vitamin C crystals 8oz source naturals,Vitamins,1,$21.79
335824000920,OregaResp 1oz,Vitamins,1,$49.99
767963072696,"empty ""00"" gelatin caps 100 Starwest small bag",Vitamins,2,$4.49
767963072702,"empty ""00"" gelatin capsules 500 Starwest large silver bag",Vitamins,1,$13.99
097467044081,bromelain 500mg nature's plus,Vitamins,2,$29.99
856210008974,mushroom master blend 3.17oz om,Vitamins,3,$26.99
367703206093,bronchial clear 90tabs,Vitamins,1,$10.90
850019274028,cv defense daily immune support  60 caps,Vitamins,1,$6.00
750988000331,arnica drops 30 lozenges,Vitamins,1,$6.99
838451002614,chanca piedra stone breaker 1oz,Vitamins,1,$14.99
843119102391,CBD hemp infused balm 150 mg  .05 oz charlotte's web,Vitamins,1,$6.00
767963041906,"empty ""00"" vegetarian capsules 1000 starwest",Vitamins,1,$36.99
855717003345,gelsemium 30c,Vitamins,4,$8.99
002110600101,nature's lining stomach strengthener,Vitamins,2,$16.50
767963041814,"empty ""0"" vegetarian capsules 500 Starwest large silver bag",Vitamins,1,$22.99
767963041890,empty 00 vcaps vegetarian capsules 500 ct starwest,Vitamins,3,$26.99
733739018359,omega 3 6 9 100sftgls NOW FOODS,Vitamins,1,$15.99
083000007156,lomatium af 1oz,Vitamins,2,$17.99
021078023838,Vit D3 5000 IU 100sgls source naturals,Vitamins,1,$9.99
046985211918,cough lozenges lemon honey 18lozenges,Vitamins,4,$5.49
843119102407,CBD hemp infused balm 450 mg  1.5 oz charlotte's web,Vitamins,3,$29.99
051494102695,multi men over 40 one daily 60tbs,Vitamins,3,$39.99
855717003017,arnica 6c ollois,Vitamins,2,$7.99
051494103173,multi men 40+ 60tbs,Vitamins,2,$34.99
070650004079,honees menthol lemon drops,Vitamins,7,$1.49
892392002959,mushroom energy citrus single packet om,Vitamins,4,$2.29
724250784021,absorb aid digestive support powder 3.5oz,Vitamins,1,$13.00
733739003782,D 3 50000 IU 50sgls NOW FOODS,Vitamins,1,$18.99
046352001210,detox & immunity booster 90 Cap,Vitamins,1,$9.80
759051100176,B12 Max 5000mcg 60tbs Wellgenix,Vitamins,3,$29.99
854936003792,black seed oil 90cps bio nutrition,Vitamins,1,$23.99
723707514938,kratom green maeng da powder 20g(.7oz) super speciosa,Vitamins,3,$7.99
723707514990,kratom green maeng da powder 100g(3.5oz) super speciosa,Vitamins,1,$29.99
083000161728,lion's mane 90vcps nature's answer,Vitamins,1,$29.99
801541517275,psyllium pre & probiotic fiber orange 10oz organic india,Vitamins,3,$14.99
855717003246,aconitum napellus 30c,Vitamins,1,$7.99
855717003376,allium cepa 30C ollois,Vitamins,10,$8.99
855717003277,apis mellifica 30C ollois,Vitamins,1,$9.69
855717003482,argentum nitricum 30C ollois,Vitamins,4,$8.99
855717003208,arsenicum album 30C ollois,Vitamins,5,$7.99
855717003215,belladonna 30C ollois,Vitamins,2,$8.49
855717003291,bryonia 30C ollois,Vitamins,2,$7.99
855717003499,calcarea carbonica 30C ollois,Vitamins,3,$7.99
855717003307,calcarea sulphurica 30C ollois,Vitamins,1,$7.99
855717003420,cantharis 30C ollois,Vitamins,2,$7.99
855717003321,carbo vegetabilis 30C ollois,Vitamins,2,$8.99
855717003253,chamomilla 30C ollois,Vitamins,6,$8.49
855717003147,coffea cruda 30C ollois,Vitamins,1,$8.99
855717003505,hamamelis virginiana 30C ollois,Vitamins,5,$8.99
855717003390,hepar sulphuris calcareum 30C ollois,Vitamins,6,$8.99
855717003161,histaminum hydrochloricum 30C ollois,Vitamins,4,$8.99
855717003352,hydrastis canadensis 30C ollois,Vitamins,6,$7.99
855717003178,hypericum perforatum 30C ollois,Vitamins,1,$8.49
855717003086,ignatia amara 30C ollois,Vitamins,3,$8.99
855717003338,kali bichromium 30C ollois,Vitamins,5,$8.99
855717003369,lachesis mutus 30C ollois,Vitamins,4,$7.99
855717003475,ledum palustre 30C ollois,Vitamins,4,$7.99
855717003239,lycopodium clavatum 30C ollois,Vitamins,2,$8.49
855717003413,mercurius solubilis 30C ollois,Vitamins,2,$7.99
855717003055,nux vomica 30C ollois,Vitamins,6,$8.99
855717003314,phosphorus 30C ollois,Vitamins,4,$7.99
855717003468,phytolacca decandra 30C ollois,Vitamins,2,$7.99
855717003093,pulsatilla 30C ollois,Vitamins,5,$7.99
855717003123,rhus toxicodendron 30C ollois,Vitamins,4,$8.99
855717003406,ruta graveolens 30C ollois,Vitamins,4,$7.99
855717003222,sepia 30C ollois,Vitamins,2,$7.99
855717003260,silicea 30C ollois,Vitamins,6,$8.99
855717003444,spongia tosta 30C ollois,Vitamins,5,$7.99
855717003437,staphysagria 30C ollois,Vitamins,3,$7.99
855717003192,sulphur 30C ollois,Vitamins,4,$8.49
855717003383,Symphytum Officinale 30C,Vitamins,1,$7.99
855717003185,thuja occidentalis 30C ollois,Vitamins,5,$8.99
850019274523,CBD sleep gummies 30 cv sciences,Vitamins,2,$34.99
733739028143,D-mannose cranberry 90 vcps NOW FOODS,Vitamins,2,$29.99
733739028099,D-mannose powder 6oz NOW FOODS,Vitamins,4,$58.99
723707515126,kratom green maeng da powder 250g(8.8 oz) super speciosa,Vitamins,2,$54.99
767963072689,"empty ""0"" gelatin capsules 500 Starwest large silver bag",Vitamins,3,$14.49
767963041678,"empty ""0"" gelatin capsules 1000 Starwest large silver bag",Vitamins,3,$19.99
605069418010,gymnema 60 caplets himalaya,Vitamins,3,$17.99
051494103999,magnesium soft chews grape 30 chews megafood,Vitamins,2,$16.99
369051201010,Rhinase soothing nasal gel 30g,Vitamins,2,$14.99
684088800013,silver first aid gel  for pets 1oz,Vitamins,4,$13.99
831060006103,silver lozenges with vitamin c 21loz,Vitamins,5,$11.99
767963149480,charcoal powder activated coconut shell 4oz pouch,Vitamins,1,$10.99
850011996041,mushroom immune orange & elderberrysingle packet om,Vitamins,21,$2.99
840081403679,CBD melatonin 60 Liquid Softgels,Vitamins,2,$29.99
021078008880,B-1 500mg 100tbs source naturals,Vitamins,1,$21.99
710363586386,stored belly fat burner 60liquigls irwin,Vitamins,3,$24.99
046985003216,migshield 60tabs,Vitamins,1,$5.00
046985031028,lysine super extract 2oz,Vitamins,1,$14.99
710363599539,CBD arnica cream 1000mg 3.33 oz Irwin,Vitamins,1,$59.99
723707514952,kratom white maeng da powder 20g(.7oz) super speciosa,Vitamins,3,$4.49
878941001123,power pak electrolyte grape 1200mg vit C pkt single,Vitamins,10,$0.79
733739001078,glycine 1000mg 100vcps,Vitamins,1,$18.99
684088232395,copper bio-active hydrosol 10ppm 2oz,Vitamins,2,$14.99
878941002762,potassium 99mg 2oz trace mineralss,Vitamins,4,$19.99
878941000256,magnesium mega-mag 400mg 4oz trace minerals,Vitamins,5,$25.99
878941000058,trace mineral drops 8oz trace minerals,Vitamins,5,$49.99
306969310045,sleep calm 60tbs,Vitamins,3,$12.79
851469000168,ashwagandha 90vcp organic india,Vitamins,2,$26.99
021078021780,cilantro metal detox 2oz source naturals,Vitamins,1,$13.79
183405043510,calm orange 8oz natural vitality,Vitamins,2,$20.99
,glass bottle empty cobalt blue w/DROPPER 4oz,Vitamins,19,$2.89
,jar glass amber empty 8oz,Vitamins,26,$2.89
857727004060,mushroom coffee latte blend single packet om,Vitamins,13,$2.99
033984010925,folate folic acid 1333mcg dfe 250vcps,Vitamins,1,$11.00
083000005770,ashwagandha whole plant af 2oz,Vitamins,1,$24.99
850011996096,mushroom morning energy blend single packet,Vitamins,12,$2.99
782932151103,sacred heart spray,Vitamins,2,$8.50
183405043541,calm plus calcium 8oz natural vitality,Vitamins,2,$24.99
840081404324,magnesium ashwagandha 60 liqid softgels irwin,Vitamins,2,$26.99
723707515133,kratom white maeng da powder 250gm(8.8oz) super speciosa,Vitamins,2,$54.99
603573413712,pycnogenol 100mg 30vcp,Vitamins,1,$42.99
727783003669,multi every woman's 40+ one daily 48 tbs new chapter,Vitamins,1,$15.00
727783903501,multi woman's 75 gummies new chapter,Vitamins,1,$26.99
727783903495,multi man's 75 gummies new chapter,Vitamins,1,$26.99
733739047892,lion's mane 60vcaps NOW FOODS,Vitamins,1,$24.99
850502007577,shilajit 60caps youth theory,Vitamins,5,$29.99
097467459724,collagen peptides 240cps natures plus,Vitamins,4,$42.99
097467459717,collagen peptides 120cps,Vitamins,2,$24.99
097467336032,magnesium kalmassure 420mg 240vcps nature's plus,Vitamins,3,$24.99
097467037687,Hema-Plex 60 chewable tbs nature's plus,Vitamins,4,$13.49
033674129005,fo-ti 100cps,Vitamins,1,$12.99
083000261268,chlorophyll 16oz,Vitamins,1,$19.99
696916100356,cloves 100vcps,Vitamins,2,$14.99
097467307407,vitamin D3 & K2  50mcg 60vcps,Vitamins,6,$24.99
097467476240,melatonin 1mg 90tbs,Vitamins,2,$7.49
097467476257,melatonin 3mg 90tbs,Vitamins,2,$9.99
097467476264,melatonin 5mg 90tbs,Vitamins,3,$10.99
097467476271,melatonin 10mg 90tbs,Vitamins,2,$14.49
733739023759,ashwagandha 60vcps NOW FOODS,Vitamins,3,$29.99
785571128611,kratom green maeng da crystal clear 4 capsule pack,Vitamins,5,$5.99
785571128635,kratom red maeng da blister pack,Vitamins,7,$5.99
021078028796,wellness immunitric 90cps source naturals,Vitamins,2,$9.50
733739007926,vitamin C crystals 3lb NOW FOODS,Vitamins,1,$15.00
878941003110,fulvic acid 2oz trace minerals,Vitamins,5,$28.99
878941007125,quercetin + zinc powder 4.2oz trace minerals,Vitamins,1,$10.00
605069411011,holy basil 60 caplets himalaya,Vitamins,1,$21.99
043952000117,barley grass powder 10oz,Vitamins,3,$32.49
850019274714,CBD + THC sour watermelon 30 gummies,Vitamins,3,$54.99
850019274707,CBD + THC peach 30 gummies,Vitamins,3,$54.99
840081405222,testonsterone mega boost red 56sgls irwin,Vitamins,1,$35.99
710363594572,kidney & liver cleanse 60liquigels,Vitamins,3,$21.99
051494101049,multi women one daily 60tbs,Vitamins,3,$39.99
097467104044,vit D 1000IU gummies 60 nature's plus,Vitamins,3,$15.99
723707514976,kratom red bali powder 20g(.7oz) super speciosa,Vitamins,5,$7.99
733739046123,bilberry complex 80mg 100 vcps NOW FOODS,Vitamins,1,$29.99
605069410014,shatavari 60 vegan caplets himalaya,Vitamins,3,$19.99
628055142850,cough syrup nighttime 4oz beekeeper's natural,Vitamins,3,$15.99
727783901248,multi every woman's 55+ one daily 48 vcps new chapter,Vitamins,1,$53.99
710363599560,CBD menthol cream 1000mg 3.33 oz Irwin,Vitamins,1,$64.99
850083008567,mocca energy gummies,Vitamins,2,$3.49
710363585990,B12 mega one per day  60sgls irwin,Vitamins,3,$23.99
710363584108,biotin 6000mcg  60sgls irwin,Vitamins,2,$29.99
710363592011,D3 + K2 + turmeric 60sgls irwin,Vitamins,2,$22.99
710363577391,multi adult  60sgls irwin,Vitamins,2,$16.00
628055142010,propolis spray 4oz beekeeper's natural,Vitamins,1,$16.99
021078027928,"Vit D3 10,000 IU 100sgls source naturals",Vitamins,6,$14.99
021078106531,slippery elm strawberry  200 lozenges planetary formulas,Vitamins,1,$18.49
021078106463,slippery elm tangerine 100 lozenges planetary formulas,Vitamins,6,$10.99
021078004134,B-6 100mg 100tbs source naturals,Vitamins,2,$8.99
021078016830,coral calcium magnesium  90cps source naturals,Vitamins,3,$18.99
850502007836,heart collagen 150tbs,Vitamins,2,$19.00
733739000828,gaba orange 90 chewables NOW FOODS,Vitamins,1,$21.99
733739015549,zinc glyconate 120 sgls NOW FOODS,Vitamins,1,$14.99
785571128819,kratom green malay kratom 100g(3.5oz) super speciosa,Vitamins,1,$29.99
850019274042,cbd plus pain relief 30sgls,Vitamins,2,$29.00
810180021135,fish oil norwegian amazing nutrition,Vitamins,1,$29.99
733739006967,vit C D3 Zinc 100vcps NOW FOODS,Vitamins,3,$19.99
083000262548,mullein x cough syrup 4oz nature's answer,Vitamins,4,$21.99
727783903747,B12 350mcg 60 raspberry gummies new chapter,Vitamins,1,$14.90
810095311512,ruta graveolens 200ck,Vitamins,3,$8.99
860002151526,sea moss w/bladderwrack and burdock 60 gummies Bucklebury,Vitamins,1,$18.00
840081405918,collagen peptides 60liquigels irwin,Vitamins,1,$19.00
733739006196,liposomal vitamin c 120vcaps NOW FOODS,Vitamins,1,$29.99
733739009104,vitamin e liquid 1oz NOW FOODS,Vitamins,2,$11.99
733739014863,selenium 200mcg 180tbs NOW FOODS,Vitamins,2,$19.99
051494103371,blood builder iron minis 60tbs,Vitamins,1,$19.99
051494102329,calcium & magnesium 90tbs megafood,Vitamins,3,$39.99
097467033603,magnesium 200mg 180tbs nature's plus,Vitamins,4,$29.99
097467336025,magnesium kalmassure 400mg 120vcps nature's plus,Vitamins,8,$13.99
021078021520,gymnema sylvestre ultra 60tbs,Vitamins,2,$18.99
733739014474,iron liquid 8oz NOW FOODS,Vitamins,1,$21.99
306969306048,allergycalm 60tbs boiron,Vitamins,3,$14.99
382431102615,antacid strawberry 60 chews wonderbelly,Vitamins,4,$11.99
850011996980,mushroom plant protein chocolate pkt,Vitamins,4,$3.99
814784026350,magnesium liquid sunwarrior,Vitamins,2,$17.99
855717003048,arnica vegan OG 30x ollois,Vitamins,3,$8.49
033984006928,vitamin C ester plus 500mg  90vcps,Vitamins,1,$9.00
083000261404,evening primrose 4oz nature's answer,Vitamins,2,$29.99
733739004840,niacin no flush 250mg 180vcps NOW FOODS,Vitamins,1,$16.00
733739004833,niacin no flush 25mg 90vcps NOW FOODS,Vitamins,1,$7.50
021078002291,evening primrose oil 500 MG 90 source naturals,Vitamins,1,$18.99
021078002420,boswellia 100tbs source naturals,Vitamins,2,$19.99
021078007043,beta sitosterol  113mg 90sgls source naturals,Vitamins,5,$8.88
021078010999,genistein soy complex 60 source naturals,Vitamins,5,$15.99
021078012924,methylcobalamin 1 mg cherry 60 loz source naturals,Vitamins,1,$12.99
021078013730,biotin 5000mcg 120tbs source naturals,Vitamins,3,$13.49
021078028079,niacinamide 500mg 60tbs,Vitamins,3,$8.49
840081405604,steel libido x2 peak for men 75liquigels irwin,Vitamins,1,$19.00
696916115077,milk thistle concentrate 90vcps,Vitamins,2,$19.99
733739002600,taurine powder 8oz NOW FOODS,Vitamins,1,$17.99
860104002450,soothing throat cough syrup 8oz Bucklebury,Vitamins,2,$28.99
021078104230,vitex chasteberry 500mg 60ct,Vitamins,4,$10.49
860002151571,zeolite 2oz bucklebury,Vitamins,4,$25.99
860006794507,lion's mane gummies,Vitamins,2,$19.99
860006794538,cordyceps gummies,Vitamins,1,$9.90
860006794545,reishi gummies,Vitamins,1,$9.90
021078028215,reservatrol 500mg 30tbs source naturals,Vitamins,1,$19.99
021078008033,magnesium ultra 120tbs source naturals,Vitamins,5,$18.99
021078015987,L-lysine 500mg 200cps,Vitamins,1,$18.99
021078028642,elderberry gummies source naturals,Vitamins,1,$9.50
021078028949,Vit D3 vegan 2000 IU source naturals,Vitamins,3,$18.99
684088232203,silver vertical spray 10ppm 1oz,Vitamins,4,$9.99
684088500043,natural healing gel silver 2oz,Vitamins,1,$19.99
097467336940,magnesium citrate gummies 60 nature's plus,Vitamins,1,$9.90
840081408537,nitric oxide PWR blod flow booster 60liquigels,Vitamins,1,$5.00
840081407899,L citrulline + L arginine 60liquigels,Vitamins,1,$14.00
840081405741,sensual woman 60liquigels,Vitamins,2,$32.99
854936003754,charcoal activated capsules,Vitamins,1,$14.99
854936003730,berberine advanced capsules,Vitamins,4,$29.99
854936003693,eye wellness w/zeaxanthin bio nutrition,Vitamins,1,$16.00
785571129328,kratom extra strength blueberry 30 gummies super speciosa,Vitamins,1,$68.99
021078104766,nettle 90tbs planetary herbals,Vitamins,2,$15.99
021078021988,d mannose 500mg 60cps source naturals,Vitamins,3,$24.99
857727004053,mushroom blend coffee pkt OG om,Vitamins,10,$2.99
856210008158,lion's mane OG 90cps,Vitamins,2,$29.99
733739046055,astragalus 500mg 100vcps now foods,Vitamins,1,$11.99
083000262531,mullein x multi symptom cough syrup 4oz nature's answer,Vitamins,2,$21.99
857727004077,mushroom hot chocolate single packet om,Vitamins,11,$2.99
857727004084,mushroom matcha single packet om,Vitamins,5,$2.99
083000262555,mullein x multi throat spray 2oz nature's answer,Vitamins,2,$18.39
856210008219,cordyceps OG 90cps,Vitamins,2,$29.99
850011996720,mushroom master blend OG 90cps,Vitamins,2,$19.90
850502007607,beauty powder citrus,Vitamins,1,$16.00
083000262562,mullein x kids cough syrup 4oz nature's answer,Vitamins,2,$21.99
696916115114,cranberry 90vcps kroeger,Vitamins,2,$16.99
382431104039,antacid watermelon pkt wonderbelly,Vitamins,1,$1.60
733739018397,super omega 3 6 9 90sftgls NOW FOODS,Vitamins,3,$18.99
634024031018,blood tonic syrup 6oz,Vitamins,3,$19.99
852906004251,elderberry immune support spray mickelberry,Vitamins,1,$11.99
733739030870,quercetin phytosomal  NOW FOODS,Vitamins,2,$15.90
3291854102195,black seed oil OG 16oz herb to body,Vitamins,5,$49.99
061998614105,ashwagandha 120sgls,Vitamins,1,$23.99
840081410448,berberine fat burner liquid softgels irwin,Vitamins,1,$39.99
083000162541,goldenseal 50vcps,Vitamins,1,$27.99
021078003175,magnesium chelate complex source naturals,Vitamins,1,$9.29
021078107675,triphala 4oz liquid,Vitamins,2,$25.49
733739046253,cayenne 500mg 100vcps NOW FOODS,Vitamins,4,$9.99
860002151519,zeolite 90cps bucklebury,Vitamins,3,$29.99
810014679198,d mannose pure powder,Vitamins,3,$59.99
850019274738,CBD sleep gummies 2 pk cv sciences,Vitamins,7,$4.79
691821317165,soursop living bitters OG 8oz herb to body,Vitamins,2,$27.99
605069991315,party smart 10 gummies himalaya,Vitamins,2,$9.49
3433764152222,colon cleanser bitters 16oz herb to body,Vitamins,1,$26.99
382431000065,antacid strawberry travel size wonderbelly,Vitamins,1,$5.99
,citrus bergamot 60 capsules double wood,Vitamins,8,$18.00
097467037625,Hema-Plex 60tbs nature's plus,Vitamins,2,$24.99
727783904133,magnesium selenium zinc new chapter,Vitamins,2,$27.99
860005554911,kava chill pills moon mint up side,Vitamins,1,$14.99
860009687578,shilajit 60vcps bio nutrition,Vitamins,2,$21.99
5065022177005,shilajit resin jar magictree,Vitamins,1,$34.99
733739001337,proline 500mg 120 vcps NOW FOODS,Vitamins,1,$18.99
733739018809,wheat germ oil NOW FOODS,Vitamins,2,$15.99
097467025653,quercetin 500mg 60cps,Vitamins,3,$18.99
097467028241,vitamin K complex 60vcps nature's plus,Vitamins,3,$19.99
097467039735,krill antarctic oil 500mg nature's plus,Vitamins,1,$24.99
097467051683,suntheanine L-Theanine 200mg 60vcps nature's plus,Vitamins,3,$22.99
097467104389,vitamin D with K 60 chewable nature's plus,Vitamins,3,$14.49
097467495647,CoQ10  200mg beyond ubiquinol 30ct,Vitamins,3,$48.99
097467496125,curcumin 500mg 60 nature's plus,Vitamins,3,$32.99
097467496156,curcumin 1000mg 60 nature's plus,Vitamins,1,$55.99
097467336094,magnesium kalmassure glycinate 90cps nature's plus,Vitamins,1,$18.99
097467495685,CoQ10  100mg beyond ubiquinol 30ct,Vitamins,3,$29.99
097467495739,CoQ10 50mg beyond ubiquinol 60ct,Vitamins,3,$29.99
097467445611,reflux ease vanilla 60 chewables nature's plus,Vitamins,1,$24.99
765203089121,shilajit 4oz nature's vision,Vitamins,3,$29.99
689269455600,citrus max 90 pkt coromega,Vitamins,3,$27.90
,glass bottle empty amber w/DROPPER 1oz,Vitamins,12,$1.69
840081411551,beets for cardio peak performance 60 liquigels irwin,Vitamins,2,$19.00
840081410684,sleep fit pm fat burner 60sgls irwin,Vitamins,2,$14.00
641356164543,umckaloabo 4oz la naturals,Vitamins,1,$17.99
641356174306,paracide raw formula 90vcps la naturals,Vitamins,2,$19.99
641356048515,parasite formula 1oz la naturals,Vitamins,3,$17.99
641356047013,aller calm 1oz la naturals,Vitamins,1,$15.99
641356221918,bitters mint spray 1oz la naturals,Vitamins,1,$15.99
641356174009,kava gold raw formula 90vcps la naturals,Vitamins,1,$25.99
771733112994,Go-Out capsules bell,Vitamins,3,$22.99
3433764122317,charcoal activated powder 4oz herb to body,Vitamins,4,$11.99
733739728111,D-Mannose 500mg 100 veg caps NOW FOODS,Vitamins,5,$26.99
641356156203,valerian raw herb 90vcps la naturals,Vitamins,1,$15.99
641356185913,stone blaster chanca piedra1oz la naturals,Vitamins,2,$17.99
641356039018,cayenne1oz la naturals,Vitamins,2,$14.99
641356047419,echinacea goldenseal1oz la naturals,Vitamins,5,$15.99
641356040618,fennel 1oz la naturals,Vitamins,3,$14.99
641356044913,skullcap 1oz la naturals,Vitamins,2,$14.99
641356046214,wild yam 1oz la naturals,Vitamins,2,$15.99
856269006006,lozenges honey alpinola,Vitamins,2,$4.50
635824007654,Orega spray,Vitamins,2,$9.99
733739004758,inositol 500mg 100cps NOW FOODS,Vitamins,1,$12.99
850021920746,lion's mane 60vcps youth theory,Vitamins,3,$20.99
733739020543,HMB 500mg 120vcps NOW FOODS,Vitamins,4,$39.99
733739020574,HMB 90gm powderNOW FOODS,Vitamins,3,$32.99
700522168188,vitamin pill case plastic container,Vitamins,3,$2.99
083000262593,mullein x cough syrup nighttime 4oz nature's answer,Vitamins,3,$24.99
810110580114,ashwagandha lemon lime gummies organic india,Vitamins,2,$25.99
851745001179,bladder health 60vcps,Vitamins,1,$34.99
633422596327,mycobrew cocoa pkt,Vitamins,24,$1.99
633422849799,mycobrew mocha pkt,Vitamins,2,$1.99
633422910741,mycobrew matcha pkt,Vitamins,31,$1.99
633422539973,mycobrew coffee pkt,Vitamins,24,$1.99
040232380129,cough syrup ivy leaf,Vitamins,3,$13.99
898631000304,tri enza pomegranate lemonade chewable enzymes,Vitamins,3,$29.90
641356221819,bitters citrus spray 1oz la naturals,Vitamins,3,$15.99
635824004141,oregano cinnamon oil 1oz,Vitamins,1,$29.99
635824009184,pine power plus 8oz,Vitamins,1,$39.99
858631002579,allercleanse extra strength,Vitamins,1,$9.50
627843468417,prebiotic resistant starch fiber,Vitamins,3,$19.99
641356154704,echinacea goldenseal raw formula 90vcps la naturals,Vitamins,1,$21.99
641356156104,turmeric raw formula 90vcps la naturals,Vitamins,1,$29.99
641356228405,irish moss powder 90vcps la naturals,Vitamins,1,$17.99
856396003008,rapid immune defense hybrid cr,Vitamins,4,$11.50
856396003046,rapid nasal and sinus support hybrid ar 30,Vitamins,3,$29.99
856396003121,rapid nasal and sinus support hybrid ar 10,Vitamins,9,$6.90
701748763584,ashwagandha  500mg 60cps natural relief,Vitamins,12,$7.90
013964302806,Blood Pressure 60cps natural relief,Vitamins,2,$34.99
659670030086,calcium plus ionic fizz mixed berry 7.41 oz pure essence,Vitamins,3,$34.99
659670031014,magnesium plus ionic fizz raspberry lemonade 7.41 oz pure essence,Vitamins,3,$28.99
659670031069,magnesium plus ionic fizz orange vanilla 7.41 oz pure essence,Vitamins,4,$28.99
633422292953,mushroom mycoshield licorice root spray host defense,Vitamins,1,$9.99
633422228815,mushroom mycoshield peppermint spray host defense,Vitamins,2,$9.99
633422543093,mushroom mycoshield citrus spray host defense,Vitamins,1,$9.99
633422938493,mushroom mycoshield cinnamon spray host defense,Vitamins,2,$9.99
633422031620,lion's mane mushroom 60caps host defense,Vitamins,2,$28.99
733739046802,ginger root 100tbs NOW FOODS,Vitamins,1,$11.99
021078021667,Articpure Krill Oil 500 MG,Vitamins,2,$49.99
633422038124,mycommunity mushroom immune support 90vcps,Vitamins,1,$39.99
633422477718,turkey tail mushroom powder 100gm host defense,Vitamins,4,$28.99
633422354521,stamets 7 mushroom powder 100gm host defense,Vitamins,2,$29.99
633422522319,lion's mane mushroom powder 200gm host defense,Vitamins,2,$39.99
633422112398,turkey tail mushroom powder 200gm host defense,Vitamins,2,$39.99
633422301235,stamets 7 mushroom powder 200gm host defense,Vitamins,1,$39.99
633422125459,mycobrew mocha box,Vitamins,1,$19.99
840081411384,extra strength testosterone up V2 60 liquigels irwin,Vitamins,1,$29.00
840081411421,vitality and recovery testosterone up men 60 & up 60 liquigels irwin,Vitamins,2,$32.00
840081411636,stored belly fat burner with caloriburn 40liquigls irwin,Vitamins,5,$24.00
785571129304,kratom super red capsules 60vcps super speciosa,Vitamins,1,$24.99
633422397771,brainpower stack mushroom powder 100gm host defense,Vitamins,2,$28.99
083000001390,bladderwrack low alcohol 1oz natures answer,Vitamins,8,$14.99
306969044049,arnica montana  arthritis care,Vitamins,4,$13.99
603573364670,ubiquinol 100mg 60sgls,Vitamins,1,$49.99
860005961689,CBD sleep ez pillowz slumber berry 30 vegan gummies,Vitamins,8,$26.99
021078100263,ginseng revitalizer 90tbs planetary,Vitamins,2,$29.99
021078100638,echinacea defense 90tbs planetary,Vitamins,2,$24.99
021078015956,echinacea extract 100cps source naturals,Vitamins,2,$14.99
734027909069,ginger rescue lozenges soft 800mg 3oz bag ginger people,Vitamins,3,$11.99
097467030435,multi adult ultra ll daily 180tbs nature's plus,Vitamins,2,$74.99
083000161506,cayenne 90 cps natures answer,Vitamins,3,$14.99
857549002343,kollagel collagen,Vitamins,3,$39.99
857549002008,collagen marine pure,Vitamins,2,$29.99
857549002015,collagen marine with hyaluronic acid,Vitamins,3,$31.99
850043735403,CBD + THC 10mg aura alpine apple 20 gummies,Vitamins,3,$25.00
727783902573,vitamin C fermented 60 new chapter,Vitamins,2,$38.99
727783902993,elderberry 60 gummies,Vitamins,7,$14.99
733739004567,B 6 NOW FOODS,Vitamins,4,$8.99
021078004455,vitamin C timed release 1000mg source naturals,Vitamins,1,$16.99
021078004622,vitamin C chewable 500mg source naturals,Vitamins,3,$14.99
710363262419,immuno shield 100sgls irwin,Vitamins,1,$27.99
710363586393,vitamin C plus urgent rescue sgels irwin,Vitamins,2,$25.99
840081412268,female balance 60sgls irwin,Vitamins,3,$36.99
840081412169,healthy brain 60liquigels,Vitamins,2,$39.99
840081412091,shatavari 60liquigels irwin,Vitamins,2,$28.99
088395129506,D3 super daily liquid vegetarian .086oz,Vitamins,1,$19.99
641356044814,saw palmetto 1oz la naturals,Vitamins,3,$15.99
641356037915,black walnut green 1oz la naturals,Vitamins,2,$14.99
363113337006,gluten detox spray 1oz liddell labs,Vitamins,1,$5.00
6918212907656,sea moss 60 capsules  herb to body,Vitamins,3,$16.59
021718608029,bio strath 8.4 oz,Vitamins,2,$29.99
075820160159,swiss kriss herbal laxative flakes 1 1/2 oz,Vitamins,3,$6.99
3291854102874,turmeric living bitters 16oz herb to body,Vitamins,2,$26.99
641356085718,bilberry 1oz la naturals,Vitamins,1,$14.99
641356041110,ginkgo 1oz la naturals,Vitamins,2,$14.99
741273403579,get it done motivation kit bach,Vitamins,2,$24.99
641356039117,chamomile 1oz la naturals,Vitamins,2,$14.99
733739014924,silica complex 180tbs NOW FOODS,Vitamins,3,$32.99
710363568351,daily gentle cleanse 60liquigels,Vitamins,1,$25.99
097467307513,folate 60vcps nature's plus,Vitamins,2,$11.99
097467395183,cranberry 500mg 60cps nature's plus,Vitamins,1,$18.99
097467376878,iron hema plex liquid 8.5oznature's plus,Vitamins,3,$19.99
097467496118,curcumin lozenges nature's plus,Vitamins,4,$26.99
817598000714,GLP-1(ozempic) support 90cps youth theory,Vitamins,2,$29.99
850001449441,prenatal vitamins mama knows best oceanblue,Vitamins,1,$10.00
850001449373,Oceanblue Omega 750mg,Vitamins,4,$7.99
850001449380,omega everyday 90sgls oceanblue,Vitamins,4,$18.99
850001449410,DHA 1000mg brain fuel 60sgls oceanblue,Vitamins,6,$18.99
850001449397,omega everyday mini 60sgls oceanblue,Vitamins,5,$12.99
850001449427,EPA 1000mg mood food 60sgls oceanblue,Vitamins,4,$18.99
850021920333,K2D3 gummy peach 60 youth theory,Vitamins,1,$20.99
878941000348,calcium magnesium complete 1:1 120tbs trace minerals,Vitamins,5,$24.99
3433764142766,tongkat Ali longjack 60 capsules  herb to body,Vitamins,3,$17.99
041954340897,herbalozenge elderberry zinc 18 loz bag zand,Vitamins,1,$4.49
850083008253,mocca energy dark chocolate orange gummies,Vitamins,6,$3.49
850083008536,mocca energy salted caramel gummies,Vitamins,2,$3.49
850051627196,multi mushroom gummies,Vitamins,1,$19.99
733739005069,choline 300mg 100cps now foods,Vitamins,2,$15.99
097467051645,NAC pro 60vcps nature's plus,Vitamins,3,$13.99
021078007135,quercetin activated 100cps,Vitamins,1,$19.99
641356046313,wormwood 1oz la naturals,Vitamins,3,$15.99
641356167131,lustrous hair for women la naturals,Vitamins,3,$23.99
049479001644,enzyme complex vegetarian 90vcps futurebiotics,Vitamins,1,$16.99
733739026989,spirulina 500mg 200vcps now foods,Vitamins,2,$17.99
811839032670,turmeric 2oz global healing,Vitamins,3,$24.99
051494105801,magnesium L-Threonate 90cps megafood,Vitamins,1,$45.99
097467051621,NAC pro 1200 60cps nature's plus,Vitamins,3,$12.99
097467073272,green tea 750mg 60vcps nature's plus,Vitamins,3,$11.00
097467475922,dreaminol berry chewable 90tbs,Vitamins,2,$19.99
850043735526,CBD + THC 2.5mg aura fizz 20 tablets,Vitamins,7,$21.00
3433764152291,elderberry sea moss 60 capsules  herb to body,Vitamins,3,$16.59
3291854112583,soursop living bitters mixed berry OG 8oz herb to body,Vitamins,3,$28.99
,glass bottle empty amber w/MISTER spray 4oz,Vitamins,18,$2.69
696916106686,wormwood kit Kroeger,Vitamins,2,$67.99
696916100400,wormwood combination 100vcps kroeger,Vitamins,2,$16.99
733739003560,D 3 2500 IU 180sgls NOW FOODS,Vitamins,1,$15.99
733739033734,hair skin nails 90cps NOW FOODS,Vitamins,1,$29.99
780001953801,throat soothers pastilles packet .42 oz St. Claire's,Vitamins,48,$1.49
741273404477,pastilles watermelon 50gm,Vitamins,2,$11.99
684088700078,silver 3 piece travel kit,Vitamins,3,$26.99
858961001419,migraine headache therapy homeopathic,Vitamins,2,$11.99
,vit D 1000IU 60 nature's plus,Vitamins,3,$15.99
785571128024,kratom jolt 10pk super speciosa,Vitamins,2,$15.99
785571129403,kratom tincture watermelon super speciosa,Vitamins,3,$23.99
051494105689,turmeric fast acting 60cps megafood,Vitamins,1,$34.99
641356197206,bacopa 90vcps la naturals,Vitamins,2,$19.99
641356039810,dandelion1oz la naturals,Vitamins,3,$14.99
641356066519,horsechestnut1oz la naturals,Vitamins,2,$14.99
641356042711,milk thistle OG 1oz la naturals,Vitamins,3,$14.99
641356155800,nettles 75vcps la naturals,Vitamins,2,$14.99
641356173705,fenugreek vcps la naturals,Vitamins,1,$14.99
850042176139,NMN 500,Vitamins,6,$49.99
850042176849,NAD+ blood sugar support NMN berberine ALA,Vitamins,3,$49.99
850042176948,NR300 resveratrol NAD longevity,Vitamins,2,$49.99
083000164613,calcium magnesium  120 vcps nature's answer,Vitamins,2,$36.99
083000261060,B12 methyl liquid spray,Vitamins,2,$22.99
811839033097,toxin binder global healing,Vitamins,3,$34.99
811839032137,oxy powder global healing,Vitamins,2,$29.99
811839033257,microsomal foreign protein cleanse  global healing,Vitamins,3,$46.99
335824000203,Oreganol  super strength 1oz,Vitamins,1,$52.99
355724001919,thyro nourish 120cps ridgecrest herbals,Vitamins,2,$43.99
021078015345,CoQ 10 200mg 60sgls,Vitamins,1,$29.99
854936003822,ashwagandha stress wellness 60v capsules,Vitamins,3,$22.99
860009687585,emotional 60v capsules,Vitamins,2,$22.99
858631002739,everyday immune cleanse nasal spray,Vitamins,4,$6.00
858631002128,allercleanse deep nasal spray,Vitamins,4,$5.00
850046938320,cough & congestion spray homeopathic .67oz TRP,Vitamins,1,$9.99
850046938337,mucus & sinus spray homeopathic .67oz TRP,Vitamins,1,$12.99
733739001696,L-tryptophan 1000mg 60vcps NOW FOODS,Vitamins,1,$37.99
733739004673,B12 methyl 1000mcg 250 lozenges NOW FOODS,Vitamins,2,$27.99
733739745934,ashwagandha 450mg 120vcps NOW FOODS,Vitamins,2,$21.99
850051627325,lion's mane cinnamon tincture fungies,Vitamins,2,$19.99
083502401209,psyllium husk 12oz healthplus,Vitamins,1,$21.99
843119103657,CBN stay asleep huckleberry 20mg 6 gummies charlotte's web,Vitamins,2,$7.99
857307003742,vitamin E 1oz earth's care,Vitamins,2,$0.00
840081402511,love my legs 60liquigels irwin,Vitamins,3,$37.99
853244003333,joint collagen tbs,Vitamins,3,$39.99
083000011979,graviola soursop 1 oz,Vitamins,1,$21.99
850043735380,reshape 60 caps,Vitamins,6,$42.99
850043735373,clarity 30 gummies,Vitamins,3,$39.99
850043735366,peace 30 gummies,Vitamins,3,$39.99
710363592127,collagen beauty 80liquigels irwin,Vitamins,4,$34.99
840081412312,ashwagandha brain  healthy mood 60 liquigels irwin,Vitamins,2,$36.99
083502103530,probiotic 180cps healthplus,Vitamins,1,$27.99
083502103721,revitalize 60cps healthplus,Vitamins,2,$18.00
840081413081,magnesium beets COQ10 60 liquigels irwin,Vitamins,2,$34.99
840081413128,magnesium milk thistle 60 liquigels irwin,Vitamins,2,$34.99
840081413166,power to sleep magnesium  60sgls irwin,Vitamins,2,$25.99
710363568191,inflamma less 80liquigels,Vitamins,3,$34.99
641356046818,yohimbe 1oz la naturals,Vitamins,2,$16.99
641356155107,ginseng american raw la naturals,Vitamins,2,$23.99
641356155404,hawthorn vcps la naturals,Vitamins,1,$13.99
3291854112033,shilajit extract 4oz herb to body,Vitamins,2,$17.99
051494103333,Methyl B12 vegan megafood 90 caps,Vitamins,2,$33.99
051494601709,magnesium citrate glycinate malate megafood,Vitamins,1,$26.99
733739024329,liver 100caps NOW FOODS,Vitamins,1,$21.99
856420006234,seasonal support Allurtica 10 cps Utzy,Vitamins,12,$5.99
856420006210,seasonal support Allurtica 40 cps Utzy,Vitamins,3,$17.99
856420006159,melatonin micro low dose 120 cps Utzy,Vitamins,3,$19.99
856420006395,nattokinase 60 cps Utzy,Vitamins,3,$29.99
856420006524,magnesium & inositol drink mix strawberry 7.3oz Utzy,Vitamins,3,$34.99
665231610017,tongkat ali extract 1oz,Vitamins,3,$39.99
306969099070,camilia tumy 10 dose boiron,Vitamins,1,$9.99
097467996632,multi source of life liquid gold 30ml,Vitamins,48,$2.99
097467303454,multi women her journey 30tbs,Vitamins,1,$17.99
097467303416,multi women her journey 30tbs,Vitamins,3,$17.99
878941009396,power pak berry canister trace minerals,Vitamins,6,$39.99
878941000089,trace mineral drops .5oz trace minerals,Vitamins,5,$8.49
878941009464,concentrace daily mineral powder trace minerals,Vitamins,6,$38.99
878941007873,zerolyte orange pkt single,Vitamins,74,$0.99
878941007859,zerolyte citrus pkt single,Vitamins,82,$0.99
878941008863,zerolyte mango pkt single,Vitamins,51,$0.99
878941007897,zerolyte watermelon pkt single,Vitamins,78,$0.99
878941008870,zerolyte berry lemonade pkt single,Vitamins,76,$0.99
021078101192,calm child 4oz planetary,Vitamins,1,$24.99
633422696058,chaga mushroom powder 100gm host defense,Vitamins,2,$28.99
810104620529,grapefruit seed extract 1oz mary ruth's,Vitamins,1,$9.50
603573170059,l-theanine  100mg 180vcps,Vitamins,2,$32.99
850051627219,lion's mane chocolate tincture fungies,Vitamins,2,$19.99
641356048010,kava gold 1oz la naturals,Vitamins,2,$17.99
040232176418,lozenges orange vitamin C herbion,Vitamins,8,$3.49
040232605932,throat spray ivy leaf,Vitamins,1,$7.99
,empty roll on amber glass 10ml,Vitamins,98,$1.29
355724003203,sereni zen stress management 60cps ridgecrest herbals,Vitamins,2,$24.99
355724001629,dream on zen 60cps ridgecrest herbals,Vitamins,1,$28.99
733739015327,zinc transporters 33mg 90 tbs NOW FOODS,Vitamins,1,$9.99
021078016748,tongkat ali 60tbs source naturals,Vitamins,3,$43.99
603573395421,magnesium glycinate chelate 120tbs healthy origins,Vitamins,2,$26.99
697903232007,black seed oil 8.45oz talya,Vitamins,4,$21.99
706195106199,wormwood 180vcps OWH,Vitamins,3,$39.99
706195004600,damiana root 90vcps,Vitamins,2,$29.99
,valerian hops 1oz OWH,Vitamins,3,$21.99
840081413265,milk thistle triple detox 60sgls irwin,Vitamins,2,$29.99
733739012869,magnesium glycinate 90sgls NOW FOODS,Vitamins,2,$17.99
733739029584,digestive optimal 90vcps NOW FOODS,Vitamins,2,$21.99
036602091924,cough drops berry ricola 45 drops bag,Vitamins,3,$6.99
306969065426,chestal melt pellets boiron,Vitamins,3,$15.99
633422037011,stamets 7 mushroom 30caps host defense,Vitamins,1,$16.99
843119103695,CBN stay asleep huckleberry 20mg 60 gummies charlotte's web,Vitamins,1,$52.99
860005034901,eye drops organic tears 10ml,Vitamins,1,$24.99
382431000331,wonderbelly multi symptom vanilla bean,Vitamins,2,$15.99
733739031686,pqq energy NOW FOODS,Vitamins,1,$26.99
083000162992,mullein x respiratory nac zinc nature's answer,Vitamins,3,$24.99
008330000103,calm belly relaxed mind 2oz equinox,Vitamins,2,$26.99
008330000141,moon time cramp support equinox,Vitamins,3,$14.99
840081413449,apple cider gummies irwin,Vitamins,4,$14.99
840081413524,maca ashwagandha gummies irwin,Vitamins,2,$19.99
840081413685,magnesium balance gummies irwin,Vitamins,4,$14.99
840081413562,milk thistle detox gummies irwin,Vitamins,4,$19.99
840081413487,stress defy gummies irwin,Vitamins,3,$19.99
840081413609,testosterone up gummies irwin,Vitamins,4,$19.99
741273014492,rescue sleep spray bach,Vitamins,1,$28.99
741273403166,mood and stress gummies bach,Vitamins,2,$24.99
741273206910,flower essence star of Bethlehem bach,Vitamins,2,$24.99
741273207016,flower essence sweet chestnut bach,Vitamins,2,$24.99
843119103671,CBN stay asleep huckleberry 20mg 30 gummies charlotte's web,Vitamins,1,$37.99
3291854122582,mushroom bitters OG 16oz herb to body,Vitamins,6,$29.99
858631002517,manuka honey cough syrup 4oz,Vitamins,3,$15.39
741273403616,hope & joy kit bach,Vitamins,2,$24.99
608274101005,children's echinacea liquid orange 1oz,Vitamins,1,$6.00
,adult multiple life force energy activator 90tbs source naturals,Vitamins,1,$34.99
854936003570,graviola soursop capsules bio nutrition,Vitamins,2,$22.99
733739030467,alpha lipoic acid 600mg 60vcaps NOW FOODS,Vitamins,3,$27.99
733739045959,ashwagandha 450mg 30vcps NOW FOODS,Vitamins,3,$9.99
733739046284,cat's claw extract 120vcps Now Foods,Vitamins,3,$24.99
840081413227,alpha choline brain  healthy muscle 60 liquigels irwin,Vitamins,2,$43.99
641356043213,nettles 1oz la naturals,Vitamins,3,$14.99
023542108416,kyolic garlic total heart #108 80cps,Vitamins,3,$20.99
041954000135,herbalozenge lemon zinc 18 loz bag zand,Vitamins,2,$3.99
834706000138,lozenges lemon ginger propolis beekeeper's natural,Vitamins,5,$8.99
083000011962,lion's mane1oz nature's answer,Vitamins,3,$27.99
033674157916,umcka original af syrup 2oz,Vitamins,2,$32.99
021078101451,reishi 2oz planetary herbals,Vitamins,6,$14.99
021078105060,oil of oregano .4oz planetary herbals,Vitamins,4,$21.99
021078106074,wild cherry bark syrup children's 4oz planetary herbals,Vitamins,6,$15.99
021078106623,chaga 2oz planetary herbals,Vitamins,6,$14.99
,honey drops superfood mushroom 5 drops the apothecary,Vitamins,8,$4.99
,lozenges cherry vitamin C herbion,Vitamins,6,$3.49
040232176364,children's cough syrup herbion,Vitamins,3,$11.99
860012069217,children's multi vitamin gummies herbion,Vitamins,3,$17.99
10040232605953,cough drops ivy leaf honey lemon,Vitamins,5,$3.49
083000095603,yerba mate extract af 1 oz,Vitamins,2,$19.99
083000262609,mullein x lozenges nature's answer,Vitamins,3,$9.99
083000165825,multi men's real food nature's answer,Vitamins,3,$39.99
850014658342,glp1 booster powder unflavored 5.7oz supergut,Vitamins,3,$39.99
733739001269,pharmaGABA 250mg  60vcpsNOW FOODS,Vitamins,3,$39.99
733739029836,acid relief with enzymes 60tbs NOW FOODS,Vitamins,3,$19.99
733739700858,NAC-acetyl cysteine 600mg 120vcp NOW FOODS,Vitamins,5,$23.99
051494105948,omega 3 fish oil 60tbs megafood,Vitamins,3,$39.99
,vit B nano dropper 2oz rawguru,Vitamins,6,$23.99
