UPC,Item Name,Department,Remaining,Sales Price
210000000012,soy milk edensoy unsweetened 32oz eden,Beverages,20,5.29
210000000016,soy milk edensoy original 32oz eden,Beverages,12,5.29
210000000046,detox tea OG yogi,Beverages,9,5.39
210000000048,chai rooibos tea 16 bags yogi caffeine free,Beverages,6,5.39
210000000050,licorice egyptian tea 16 bags,Beverages,10,5.39
210000000052,lemon ginger tea  OG 16 bags yogi caffeine free,Beverages,12,5.39
210000000054,bedtime tea 16 bags yogi caffeine free,Beverages,11,5.39
210000000058,chamomile tea 16 bags yogi caffeine free,Beverages,14,5.39
210000000080,Once Again Peanut Butter No Stir Creamy Sweet (American Classic),Packaged_Dry,9,9.69
210000000086,Amy's Chili,Packaged_Dry,2,6.29
210000000094,Amy's Soup  Vegetable French Country,Packaged_Dry,12,5.99
210000000100,Amy's Soup No Chicken Noodle,Packaged_Dry,1,5.99
210000000128,Braggs Vinaigrette Dressing Org,Packaged_Dry,5,8.29
210000000154,Frankferd Farms Flour  Vital Wheat Gluten 1#,Packaged_Dry,4,7.39
210000000237,green tea sencha 16 bags,Beverages,2,6.39
210000000259,kukicha tea OG 16ct eden,Beverages,13,7.29
210000000305,lime juice OG 16oz,Beverages,7,6.49
210000000313,water distilled 1 gal distillata,Beverages,1,1.59
210000000317,water spring 1 gal distillata,Beverages,1,1.49
210000000352,Divine Dark Chocolate Snack Bar,Packaged_Dry,16,3.29
210000000370,grape juice concord 32oz santa cruz,Beverages,6,7.69
210000000390,aloe vera inner fillet juice pf OG 128oz,Beverages,2,27.99
210000000392,cranberry pure juice OG 32oz lakewood,Beverages,9,16.99
210000000396,cherry black juice pure OG 32oz lakewood,Beverages,5,11.99
210000000416,papaya juice blend OG 32oz,Beverages,8,9.99
210000000522,Lewis Labs Brewer's Yeast Flakes,Packaged_Dry,12,23.99
210000000538,Bob's Pancake Mix Buckwheat,Packaged_Dry,2,5.99
210000000542,Bob's Sorghum Flour  GF,Packaged_Dry,3,5.99
210000000550,Bob's Semolina Flour,Packaged_Dry,4,5.19
210000000662,Tinkyada Brown Rice Spirals  org. GF 12oz,Packaged_Dry,10,5.79
210000000732,Wyndmere Angelica Root 10mL 16,Packaged_H&B,3,13.89
210000000740,Wally's Ear Oil 1 oz Organic,Packaged_H&B,5,9.99
210000000748,Wyndmere Bergamot 10ml 22,Packaged_H&B,3,19.49
210000000760,Wyndmere Carrot Seed 10mL 16,Packaged_H&B,2,20.99
210000000764,Wally's Natural Ear Candles 2 ct,Packaged_H&B,1,7.99
210000000784,Wyndmere Cedarwood 10mL 22,Packaged_H&B,1,6.39
210000000788,"Wyndmere Chamomile, Roman 10mL 22",Packaged_H&B,2,9.39
210000000808,Wyndmere Chamomile (German) 10mL/.33oz 22,Packaged_H&B,4,12.69
210000000816,Wyndmere Cinnamon Leaf 10 ml/.33oz 22,Packaged_H&B,5,6.79
210000000820,Wyndmere Citronella 10mL/.33oz 22,Packaged_H&B,1,5.39
210000000828,Burt's Bees Lemon Butter Cuticle Cream,Packaged_H&B,2,6.89
210000000832,Wyndmere Clary Sage 10mL 23,Packaged_H&B,3,17.59
210000000836,Wyndmere Clove Bud 10mL 22,Packaged_H&B,5,7.79
210000000852,Light Mountain Color The Gray Mahogany,Packaged_H&B,5,11.39
210000000856,Light Mountain Hair Color Red,Packaged_H&B,1,9.99
210000000860,Light Mountain Henna Haircolor Black,Packaged_H&B,1,9.99
210000000864,Wyndmere Cypress 10mL 23,Packaged_H&B,2,9.09
210000000868,Wyndmere Oil Eucalyptus 10mL 22,Packaged_H&B,2,5.59
210000000872,GladRags Night Pad 1 Color,Bulk_H&B,2,16.59
210000000876,Wyndmere Frankincense Oil 22,Packaged_H&B,5,6.75
210000000880,Wyndmere Frankincense & Myrrh Blend 10mL 23,Packaged_H&B,5,26.19
210000000884,GladRags Day Pad 3 Colors,Bulk_H&B,1,31.99
210000000888,Wyndmere Grapefruit 22,Packaged_H&B,2,6.79
210000000896,Wyndmere Essential Ginger Oil 10 ml 23,Packaged_H&B,4,11.49
210000000900,Natracare Tampons W/App Super 16 ct.,Bulk_H&B,5,9.79
210000000908,Natracare Tampons Regular W/App 16pc,Bulk_H&B,2,8.79
210000000936,Lumiram Chromalux Full Spectrum Lamp light Bulb 100,Bulk_H&B,6,13.50
210000000940,If You Care Large Baking Cups 2 1/2,Bulk_H&B,9,2.79
210000000944,If You Care Aluminum Foil Heavy Duty 30 sq. ft.,Bulk_H&B,5,7.99
210000000948,If You Care Aluminum Foil 50 sq. ft.,Bulk_H&B,5,7.99
210000000956,Natural Value Cellulose Sponges Kitchen,Bulk_H&B,2,3.39
210000000960,Wyndmere Geranium 10ml/.33oz 22,Packaged_H&B,2,23.29
210000000968,Wyndmere Jasmine 10mL 22,Packaged_H&B,3,19.19
210000000984,Wyndmere Lemon Oil 22,Packaged_H&B,5,6.59
210000000988,Wyndmere Lavender Essential Oil 10mL 22,Packaged_H&B,2,14.19
210000000992,Wyndmere Juniper Berry 10mL,Packaged_H&B,4,17.79
210000001012,Flower Valley Reusable Cotton Tea Bag 3 ct.,Bulk_H&B,1,3.29
210000001016,Wyndmere Melissa ( Lemon Balm ) 10mL (Disc),Packaged_H&B,1,15.59
210000001020,Wyndmere Lime 10mL/.33oz 22,Packaged_H&B,3,6.29
210000001024,Wyndmere Myrrh 10mL 23,Packaged_H&B,3,6.79
210000001028,Wyndmere Lemongrass 10mL/.33oz  22,Packaged_H&B,4,5.69
210000001032,Mate Factor Yerba Mate Bombilla,Bulk_H&B,4,8.89
210000001036,Wyndmere Patchouli 10mL 22,Packaged_H&B,1,14.49
210000001040,Wyndmere Neroli 10mL 16,Packaged_H&B,3,13.29
210000001044,Wyndmere Oregano Wild 10mL 16,Packaged_H&B,4,13.19
210000001048,Wyndmere Orange 10mL 22,Packaged_H&B,1,4.39
210000001060,RSVP Honey Spoon,Bulk_H&B,2,4.79
210000001068,Wyndmere Peppermint 10mL 22,Packaged_H&B,3,8.99
210000001076,Wyndmere Rose Otto 10mL 22,Packaged_H&B,3,21.69
210000001088,Wyndmere Sandalwood 10mL  22,Packaged_H&B,4,24.59
210000001092,Charcoal Filters 2 ct. Compost,Bulk_H&B,2,10.39
210000001104,Wyndmere Spearmint Essential Oil 10mL 22,Packaged_H&B,4,8.79
210000001108,Wyndmere Thyme (Wild) 10mL/.33oz 22,Packaged_H&B,4,13.59
210000001116,Wyndmere Tangerine Essential Oil 10mL 22,Packaged_H&B,5,6.89
210000001124,Wyndmere Ylang Ylang 10mL 22,Packaged_H&B,3,14.69
210000001128,Wyndmere Vetiver 10mL,Packaged_H&B,2,19.59
210000001132,Greener Things Tea Infuser/strainer Scissor (box),Bulk_H&B,4,3.39
210000001136,Tea Infuser Spoon Heart Scissor,Bulk_H&B,3,5.29
210000001140,WOODEN HONEY DIPPER,Bulk_H&B,2,2.99
210000001148,If You Care Coffee Filters 8 Basket,Bulk_H&B,6,4.89
210000001218,Natural Value Paper Plates 9,Bulk_H&B,1,4.19
210000001230,Dr. Bronner's Sal Suds 16 oz.,Bulk_H&B,2,10.69
210000001354,Dr. Bronner's Bar Soap Citrus Orange,Packaged_H&B,15,5.99
210000001358,Dr. Bronner's Bar Soap Baby Mild,Packaged_H&B,19,5.99
210000001362,Dr. Bronner's Bar Soap Tea Tree,Packaged_H&B,10,5.99
210000001366,Dr. Bronner's Bar Soap Peppermint,Packaged_H&B,20,5.99
210000001370,Dr. Bronner's Bar Soap Almond,Packaged_H&B,15,5.99
210000001374,Dr. Bronner's Bar Soap Eucalyptus,Packaged_H&B,12,5.99
210000001386,Dr. Bronner's Bar Soap Rose,Packaged_H&B,7,5.99
210000001390,Dr. Bronner's Bar Soap Lavender,Packaged_H&B,12,5.99
210000001434,Food For Life Ezekiel Sprouted Grain Bread 24oz,Bread,3,7.89
210000001438,Natures Path GF Buckwheat Waffles,Frozen,2,4.99
210000001454,Soy Boy Not Dogs,Refrigerated,1,7.49
210000001466,Soy Boy Tempeh 5 Grain,Refrigerated,13,4.79
210000001480,Alvarado St. Cinnamon Raisin Bagels,Bread,5,8.79
210000001484,Alvarado St. Onion Poppyseed Bagels,Bread,10,8.79
210000001490,Food For Life Ezekiel Tortillas Large,Bread,13,5.19
210000001494,Food For Life Tortillas Sprouted Corn,Bread,13,5.19
210000001502,Alden's Ice Cream Vanilla Bean 48 oz,Milk,3,13.99
210000001510,Alden's Ice Cream Mint Chip 48 oz,Milk,4,13.99
210000001556,Natural Choice Mango Fruit Bar Box,Frozen,2,5.79
210000001608,Tofutti Vanilla Cuties Box,Milk,8,8.79
210000001638,Berlin Pizza Crust White Spelt,Bread,3,5.99
210000001660,Aura Cacia Oil Lavender 59mL / 2 OZ,Packaged_H&B,3,38.99
210000001664,Aura Cacia Oil Lavender .5 OZ. /(15 ml),Packaged_H&B,1,12.99
210000001688,tea tree 1oz NOW FOODS,Packaged_H&B,6,8.99
210000001792,Prasad Wooden Incense Burner Ash catcher,Bulk_H&B,1,1.99
210000001800,Prasad Celestial Myrrh Incense,Bulk_H&B,13,1.99
210000001804,Prasad Celestial Frankincense Incense,Bulk_H&B,10,1.99
210000001812,Prasad Celestial Lavender Incense,Bulk_H&B,17,1.99
210000001816,Prasad Celestial Musk Incense,Bulk_H&B,9,1.99
210000001824,Prasad Celestial Rose Incense,Bulk_H&B,5,1.99
210000001828,Prasad Celestial Patchouli Incense,Bulk_H&B,7,1.99
210000001832,Prasad Celestial Sandalwood Incense,Bulk_H&B,7,1.99
210000001840,Prasad Celestial Ylang Ylang Incense,Bulk_H&B,5,1.99
210000001856,Shoyeido Great Origin Incense,Bulk_H&B,7,2.89
210000001864,Shoyeido Moss Garden Incense,Bulk_H&B,5,3.79
210000001868,Shoyeido Kyoto Autumn Leaves Incense,Bulk_H&B,1,3.19
210000001876,Shoyeido Kyoto Cherry Blossom Incense,Bulk_H&B,12,4.69
210000001888,Heritage Castor Oil 32 oz,Packaged_H&B,3,27.89
210000001892,Heritage Castor Oil 8 oz,Packaged_H&B,6,11.49
210000001916,Citrasolv Cleaner 8 oz,Bulk_H&B,2,13.69
210000001932,Dr. Bronner's Sal Suds 32oz,Bulk_H&B,5,16.79
210000001944,Ecos Dishmate Liquid Dish soap Almond 25oz,Bulk_H&B,5,5.79
210000001960,Seventh Generation Auto Dish Detergent Powdered 45oz Pwdrd. Fr & Clr,Bulk_H&B,11,8.99
210000002018,Burt's Bees Hand Salve 3oz,Packaged_H&B,2,11.29
210000002026,Burt's Bees Beeswax Lip Balm Tin .30oz,Packaged_H&B,1,5.69
210000002030,Burt's Bees Res-Q Ointment .60oz,Packaged_H&B,1,8.99
210000002034,Heritage Rose Water 8oz,Packaged_H&B,3,12.49
210000002038,Heritage Rose Water with Atomizer 4oz,Packaged_H&B,3,9.99
210000002054,Thayers Witch Hazel Original 12oz,Packaged_H&B,3,12.79
210000002066,Aztec Secret Indian Healing Clay,Packaged_H&B,3,12.59
210000002130,Lily of the Desert Aloe Vera Gelly 12oz,Packaged_H&B,3,10.59
210000002142,Tiger Balm Extra Strength Red 0.63oz  Box,Packaged_H&B,1,9.29
210000002146,Heritage Wool Flannel,Packaged_H&B,1,16.99
210000002150,Eco-Dent Toothpowder Anise 2oz,Packaged_H&B,3,9.89
210000002162,Eco-Dent Toothpowder Cinnamon 2oz,Packaged_H&B,1,9.99
210000002170,Desert Essence Dental Floss Tea Tree,Packaged_H&B,3,4.99
210000002174,Thursday Plantation Cinnamon Chewing Sticks,Packaged_H&B,1,3.79
210000002182,Auromere Ayurvedic Classic Toothpaste Licorice,Packaged_H&B,4,8.99
210000002304,Native Forest Pineapple Chunks 14oz,Packaged_Dry,6,6.49
210000002380,Jyoti Delhi Saag 15oz,Packaged_Dry,6,4.79
210000002388,Jyoti Punjabi-Chhole 15oz,Packaged_Dry,15,4.69
210000002446,Eden  Brown Rice &  Green Lentils,Packaged_Dry,11,4.59
210000002454,Amy's Refried Beans Traditional Light Sodium,Packaged_Dry,13,4.99
210000002552,Edward & Sons  Mashed Potatoes Garlic Org U,Packaged_Dry,5,4.39
210000002600,Simply Organic Spinach Dip Mix,Packaged_Dry,5,1.79
210000002648,Nature's Path Mesa Sunrise Org Eco 26.4oz,Packaged_Dry,2,12.59
210000002656,Bob's Yellow Corn Grits Polenta Org,Packaged_Dry,4,5.99
210000002692,Nature's Path Puffs Rice  Org 6oz,Packaged_Dry,4,3.99
210000002696,Nature's Path Heritage Flakes Org Eco,Packaged_Dry,3,14.29
210000002700,Rumford Baking Powder Al-Free,Packaged_Dry,13,5.49
210000002704,Bob's Baking Soda Al-Free,Packaged_Dry,3,4.19
210000002708,Flavorganics Vanilla Extract Org 2oz,Packaged_Dry,5,9.39
210000002712,Flavorganics Almond Extract OG 2oz,Packaged_Dry,3,6.89
210000002716,Flavorganics Peppermint Extract Org 2oz,Packaged_Dry,4,6.79
210000002720,Flavorganics Lemon extract 2oz,Packaged_Dry,3,7.49
210000002834,Spectrum Canola Oil Org 32oz,Packaged_Dry,6,20.29
210000002838,Nutiva Coconut Oil EV Org 14oz,Packaged_Dry,4,17.29
210000002870,Spectrum Sunflower Oil Org 32oz,Packaged_Dry,5,20.19
210000002882,Eden Sesame Oil,Packaged_Dry,2,15.99
210000002898,Spike Vegit Seasoning 2oz,Packaged_Dry,1,2.99
210000002902,Spike Salt Free Seasoning 2oz,Packaged_Dry,2,2.99
210000002918,Eden Brown Mustard Org 9oz,Packaged_Dry,6,5.19
210000002950,Native Forest Artichoke Hearts 9.9oz,Packaged_Dry,6,5.99
210000003026,Nutiva Coconut Oil EV Org 54oz,Packaged_Dry,2,34.99
210000003058,Pamela's Figgies & Jammies Mission Fig Cookies 9oz,Packaged_Dry,6,7.99
210000003062,Jennie's Coconut Macaroons 8oz,Packaged_Dry,4,4.89
210000003114,citric acid 4oz NOW FOODS,Packaged_Dry,2,6.99
210000003116,Pomona's Pectin 1oz.,Packaged_Dry,21,7.49
210000003146,Madhava's Agave Nectar Light 23.5oz,Packaged_Dry,1,9.59
210000003150,Madhava's Agave Nectar  light 11.75 oz.,Packaged_Dry,1,5.49
210000003224,Eden Barley Malt Syrup OG 20oz,Packaged_Dry,12,11.29
210000003226,Bragg Apple Cider Vinegar Org 16oz.,Packaged_Dry,12,5.29
210000003250,Quorn Meatless Nuggets,Frozen,8,7.29
210000003254,Quorn Chick'n Fillets- Naked U,Frozen,15,7.59
210000003272,Koyo Ramen Wakame Seaweed U,Packaged_Dry,15,2.19
210000003374,Chocolove Ginger Crystallized in Dark Chocolate 3 oz,Packaged_Dry,5,4.79
210000003376,Chocolove Chilies & Cherries in Dark Chocolate 3 oz,Packaged_Dry,7,4.79
210000003412,"Jason Revitalizing Moisture Creme Vit E 5,000 IU 4 oz.",Packaged_H&B,2,10.49
210000003472,boron 100cps 3mg NOW FOODS,Vitamins,1,8.99
210000003588,silver mist spray 10ppm 2oz,Vitamins,3,14.99
210000003596,silver vertical spray 10ppm 2oz,Vitamins,3,15.99
210000003604,silver dropper 10ppm 2oz,Vitamins,4,15.99
210000003610,spirutein vanilla pkt 1.2oz nature's plus,Beverages,11,2.29
210000003618,spirutein vanilla 1.09 lbs nature's plus,Beverages,2,25.99
210000003622,spirutein chocolate 1.05lbs nature's plus,Beverages,4,26.99
210000003626,spirutein chocolate pkt .99oz nature's plus,Beverages,5,2.49
210000003634,spirutein strawberry 1.09 lbs nature's plus,Beverages,3,24.99
210000003656,Crumbs Cookie Oatmeal Raisin,Bread,4,4.49
210000003680,Crumbs Pastry Apple Cinnamon,Bread,2,4.49
210000003726,prune juice OG 32 oz knudsen,Beverages,11,9.99
210000003742,Griffin Remedy Lotion Orange Blossom 8 oz.,Packaged_H&B,6,11.49
210000003746,Griffin Remedy Shampoo Daily Renewal  8 oz,Packaged_H&B,6,11.49
210000003748,lemonade mango OG 32 oz santa cruz,Beverages,20,4.69
210000003758,lemonade raspberry OG 32oz Santa Cruz,Beverages,10,3.99
210000003788,kombucha mango 16oz gts,Beverages,3,4.69
210000003796,lemon juice 12.5  lakewood,Beverages,10,5.89
210000003800,Sesmark Brown Rice Thins,Packaged_Dry,4,4.49
210000003814,Once Again Peanut Butter Salt Free Crunchy Unsweet,Packaged_Dry,5,8.69
210000003816,Once Again Sunflower Seed Butter Sweetened,Packaged_Dry,1,8.29
210000003818,Spectrum Peanut Oil Org.,Packaged_Dry,3,14.49
210000003824,Simply Organic French Onion Dip Mix,Packaged_Dry,5,2.69
210000003834,Bragg Apple Cider Vinegar 32oz Org,Packaged_Dry,10,8.39
210000003890,Light Mountain Hair Color Auburn,Packaged_H&B,2,8.69
210000003962,Ginger People Ginger Chews Box 4.5 oz,Packaged_Dry,3,6.19
210000003976,multi adult's chew pineapple 90tbs nature's plus,Vitamins,3,32.99
210000004008,peppermint oil 1oz NOW FOODS,Packaged_H&B,3,9.99
210000004054,Organic Valley Half and Half 16 oz,Milk,3,4.29
210000004082,Hartzler 2% Low Fat  Milk 1/2 gal,Milk,3,5.99
210000004084,Miso Master Miso Red 16oz,Refrigerated,4,12.99
210000004088,Miso Master  Miso Barley  16 oz,Milk,3,17.59
210000004090,Miso Master Mellow White Miso 16 oz,Refrigerated,5,13.29
210000004094,Miso Master Miso Chickpea 16 oz,Refrigerated,4,14.99
210000004158,Amy's Meal Mattar Paneer,Frozen,3,10.59
210000004222,D 3 1000 IU 180sgls NOW FOODS,Vitamins,1,8.99
210000004226,D 3 liquid 2oz NOW FOODS,Vitamins,3,9.99
210000004296,Woodstock Farms Edamame Shelled,Frozen,12,4.99
210000004320,Amy's Burrito Bean & Rice  w/ Cheese,Frozen,1,4.59
210000004328,Amy's Wrap Indian Samosa,Frozen,3,5.29
210000004344,Wholesome Sweeteners Sugar Dark Brown Org 24oz,Packaged_Dry,6,7.29
210000004352,Wholesome Sweeteners Sugar Org. Powdered FT,Packaged_Dry,7,6.89
210000004374,orange C lozenges 15 loz zand,Vitamins,2,4.49
210000004416,chlorophyll 8oz,Vitamins,2,11.99
210000004550,Panda Licorice Black Bag 7oz,Packaged_Dry,2,4.99
210000004554,Primal Strips Mesquite Lime 1oz,Packaged_Dry,24,1.99
210000004558,Primal Strips Hickory Smoked 1oz,Packaged_Dry,8,1.99
210000004562,Primal Strips Thai Peanut 1oz,Packaged_Dry,26,1.99
210000004566,Primal Strips Teriyaki 1oz,Packaged_Dry,23,1.99
210000004624,Boiron Arnica Cream 2.5oz,Packaged_H&B,1,12.69
210000004628,Boiron Arnica Gel & Blue Tube 2.6oz,Packaged_H&B,3,16.79
210000004648,Sssting Stop 1oz sting,Packaged_H&B,1,11.49
210000004652,B & T Triflora Gel 2.75oz,Packaged_H&B,2,17.99
210000004660,B & T Sports Gel 2.5oz,Packaged_H&B,1,15.99
210000004666,rescue remedy spray 20ml,Vitamins,1,24.99
210000004830,bentonite detox 16 fl oz,Vitamins,1,16.29
210000004870,kava stress relief tea 16 bags yogi caffeine free,Beverages,11,5.39
210000004878,throat coat 16 tea bags traditional medicinals,Beverages,5,6.99
210000004888,echinacea plus elder 16 tea bags traditional medicinals,Beverages,5,6.99
210000004894,smooth move tea traditional medicinal,Beverages,3,6.99
210000004900,pregnancy tea traditional medicinals,Beverages,6,6.99
210000005026,Dr. Bronner's Lip Balm Peppermint,Packaged_H&B,6,4.49
210000005028,Dr. Bronner's Lip Balm Orange Ginger,Packaged_H&B,11,4.49
210000005030,Dr. Bronner's Lip Balm Lemon Lime,Packaged_H&B,12,4.49
210000005032,Dr. Bronner's Lip Balm Naked,Packaged_H&B,7,4.49
210000005060,marshmallow 445mg 100cps,Vitamins,3,15.99
210000005100,fenu thyme 450mg 100cps,Vitamins,2,14.49
210000005108,eyebright 100cps,Vitamins,3,13.99
210000005120,red raspberry leaves 480mg 100cps,Vitamins,2,13.99
210000005432,astragalus 1 oz,Vitamins,1,16.99
210000005436,black cohosh AF 1 oz,Vitamins,1,16.99
210000005480,goldenseal 1oz nature's answer,Vitamins,3,21.99
210000005484,ginger 1oz nature's answer,Vitamins,2,16.99
210000005488,feverfew AF 1oz,Vitamins,2,14.99
210000005496,pau d' arco inner bark 1oz,Vitamins,3,16.99
210000005500,milk thistle AF1 oz,Vitamins,2,14.99
210000005506,milk thistle 1 oz natures answer,Vitamins,3,15.99
210000005510,mullein 1 oz,Vitamins,4,17.99
210000005514,peppermint 1oz,Vitamins,2,14.99
210000005538,vitex 1 oz nature's answer,Vitamins,2,13.99
210000005736,cotton crew blue denim 9-11 maggie's,Bulk_H&B,1,9.99
210000005740,cotton crew blue denim LARGE maggie's,Bulk_H&B,2,9.99
210000005812,footie white 9-11 maggie's,Bulk_H&B,2,7.99
210000005838,Weleda Rosemary Hair Oil 1.7oz,Packaged_H&B,2,19.99
210000005860,Sappo Hill Glycerine Soap Oatmeal (unscented),Packaged_H&B,8,3.19
210000005878,Berlin buns hot dog spelt,Bread,3,4.99
210000005882,Berlin Buns Burger Spelt,Bread,1,5.99
210000005970,PB8 acidophilus 60cps veg,Vitamins,1,16.99
210000005974,PB8 acidophilus 120cps veg,Vitamins,2,26.99
210000006020,Barlean's Flax  Oil 16oz Reg,Refrigerated,2,25.79
210000006032,Barlean's Flax Oil 8oz Reg,Refrigerated,4,13.29
210000006036,Barlean's Flax Oil 100 cap Reg,Refrigerated,1,14.39
210000006040,Barlean's Highest Lignan Flax Oil 100 cap,Refrigerated,6,15.19
210000006044,Barlean's Highest Lignan Flax Oil 16oz,Refrigerated,3,25.79
210000006056,Barlean's Highest Lignan Flax Oil 8oz,Refrigerated,2,13.49
210000006060,Barlean's Fish Oil Orange 100 sgels,Refrigerated,2,16.49
210000006110,Lisanatti  Almond Cheese Mozzarella,Refrigerated,1,5.89
210000006216,Clif  Bar White Chocolate Macadamia Nut,Packaged_Dry,4,2.49
210000006270,zinc amino acid chelate 50mg 100tbs,Vitamins,1,9.99
210000006278,nettle 1oz,Vitamins,2,15.99
210000006282,ginseng american 1oz,Vitamins,1,23.99
210000006324,Earth Balance Buttery Sticks 16oz,Milk,2,7.99
210000006368,Sai Baba Nag Champa Incense (blue box)  100g,Bulk_H&B,7,12.29
210000006452,Let's Do Organic Sugar Cones 5oz,Packaged_Dry,7,5.29
210000006518,Tofurky Sausage Sweet Italian 14oz,Refrigerated,5,8.49
210000006550,eucalyptus Oil 1oz NOW FOODS,Packaged_H&B,3,5.99
210000006576,Good Health Rosemary Olive Oil Potato Chips,Chips&Cookie,5,4.49
210000006588,Bragg's Olive Oil 32 oz Org,Packaged_Dry,8,33.99
210000006598,Bragg Apple Cider Vinegar 1 Gallon Org,Packaged_Dry,2,26.99
210000006618,Amy's Refried Black Beans Light Sodium,Packaged_Dry,14,4.99
210000006644,ABC Alternative Baking Company Espresso Chip Gluten Cookie,Chips&Cookie,8,2.99
210000006648,ABC Alternative Baking Company Colossal Chocolate Chip Gluten Cookie,Chips&Cookie,14,2.99
210000006656,ABC Alternative Baking Company Peanut Butter Persuasion Gluten Cookie,Chips&Cookie,7,2.99
210000006660,ABC Alternative Baking Company Oatmeal Raisin  Gluten Cookie,Chips&Cookie,8,2.99
210000006752,water mountain valley spring 33.8oz/ liter,Beverages,2,4.19
210000006756,Chocolove Cherries & Almonds in Dark Chocolate 3 oz,Packaged_Dry,10,5.39
210000006764,Chocolove Toffee & Almonds in Milk Chocolate 3 oz,Packaged_Dry,4,5.39
210000006838,Lundberg Rice Cakes Brown Rice No Salt,Chips&Cookie,3,5.79
210000006850,papaya enzyme 180tbs nature's plus,Vitamins,2,12.49
210000006870,spirutein strawberry 1.2oz pkt nature's plus,Beverages,8,2.29
210000006908,"Jason Vitamin E Oil 32,000 I.U.",Packaged_H&B,3,15.59
210000006910,"Jason Vitamin E Oil 5,000 I.U.",Packaged_H&B,1,12.29
210000006924,Newman-O's Original Cookie 13oz,Packaged_Dry,11,7.39
210000006948,zinc elderberry 1.2 oz roll,Vitamins,10,4.29
210000006952,zinc ech cherry mint 1.36oz roll,Vitamins,20,4.29
210000006956,Dr. Bronner's Castile Soap Rose 16oz.,Packaged_H&B,11,14.09
210000006960,Dr. Bronner's Castile Soap Rose 32oz,Packaged_H&B,4,22.29
210000006964,Dr. Bronner's Castile Soap Rose 2oz,Packaged_H&B,7,3.69
210000006968,Dr. Bronner's Toothpaste Cinnamon,Packaged_H&B,6,7.29
210000006972,Dr. Bronner's Castile Soap Tea Tree 32oz,Packaged_H&B,4,22.29
210000006976,Dr. Bronner's Castile Soap Tea Tree 16oz,Packaged_H&B,12,14.09
210000006984,Dr. Bronner's Castile Soap Citrus 8oz.,Packaged_H&B,8,7.89
210000006988,Dr. Bronner's Castile Soap  Citrus 16oz,Packaged_H&B,9,14.09
210000006992,Dr. Bronner's Castile Soap Citrus 32oz.,Packaged_H&B,3,22.29
210000006996,Dr. Bronner's Castile Soap Almond 16oz.,Packaged_H&B,7,14.09
210000007000,Dr. Bronner's Castile Soap Almond 8oz.,Packaged_H&B,5,7.89
210000007008,Dr. Bronner's Toothpaste Anise,Packaged_H&B,6,7.29
210000007012,Dr. Bronner's Castile Soap Baby Mild 16oz,Packaged_H&B,9,14.09
210000007016,Dr. Bronner's Castile Soap Baby Mild 8oz,Packaged_H&B,3,7.89
210000007020,Dr. Bronner's Castile Soap Baby Mild 4oz,Packaged_H&B,2,5.79
210000007024,Dr. Bronner's Castile Soap Baby Mild 2oz,Packaged_H&B,19,3.69
210000007032,Dr. Bronner's Toothpaste Peppermint,Packaged_H&B,12,7.99
210000007036,Dr. Bronner's Castile Soap Peppermint 8oz,Packaged_H&B,2,7.89
210000007040,Dr. Bronner's Castile Soap Peppermint 16oz,Packaged_H&B,5,14.09
210000007044,Dr. Bronner's Castile Soap Peppermint 32oz,Packaged_H&B,5,22.29
210000007048,Dr. Bronner's Castile Soap Lavender 32oz.,Packaged_H&B,4,22.29
210000007052,Dr. Bronner's Castile Soap Lavender 8oz,Packaged_H&B,7,7.89
210000007060,Dr. Bronner's Castile Soap Lavender 2oz,Packaged_H&B,11,3.69
210000007064,Dr. Bronner's Castile Soap Eucalyptus 32oz.,Packaged_H&B,2,22.29
210000007068,Dr. Bronner's Castile Soap Eucalyptus 16oz.,Packaged_H&B,16,14.09
210000007072,Dr. Bronner's Castile Soap Eucalyptus 8oz.,Packaged_H&B,5,7.89
210000007076,Dr. Bronner's Castile Soap Eucalyptus 4oz.,Packaged_H&B,2,5.79
210000007108,Desert Essence Blemish Touch Stick,Packaged_H&B,6,10.69
210000007122,Native Forest Coconut Milk Classic Org,Packaged_Dry,6,5.29
210000007126,Native Forest Pineapple Crushed 14oz,Packaged_Dry,6,6.49
210000007160,Roads End Shiitake Gravy Mix 1oz,Packaged_Dry,7,2.69
210000007164,Roads End Golden Gravy Mix 1oz,Packaged_Dry,6,2.29
210000007170,Eden Spaghetti Sauce No Salt,Packaged_Dry,2,9.29
210000007182,Eden  Gomasio  3.5oz,Packaged_Dry,2,4.99
210000007190,Eden Sea Salt Celtic 14oz,Packaged_Dry,10,7.99
210000007225,Maine Coast Alaria,Packaged_Dry,3,11.19
210000007229,Maine Coast Dulse OG 2oz,Packaged_Dry,4,12.99
210000007241,Maine Coast Kelp/Kombu Org 2oz,Packaged_Dry,4,10.39
210000007364,calcium magnesium vitamin D3 + K2 chocolate chewable 60 nature's plus,Vitamins,2,15.39
210000007426,ABC Alternative Baking Company Double Chocolate Gluten Cookies,Chips&Cookie,5,2.99
210000007438,ABC Alternative Baking Company Lemon Poppyseed Gluten Cookie,Chips&Cookie,6,2.99
210000007532,Organicville Original BBQ Sauce,Packaged_Dry,3,5.89
210000007542,Real Salt Shaker 10oz,Packaged_Dry,6,7.29
210000007554,Real Salt  Pouch 26oz,Packaged_Dry,1,13.79
210000007558,Real Salt All Natural Sea Salt  Kosher16oz,Packaged_Dry,4,10.49
210000007596,chamomile lavender 16 tea bags,Beverages,7,6.99
210000007642,smart organic pomegranate juice 33.8oz,Beverages,7,9.29
210000007664,aloe vera inner fillet juice pf 32oz glass lily of the desert,Beverages,3,10.29
210000007668,aloe vera stomach pink label 32 oz,Beverages,3,18.99
210000007680,Bob's  Pancake Mix   GF,Packaged_Dry,3,7.79
210000007752,Mini Tea Ball Stainless Steel,Bulk_H&B,4,3.89
210000007784,Aura Cacia Grapeseed Skin Care Oil 4 oz,Packaged_H&B,4,5.49
210000007788,Aura Cacia Apricot Kernel Skin Care Oil 4oz,Packaged_H&B,3,6.19
210000007796,Aura Cacia Avocado Skin Care Oil 4oz,Packaged_H&B,2,8.79
210000007800,Aura Cacia Jojoba Skin Care Oil 4oz,Packaged_H&B,4,14.99
210000007810,Citrasolv Concentrated 16oz,Bulk_H&B,6,26.49
210000007860,essential enzymes source naturals,Vitamins,1,21.99
210000007956,st. john's wort nature's way,Vitamins,1,14.99
210000007979,kombucha  marine green 16oz,Beverages,6,4.69
210000008009,grape juice white 32oz,Beverages,6,7.29
210000008041,Sunbeam Candles Beeswax Evergreen Tree,Bulk_H&B,3,18.00
210000008051,Woodstock Farms Baby French Beans,Frozen,17,4.99
210000008119,Tibetan Healing Incense,Bulk_H&B,6,3.79
210000008131,Yum Earth  Drops Wild Peppermint Org,Packaged_Dry,5,4.89
210000008135,Panda Licorice Bag Raspberry 7oz,Packaged_Dry,9,4.99
210000008141,Shoyeido Incense White Cloud,Bulk_H&B,5,9.99
210000008147,Shoyeido Incense Five Hills,Bulk_H&B,11,6.59
210000008165,oscillococcinum 6 doses,Vitamins,1,16.99
210000008185,myrrh 1oz,Vitamins,2,12.99
210000008189,oregano oil 1oz wellness source naturals,Vitamins,2,32.99
210000008197,st. john's wort 1oz,Vitamins,3,16.99
210000008201,rosemary oil 1oz NOW FOODS,Packaged_H&B,5,11.99
210000008270,coldcalm 60tbs,Vitamins,4,12.99
210000008352,leg veins,Vitamins,2,15.99
210000008402,sea essentials 32oz wellgenix,Vitamins,1,22.50
210000008408,multi adult chew exotic 90tbs nature's plus,Vitamins,1,31.99
210000008486,silver biotics 8oz,Vitamins,1,32.99
210000008488,Eden Kombu,Packaged_Dry,3,12.99
210000008492,Eden Sushi Nori 7 Sheets,Packaged_Dry,4,11.29
210000008546,Amy's Soup Tomato Bisque LS,Packaged_Dry,10,5.99
210000008576,Farmer's Market Organic Canned Pumpkin,Packaged_Dry,12,3.99
210000008646,Barlean's Flax Oil Highest Lignan 32 oz,Refrigerated,2,48.99
210000008654,Wyndmere Aches & Pains Oil Blend 22,Packaged_H&B,3,12.99
210000008660,Wyndmere Anger Management oil  Blend 16,Packaged_H&B,5,16.99
210000008666,Wyndmere Anxiety Relief (Release) Oil Blend 22,Packaged_H&B,2,12.89
210000008670,Wyndmere Detoxification Aide Essential Oil Blend,Packaged_H&B,2,14.19
210000008684,Organic Valley Cream Cheese,Milk,13,4.99
210000008690,Wyndmere Vanilla Oil 22,Packaged_H&B,2,15.99
210000008700,Wyndmere Breathe Easier Blend Oil 16,Packaged_H&B,3,11.29
210000008704,Wyndmere Emotional Rescue Oil Blend 16,Packaged_H&B,2,14.19
210000008728,Wyndmere Serenity Oil Blend,Packaged_H&B,3,14.69
210000008732,Wyndmere Household Purifier Oil Blend 17,Packaged_H&B,3,10.39
210000008736,Wyndmere Hormonal Balance Oil Blend 22,Packaged_H&B,2,13.89
210000008740,Wyndmere Peaceful Mind Oil Blend 16 Archive,Packaged_H&B,3,20.79
210000008750,Wyndmere Immune Support Oil Blend 16,Packaged_H&B,2,11.39
210000008762,Wyndmere Tea Tree Certified Organic Oil 22,Packaged_H&B,1,12.59
210000008770,Wyndmere Peppermint Certified Organic Oil 22,Packaged_H&B,3,15.19
210000008778,Wyndmere Lavender Certified Organic Oil 22,Packaged_H&B,5,17.59
210000008782,Wyndmere Eucalyptus Certified Organic Essential Oil 22,Packaged_H&B,1,7.59
210000008790,Cosmic Bliss Vanilla Bean  Pint ND,Milk,2,7.99
210000008844,Emergen-C box Super orange,Beverages,3,19.99
210000008912,Tinkyada Spaghetti Org,Packaged_Dry,5,4.99
210000008922,San-J  Tamari Gold Wheat-Free 10 oz,Packaged_Dry,6,7.49
210000008924,San-j Tamari Gold 20 oz,Packaged_Dry,3,11.59
210000008926,Cosmic Bliss Mint Galactica ND,Milk,3,7.99
210000008928,San-J Shoyu 20oz Org,Packaged_Dry,5,8.49
210000008930,San-J Tamari Red Sodium 10 oz org,Packaged_Dry,1,7.89
210000008932,San-J Tamari Red. Sod. 20 oz Org,Packaged_Dry,7,13.19
210000008964,Once Again Tahini Org.,Packaged_Dry,5,12.39
210000008968,Once Again Peanut Butter Salt Free Creamy Unsweet,Packaged_Dry,5,8.69
210000008976,Eden  Mirin Cooking Wine,Packaged_Dry,11,17.89
210000008978,Bionaturae Balsamic Vinegar Org 17oz K,Packaged_Dry,5,8.99
210000008990,Eden Vinegar  Brown Rice Org 10 oz.,Packaged_Dry,11,7.39
210000009008,Bragg Liquid Aminos 16oz,Packaged_Dry,2,6.39
210000009014,Bragg  Liquid Aminos 32oz,Packaged_Dry,4,10.49
210000009024,Wholesome Sweeteners Molasses 16 oz.,Packaged_Dry,5,6.99
210000009028,Wholesome Sweeteners Molasses 32 oz.,Packaged_Dry,4,11.19
210000009038,Eden Sesame Oil  Hot Pepper 5oz.,Packaged_Dry,2,12.29
210000009048,Hain  Salt Iodized,Packaged_Dry,1,3.69
210000009058,Flavorganics Vanilla Extract 4oz.,Packaged_Dry,2,17.99
210000009068,Tofurky Roast 26oz,Frozen,6,22.99
210000009076,Quorn Meatless Turk'y Roast,Frozen,4,12.99
210000009082,Native Scents Smudge Maya,Bulk_H&B,1,7.79
210000009084,Native Scents Smudge Four Directions,Bulk_H&B,1,9.39
210000009096,Wyndmere Bar Soap Mint Rosemary 22,Packaged_H&B,3,5.39
210000009104,Wyndmere Bar Soap Lavender Garden 22,Packaged_H&B,2,5.49
210000009112,Grandpa's Pine Tar Soap 3.25oz,Packaged_H&B,4,4.99
210000009122,Chandrika Bar Soap,Packaged_H&B,16,2.19
210000009124,"Jason Vitamin E Oil 14,000 IUs",Packaged_H&B,2,10.99
210000009128,Spectrum OG Coconut Oil 15 oz H&B,Packaged_H&B,5,13.39
210000009138,Weleda skin food 0.34 fl oz Trial Size,Packaged_H&B,1,5.29
210000009144,Weleda Arnica Massage Oil 3.4oz,Packaged_H&B,2,21.99
210000009148,Aura Cacia Cocoa Butter OG 4oz,Packaged_H&B,2,16.99
210000009174,Dr. Bronner's Organic Shave Soap Peppermint,Packaged_H&B,7,11.49
210000009178,DR. Bronner's Organic Shave Soap Unscented,Packaged_H&B,2,11.49
210000009186,DR. Bronner's Organic Shave Soap Lavender,Packaged_H&B,4,11.49
210000009190,DR. Bronner's Organic Lotion Lavender Coconut 8oz,Packaged_H&B,6,12.19
210000009208,Once Again Almond Butter Crunchy Salt Free,Packaged_Dry,4,13.29
210000009212,Once Again Almond Butter Creamy 16 oz,Packaged_Dry,3,13.29
210000009220,Crumbs Crackers Garlic Spelt,Bread,3,7.39
210000009264,Dr. Bronner's Organic Lotion Orange Lavender OG 8oz,Packaged_H&B,6,11.69
210000009268,Dr. Bronner's Organic Lotion Patchouli Lime OG 8oz,Packaged_H&B,6,10.49
210000009272,Dr. Bronner's Organic Lotion Peppermint OG 8oz,Packaged_H&B,5,10.49
210000009278,Preserve Razor Triple Blade Cartridges 4ct,Packaged_H&B,2,7.99
210000009340,Ecco Bella Mascara Black,Packaged_H&B,1,19.99
210000009352,Ecco Bella Soft Eyeliner Velvet,Packaged_H&B,2,15.99
210000009460,Hartzler Whole Milk 1/2 gallon,Milk,7,6.19
210000009550,multi source of life liquid gold 30oz,Vitamins,2,59.99
210000009558,kelp 300tbs nature's plus,Vitamins,3,11.49
210000009568,Shanthimalai Red Nag Champa Incense 15 grams,Bulk_H&B,9,2.39
210000009574,Crumbs Crackers Rye,Bread,4,7.39
210000009578,Crumbs Crackers Spelt,Bread,2,7.39
210000009592,Shoyeido Incense Golden Pavilion,Bulk_H&B,3,3.59
210000009600,Shoyeido Incense Eternal Treasure,Bulk_H&B,9,2.69
210000009610,Follow Your Heart Vegenaise Grapeseed 32 oz.,Milk,2,13.29
210000009702,Desert Essence Face Wash,Packaged_H&B,4,11.49
210000009710,Dr. Bronner's  Sugar Lemongrass Lime Soap Pump 12oz,Packaged_H&B,3,12.29
210000009714,Dr. Bronner's  Sugar Baby Unscented Naked Soap Pump 12 oz,Packaged_H&B,7,12.29
210000009724,Natracare Tampons regular 20 count,Bulk_H&B,7,8.19
210000009756,Neem Aura Neem Seed Oil,Packaged_H&B,5,11.49
210000009762,Eco-Dent ToothPowder Original Mint,Packaged_H&B,2,9.99
210000009774,Eco-Dent  Extra Brite Mint,Packaged_H&B,2,10.49
210000009778,herbalozenge cherry echinacea zinc 15 loz bag zand,Vitamins,11,4.49
210000009898,Fuch's Ekotec Toothbrush Replacement Heads Soft,Packaged_H&B,1,6.79
210000009900,Aura Cacia Mineral Bath Eucalyptus,Packaged_H&B,6,4.59
210000009936,Wise Ways All Heal Salve 1oz,Packaged_H&B,5,10.89
210000010000,Bamboo Tea Strainer,Bulk_H&B,1,3.19
210000010122,Wyndmere Bar Soap Forest Retreat,Packaged_H&B,2,5.49
210000010124,Wyndmere Roll-On Head Aide 22,Packaged_H&B,2,8.69
210000010126,Wyndmere Roll-On Stress Relief 22,Packaged_H&B,1,8.69
210000010130,Wyndmere Roll-On Hormonal Balance 22,Packaged_H&B,1,8.69
210000010136,Wyndmere Vibrant Skin Cream 22,Packaged_H&B,2,16.29
210000010140,Wyndmere Moisturizing Cream Unscented 22,Packaged_H&B,1,16.29
210000010152,Chocolove Almond & Sea Salt  3.2oz,Packaged_Dry,12,5.39
210000010154,Explore Asian Mung Bean/Edamame Fettuccini,Packaged_Dry,6,6.99
210000010186,Natracare Ultra Pads Long w/Wings 10 ct.,Bulk_H&B,2,6.69
210000010250,Olbas Oil 10cc,Packaged_H&B,1,10.49
210000010274,Wyndmere Joyful Spirit Blend 10ml 23,Packaged_H&B,3,11.69
210000010330,Heritage Hydrogen Peroxide Mouthwash,Packaged_H&B,3,11.99
210000010332,Frankferd Farms Flour Chickpea 2#,Packaged_Dry,2,10.19
210000010336,Blue Diamond Almond Nut Thins w/Sea Salt Crackers,Packaged_Dry,2,5.89
210000010348,Chocolove Mini Toffee & Almonds,Packaged_Dry,15,2.79
210000010356,Wildwood Super Firm Tofu 16 oz Org,Milk,12,5.99
210000010386,Merry Hempsters Vegan Hemp Lip Balm Mand Orange .14oz,Packaged_H&B,2,1.99
210000010494,Xyliwhite Platinum Mint Toothpaste w/Baking Soda 6.4 oz NOW FOODS,Packaged_H&B,3,6.99
210000010512,pumpkin jack o lantern seeds,Packaged_Dry,5,2.99
210000010544,arugula rocket botanical Interests,Packaged_Dry,2,2.69
210000010560,Chocolove Raspberries in Dark Chocolate 3.1 oz,Packaged_Dry,3,5.39
210000010626,Natracare Tampons Super 20ct,Bulk_H&B,5,8.19
210000010646,GladRags Day Pad Organic 1 ct,Bulk_H&B,3,16.99
210000010700,Wise Ways Black Walnut Tea Tree Salve 1oz,Packaged_H&B,3,10.99
210000010704,Wise Ways Salve Witch Hazel 1oz,Packaged_H&B,1,9.29
210000010712,wool killington mountain hiker bl MEDIUM maggie's,Bulk_H&B,3,21.99
210000010716,wool killington mountain hiker olive 9-11 maggie's,Bulk_H&B,1,21.69
210000010720,wool killington mountain hiker olive LARGE maggie's,Bulk_H&B,3,21.99
210000010832,Organic Valley  Cheddar Raw Sharp 8 oz,Refrigerated,14,7.69
210000010906,Aura Cacia Jojoba Skin Care Oil 4oz Organic,Packaged_H&B,5,17.49
210000010930,Nature's Way Primadophilus Original 180vcps,Refrigerated,2,34.99
210000010944,Frontier Saffron Threads Glass Jar .50 gm frontier,Packaged_Dry,3,13.49
210000010956,Grandpa's Shampoo Pine Tar,Packaged_H&B,6,10.29
210000010990,Griffin Remedy Shampoo Restorative 8oz,Packaged_H&B,6,11.49
210000011006,Namaste GF Waffle & Pancake Mix,Packaged_Dry,4,7.99
210000011018,ABC Alternative Baking Company Peanut Butter Chocolate Chip Gluten Cookie,Chips&Cookie,7,2.99
210000011022,Alden's Ice Cream Chocolate Chocolate Chip 48 oz,Milk,3,13.99
210000011052,red raspberry 1oz,Vitamins,1,11.99
210000011068,don quai 1oz,Vitamins,1,8.90
210000011106,Light Mountain Hair Color Chestnut,Packaged_H&B,2,8.69
210000011110,Light Mountain Hair Color Burgundy,Packaged_H&B,3,9.99
210000011112,If You Care Cheesecloth Cardboard PKG 2 sq. Yds,Bulk_H&B,10,5.39
210000011146,OrganicVille Pasta Sauce Marinara,Packaged_Dry,3,6.69
210000011174,Dead Sea Magic Minerals Bath Salts 5# Bucket,Bulk_H&B,5,32.59
210000011238,Crumbs Cookie Oatmeal Spice,Bread,1,4.49
210000011304,Amy's Burger California,Frozen,9,9.59
210000011308,Crofter's  Just Fruit Raspberry,Packaged_Dry,13,6.29
210000011312,Crofter's Just Fruit Strawberry,Packaged_Dry,7,6.29
210000011432,Preserve Triple Blade Razor,Packaged_H&B,1,8.79
210000011554,If You Care Waxed Paper 75sq. ft.,Bulk_H&B,1,7.39
210000011568,Surf Sweets Gummy Bears 2.75oz,Packaged_Dry,14,4.69
210000011648,Tofutti Cream Cheese Non- Hydro,Milk,6,5.59
210000011656,Tofutti Sour Cream,Milk,10,4.89
210000011734,Bragg Org Herb & Spices Sprinkle Seasoning,Packaged_Dry,7,4.99
210000011784,Wyndmere Roll-On Anxiety Release 22,Packaged_H&B,2,8.69
210000011798,Bob's Guar Gum 8 oz bb 11/4/25,Packaged_Dry,1,7.90
210000011846,cotton crew tie dye 10-13 large maggie's,Bulk_H&B,6,17.99
210000011850,cotton crew tie dye 9-11 medium maggie's,Bulk_H&B,3,15.99
210000011858,omega 3 mini softgels 180gls NOW FOODS,Vitamins,1,21.99
210000011880,Sunbeam Candles Tapers Natural (1 Pair Hanging),Bulk_H&B,4,10.00
210000011928,Lumiram Chromalux 60W Light bulb,Bulk_H&B,1,8.89
210000012184,Dandies Vegan Marshmallows 10oz,Packaged_Dry,3,5.19
210000012312,Dr. Bronner's Castile Soap Citrus 2oz,Packaged_H&B,26,3.69
210000012314,Dr. Bronner's Castile Soap Rose 8oz.,Packaged_H&B,3,7.89
210000012326,umcka cold flu orange tablets 20tbs,Vitamins,3,20.99
210000012358,ginger brew extra single bottle reed's,Beverages,27,2.19
210000012372,pStyle Cloud,Packaged_H&B,1,9.99
210000012412,gingko 60cps nature's answer,Vitamins,1,19.99
210000012476,Primal Strips Texas BBQ 1oz,Packaged_Dry,13,1.99
210000012488,Chocolove Mini Milk Chocolate,Packaged_Dry,4,2.49
210000012492,Chocolove Mini Raspberries Dark 1.2 oz,Packaged_Dry,4,2.79
210000012550,Griffin Remedy Conditioner Restorative 8 oz,Packaged_H&B,5,11.49
210000012554,Griffin Remedy Conditioner Daily  8 oz,Packaged_H&B,13,11.49
210000012610,Biokleen Liq. Laundry 64oz Citrus- cold water,Bulk_H&B,3,22.19
210000012680,gingko low alcohol 1oz,Vitamins,2,16.99
210000012706,Crofter's Just Fruit  Wild Blueberry,Packaged_Dry,7,5.99
210000012718,Wholesome Sweeteners Sugar Org Fair Trade 16 oz,Packaged_Dry,9,5.19
210000012728,YS Organics Royal Jelly Active Bee Power #430,Packaged_Dry,3,15.59
210000012815,Sai Baba Nag Champa Incense (40 gr),Bulk_H&B,2,5.89
210000012958,Dr. Bronner's Castile Soap Tea Tree 8oz.,Packaged_H&B,5,7.89
210000012970,Wholesome Sweeteners Corn Syrup Org,Packaged_Dry,3,6.49
210000013108,Shanthimalai Red Nag Champa  Incense 100 Grams,Bulk_H&B,6,10.69
210000013146,Crofter's Just Fruit Superfruit,Packaged_Dry,9,5.99
210000013156,Lily of the Desert Aloe Vera Gelly 4oz,Packaged_H&B,2,4.89
210000013272,Dr. Bronner's Castile Soap Almond 32oz,Packaged_H&B,14,22.29
210000013410,Wildwood Sprouted Tofu 14 oz Silken,Milk,3,4.89
210000013486,Dr. Bronner's Castile Soap Tea Tree 2oz,Packaged_H&B,8,3.69
210000013506,Berlin Bread Sprouted Biblical Spelt 22oz,Bread,1,6.99
210000013570,Sunbeam Candles Tapers Red (1 Pair Hanging),Bulk_H&B,6,10.29
210000013590,Thai Kitchen  Curry Paste Red 4oz,Packaged_Dry,3,6.29
210000013602,Namaste GF Cake Chocolate  Mix,Packaged_Dry,8,10.99
210000013620,Amy's Soup Golden Lentil,Packaged_Dry,4,5.99
210000013774,sambucus elderberry spray 2oz nature's answer,Vitamins,4,12.99
210000013790,Chocolove Dark Chocolate Orange peel 3.2 oz,Packaged_Dry,10,5.39
210000013796,Surf Sweets Gummy Worms 2.75oz,Packaged_Dry,14,4.49
210000013800,Surf Sweets  Fruity Bears 2.75oz,Packaged_Dry,11,4.69
210000013842,sprouted crisps onion and garlic,Packaged_Dry,3,6.99
210000013940,D chew 90 tbs,Vitamins,2,16.99
210000013952,kombucha gingerade 16oz gt's,Beverages,15,4.69
210000013964,Griffin Remedy Foaming Hand Soap Orange,Packaged_H&B,4,7.49
210000014066,Dr. Bronner's Castile Soap Baby Mild 32oz,Packaged_H&B,5,22.29
210000014082,Dr. Bronner's Castile Soap Eucalyptus 2oz,Packaged_H&B,9,3.69
210000014096,Tofurky Feast,Frozen,1,38.99
210000014158,Frankferd Farms Flour Corn Yellow Org 2#,Packaged_Dry,2,4.89
210000014162,leggings base layer black LARGE maggie's,Bulk_H&B,4,29.99
210000014166,leggings base layer black MED maggie's,Bulk_H&B,2,27.99
210000014332,Wyndmere Essential Oil  Grapefruit Trial Size 16,Packaged_H&B,2,3.59
210000014338,Wyndmere Essential Oil  Rosemary Trial Size 16,Packaged_H&B,1,3.59
210000014432,Eden Umeboshi Whole Plums 7oz,Packaged_Dry,1,19.99
210000014434,aloe vera whole leaf juice pf 32oz glass lily of the desert,Beverages,3,10.29
210000014466,Enjoy Life Semi-Sweet Mini Chocolate Chips,Packaged_Dry,13,9.49
210000014558,Eden Wakame,Packaged_Dry,1,17.99
210000014562,barley grass 250tbs pines,Vitamins,2,12.50
210000014622,Bunker Hill Raw Milk Cheddar Smoked,Refrigerated,15,5.49
210000014628,Desert Essence Jojoba Oil 4oz,Packaged_H&B,2,14.69
210000014750,Manitoba Harvest Hemp Oil 8.45 oz. bb 12/31/25,Refrigerated,1,6.30
210000014770,fiber hemp OG 16 oz. Manitoba,Beverages,2,13.99
210000014782,Tea Tree Therapy Toothpicks Cinnamon,Packaged_H&B,8,4.29
210000014796,Bionaturae Tomato Paste  Org K,Packaged_Dry,6,3.69
210000014852,veratrum album 30x 250tbs,Vitamins,2,5.00
210000014914,Eden Apple Sauce Org,Packaged_Dry,7,8.49
210000015026,Lotus Foods Rice Jade Pearl 15 oz U,Packaged_Dry,8,8.29
210000015114,cherry juice tart eden 32oz,Beverages,6,16.99
210000015122,burdock 1 oz natures answer,Vitamins,1,13.99
210000015138,yarrow 1 oz,Vitamins,2,14.99
210000015142,echinacea af 1 oz,Vitamins,2,16.99
210000015154,black walnut 1 oz,Vitamins,2,16.99
210000015158,Heritage Alka-Thyme Mouthwash 16oz,Packaged_H&B,2,15.89
210000015250,Griffin Remedy Foaming Hand Soap Unscented,Packaged_H&B,5,7.49
210000015304,Kiss My Face Pure Olive Oil Soap Bar 8 oz,Packaged_H&B,2,4.59
210000015308,World Centric Wheat straw Bowls,Bulk_H&B,6,2.99
210000015312,World Centric Wheat straw Plates 9,Bulk_H&B,8,6.19
210000015386,Silver Springs  Prepared Horseradish 8 oz,Refrigerated,6,3.39
210000015408,Ezekiel 4:9 Cereal Flax 16oz,Packaged_Dry,2,10.39
210000015426,Eden Beans Baked K,Packaged_Dry,5,5.29
210000015678,C super complex 90 tabs,Vitamins,3,29.99
210000015706,Eden Beans Cannellini 29 Oz. E,Packaged_Dry,7,6.19
210000015710,Eden Beans kidney  29 Oz. F,Packaged_Dry,3,7.59
210000015714,Eden Beans Garbanzo  29 Oz. E,Packaged_Dry,3,6.49
210000015718,Eden Beans Black  29 Oz. E,Packaged_Dry,11,5.79
210000015732,Ancient Harvest Food Merchants Polenta Traditional Italian,Packaged_Dry,3,4.89
210000015870,Wyndmere Head Aide Essential Oil Blend 1/3 Oz,Packaged_H&B,2,12.89
210000015878,Dr. Bronner's Castile Soap Lavender 16oz,Packaged_H&B,9,14.09
210000015894,lavender oil 1 oz NOW FOODS,Packaged_H&B,3,13.99
210000015956,kelp liquid,Vitamins,1,9.99
210000015974,potassium iodide / iodine 32.5mg 60tbs source naturals,Vitamins,2,12.49
210000016014,Barlean's Olive Leaf Complex Spray Peppermint 1.5oz,Refrigerated,1,14.49
210000016047,Nutiva Hemp Oil Org. 16 oz.,Refrigerated,2,14.50
210000016165,South River Miso 3 Year Barley,Milk,28,15.99
210000016231,Artisana Walnut Butter Raw OG,Packaged_Dry,3,15.99
210000016474,Berlin Bread Sprouted Spelt 23oz,Bread,1,6.69
210000016504,Bach Rescue Remedy Cream 30gm / 1oz,Packaged_H&B,1,12.99
210000016639,Bob's Rolled Oats Xtra Thick org 32 oz,Packaged_Dry,3,8.49
210000016643,krill oil 60sgls 500mg NOW FOODS,Vitamins,1,25.99
210000016648,Wyndmere Essential Oil Tea Tree  Trial Size 16,Packaged_H&B,1,3.59
210000016658,Wyndmere Coriander Seed Oil 16 (disc),Packaged_H&B,3,13.49
210000016739,Life-Flo Magnesium Spray,Packaged_H&B,3,15.99
210000016937,Dr. Bronner's Oil Coconut Virgin OG 14oz,Packaged_Dry,4,10.99
210000016939,Justin's Peanut Butter Cups Dark Chocolate,Packaged_Dry,14,3.19
210000016943,Justin's  Peanut Butter Cups Milk Chocolate,Packaged_Dry,14,3.19
210000017142,chlorella 1000mg 60tbs,Vitamins,3,14.99
210000017190,Bragg Dressing Ginger & Sesame Org,Packaged_Dry,6,8.29
210000017206,Flavorganics Orange Extract 2oz,Packaged_Dry,3,6.89
210000017264,diatomaceous earth 4 lbs. lumino,Bulk_H&B,2,26.99
210000017282,orange essential oil 1oz NOW FOODS,Packaged_H&B,4,5.99
210000017326,Nature's Answer Perio Mouthwash Cinnamint 16oz,Packaged_H&B,1,10.39
210000017340,Eden Beans Black 15oz E,Packaged_Dry,7,3.39
210000017476,Aura Cacia Rosehip Skin Oil OG 1oz,Packaged_H&B,1,13.99
210000017488,Boiron Arnica Gel  2.6oz,Packaged_H&B,3,12.99
210000017496,Eden Beans Garbanzo  15 Oz. E,Packaged_Dry,15,3.49
210000017554,kombucha guava goddess 16oz gt's,Beverages,3,4.69
210000017612,raspberry leaf af 1oz,Vitamins,1,15.99
210000017696,cotton crew bl 9-11 3pk maggies,Bulk_H&B,2,21.99
210000017708,rhodiola 500mg 60 vcaps,Vitamins,2,33.99
210000017748,Eden Beans Pinto 15 oz E,Packaged_Dry,10,3.39
210000017752,Koyo Ramen Shiitake Mushroom,Packaged_Dry,6,1.89
210000017786,Foods Alive Himalayan Pink Salt Crystals,Packaged_Dry,9,6.29
210000017806,Wild Planet Sardines W/ olive oil,Packaged_Dry,7,3.79
210000017900,Nancy's Cottage Cheese Org. Lowfat,Milk,1,6.99
210000018150,Frankferd Farms Organic Amaranth Grain 1#,Packaged_Dry,3,5.99
210000018166,Tom's Silly Strawberry Kids Toothpaste FF (P),Packaged_H&B,1,7.99
210000018204,Heritage Castor Oil 16 oz,Packaged_H&B,7,15.69
210000018274,YS Organic Propolis Tincture  1 oz  9L1,Packaged_Dry,3,17.69
210000018340,herbalozenge menthol 15 loz bag zand,Vitamins,12,4.49
210000018386,Edward & Sons Bouillon Not-Chick'n K,Packaged_Dry,5,3.39
210000018466,wool killington mountain hiker rasp socks 9-11 maggie's,Bulk_H&B,1,21.99
210000018486,leggings base layer black XTRA LARGE maggie's,Bulk_H&B,2,27.99
210000018574,Small Swift-Lite/De Lites Charcoals,Bulk_H&B,1,1.99
210000018604,Aura Cacia Bubble Bath Comforting Rose Geranium,Packaged_H&B,1,12.59
210000018608,Aura Cacia Mineral Bath Cedarwood Meditation,Packaged_H&B,2,4.59
210000018620,Berlin Gramma Moser's Zucchini Tea Bread 1lb,Bread,2,7.19
210000018636,Let's Do Organic Coconut Flour 1lb,Packaged_Dry,7,6.19
210000018644,Eden Beans Kidney NS 15 Oz. E,Packaged_Dry,12,3.79
210000018692,stevia organic 2oz NOW FOODS,Packaged_Dry,2,11.99
210000018760,Koyo Ramen Buckwheat Soba U,Packaged_Dry,5,1.79
210000018764,Bulk Harmony Cone Ear Candles Beeswax,Bulk_H&B,35,2.99
210000018784,Seventh Generation Fabric Softener Dryer Sheets Free & Clear,Bulk_H&B,4,9.69
210000018816,Organic Valley Cream Whipping 16 oz,Milk,13,7.29
210000018882,echinacea & goldenseal OG alc1oz,Vitamins,3,18.99
210000018962,Sushi Mat with Paddle,Bulk_H&B,3,3.99
210000018988,Once Again Sunflower Seed Butter No Sugar & Salt,Packaged_Dry,2,8.29
210000019056,Dr. Bronner's Castile Soap Peppermint 2oz,Packaged_H&B,21,3.69
210000019194,Eden Ume Plum Vinegar 10oz,Packaged_Dry,11,6.69
210000019248,Guyette Honey Clover 3lb,Packaged_Dry,2,21.99
210000019252,Guyette Honey Wildflower 3lb,Packaged_Dry,5,21.99
210000019260,Guyette Honey Clover 1 lb.,Packaged_Dry,5,8.99
210000019264,Guyette Honey Clover Bear 12oz,Packaged_Dry,12,8.59
210000019300,Follow your Heart Dressing Ranch Vegan,Milk,7,5.99
210000019386,cabbage red acre  OG seeds,Packaged_Dry,2,2.99
210000019638,Olbas Inhaler,Packaged_H&B,6,6.59
210000019646,aloe vera detox green label 32oz,Beverages,3,18.99
210000019662,teeccino french roast 10bags,Beverages,1,6.49
210000019744,Grandma's Lye Soap,Packaged_H&B,8,6.49
210000019784,Grandma's Soap Poison Ivy/Oak 2.15oz,Packaged_H&B,2,7.49
210000019824,basil purple Petra seeds,Packaged_Dry,3,2.69
210000019832,daikon seeds OG seeds,Packaged_Dry,3,2.99
210000019844,carrot carnival OG seeds,Packaged_Dry,4,3.49
210000019852,cilantro coriander OG seeds,Packaged_Dry,3,2.99
210000019860,borage  OG seeds,Packaged_Dry,6,2.99
210000019864,sunflower mongolian giant seeds,Packaged_Dry,3,4.49
210000019992,Frankferd Farms Gluten (Wheat) Flour 2#,Packaged_Dry,2,3.99
210000020012,cotton crew black 9-11 maggie's,Bulk_H&B,3,9.99
210000020016,cotton crew black large 10-13 maggie's,Bulk_H&B,1,9.99
210000020100,Guyette Honey Wildflower 1lb,Packaged_Dry,5,8.99
210000020132,Primal Strips Hot & Spicy,Packaged_Dry,8,1.99
210000020206,New Wave Enviro Shower Filter Silver,Bulk_H&B,1,32.99
210000020256,chives OG seeds,Packaged_Dry,1,3.49
210000020260,dill OG seeds,Packaged_Dry,2,2.99
210000020292,pepper habanero seeds,Packaged_Dry,4,2.99
210000020296,radish french breakfast seeds,Packaged_Dry,4,3.49
210000020336,South River  Miso Azuki 16 oz,Milk,16,13.69
210000020460,ojibwa tea 24 bags NOW FOODS,Beverages,5,5.99
210000020476,Nature's Path  Granola Love Crunch Choc/Berries Granola Cereal,Packaged_Dry,4,7.59
210000020538,valerian alc free1oz,Vitamins,3,16.99
210000020550,If You Care Parchment Paper Sheets,Bulk_H&B,9,5.99
210000020554,If You Care Latex Gloves Large,Bulk_H&B,15,5.89
210000020558,If You Care Latex Gloves Medium,Bulk_H&B,22,4.99
210000020580,Amy's  Pizza  Vegan Margherita,Frozen,7,15.19
210000020590,turmeric 400mg 60vcps nature's plus,Vitamins,2,24.99
210000020658,chai  tea latte original 32oz oregon chai,Beverages,4,6.79
210000020716,pomegranate 60vcps,Vitamins,3,18.99
210000020728,Eden Apple Sauce w/Cherry,Packaged_Dry,7,7.29
210000020742,Frankferd Farms Beans Cannellini 1#,Packaged_Dry,1,6.49
210000020790,Thai Kitchen Lemongrass & Chili Soup U,Packaged_Dry,7,2.39
210000020794,Thai Kitchen Spring Onion Soup,Packaged_Dry,6,2.29
210000020818,feverfew seeds,Packaged_Dry,3,2.99
210000020826,parsley moss curled OG seeds,Packaged_Dry,4,2.69
210000020838,sunflower honey bear seeds,Packaged_Dry,4,3.49
210000020846,tomato beefsteak OG seeds,Packaged_Dry,3,2.99
210000020858,tomato san marzano seeds,Packaged_Dry,2,2.69
210000020938,Chocolove Mini  Almonds & Salt,Packaged_Dry,4,2.49
210000020980,sinus calm sinusalia,Vitamins,1,13.99
210000021030,Bionaturae Bilberry Fruit Spread  Org U,Packaged_Dry,7,7.69
210000021102,Ecover Non-Chlorine Bleach,Bulk_H&B,1,7.79
210000021238,Coconut Secret  Aminos 8 oz,Packaged_Dry,6,8.29
210000021361,basil italian genovese OG seeds,Packaged_Dry,7,2.99
210000021385,broccoli raab rapini OG seeds,Packaged_Dry,4,3.49
210000021389,swiss chard five color OG seeds,Packaged_Dry,3,3.49
210000021448,Let's Do Organic Tapioca Starch Org & GF,Packaged_Dry,4,4.69
210000021562,silver dropper 10ppm 4oz,Vitamins,5,24.99
210000021566,silver dropper 10ppm 8oz,Vitamins,4,34.99
210000021570,silver cap 10ppm 16oz,Vitamins,2,49.99
210000021612,coconut water 17.5oz c2o,Beverages,16,3.89
210000021632,pastilles original 50gm,Vitamins,8,12.99
210000021710,Rumiano Mozzarella Cheese Bar Org,Milk,1,6.99
210000021806,Dr. Bronner's Sugar Lavender Soap 12 oz Pump,Packaged_H&B,3,12.29
210000021814,Natural Value Pasta Sauce w/Portabello Org,Packaged_Dry,14,4.69
210000021836,Spectrum White Vinegar Org,Packaged_Dry,7,10.99
210000021852,Eden Beans Soy Black Org 15 Oz. E,Packaged_Dry,15,3.29
210000021934,Grandpa's Thylox Soap 3.25oz,Packaged_H&B,5,6.99
210000022018,Swedish Bitters 3.38 oz,Vitamins,2,14.99
210000022022,Swedish Bitters 8.45 oz,Vitamins,1,28.99
210000022064,Bionaturae Tagliatelle Egg Noodle Org K,Packaged_Dry,10,4.99
210000022094,Dr. Bronner's Castile Soap Almond 2oz.,Packaged_H&B,7,3.69
210000022134,Bach Rescue Remedy for Pets 20 ml,Bulk_H&B,2,22.89
210000022342,Miso Master Red Miso 8oz,Refrigerated,1,8.19
210000022386,Goodell Maple Syrup 8 oz.,Packaged_Dry,2,10.99
210000022390,Pacific Chicken Broth 8oz 4 pack LS,Packaged_Dry,4,8.39
210000022402,Goodell Maple Peanuts,Packaged_Dry,3,5.49
210000022438,All Terrain Herbal Poison Ivy/Oak Spray,Packaged_H&B,2,11.59
210000022466,Bunker Hill Raw Milk Cheddar,Refrigerated,7,5.49
210000022478,Dr. Bronner's Oil Coconut Virgin OG 30oz,Packaged_Dry,9,19.99
210000022562,GladRags Panty Liners (3) Assorted Colors,Bulk_H&B,2,22.29
210000022582,Burt's Bees Baby Bee Dusting Powder,Packaged_H&B,2,8.79
210000022630,aloe whole leaf juice OG 32 oz Lakewood,Beverages,6,9.99
210000022717,D-Mannose 500mg 120 veg caps NOW FOODS,Vitamins,1,29.99
210000022748,Jovial GF Brown Rice Capellini K,Packaged_Dry,9,5.59
210000022764,Weleda Toothpaste Calendula,Packaged_H&B,3,9.69
210000022782,lip balm vanilla coconut OG,Packaged_H&B,19,2.79
210000022828,Food For Life Tortillas Brown Rice GF,Bread,4,4.99
210000022834,orange juice OG 32 oz lakewood,Beverages,7,9.99
210000022866,Free 2 Be Sun Cups Rice Milk Choc 2 Pack,Packaged_Dry,6,3.19
210000022904,Foods Alive Cacao Nibs,Packaged_Dry,2,15.69
210000022920,Aura Cacia Mineral Bath Ylang Ylang Euphoria,Packaged_H&B,6,4.59
210000022972,Miso Master Miso  Sweet  White LS,Milk,6,14.99
210000022980,green tea pure decaf 16 bags yogi,Beverages,22,5.39
210000022992,Manitoba Harvest Hemp Seed Hearts Org 12 oz,Packaged_Dry,4,17.99
210000023012,D 3 5000 IU 120sgls NOW FOODS,Vitamins,2,12.99
210000023078,Tinkyada Organic Brown Rice Lasagna Org,Packaged_Dry,4,5.49
210000023082,Griffin Remedy Bubble Bath Bear Orange Blossom,Packaged_H&B,4,18.89
210000023086,Griffin Remedy Lotion Omega 3 Frankincense 8oz,Packaged_H&B,4,17.09
210000023090,Griffin Remedy Lotion Omega 3 Grapefruit 8 oz,Packaged_H&B,5,14.99
210000023124,multi women's living green 90gls irwin,Vitamins,1,34.99
210000023128,multi men's living green 90gls irwin,Vitamins,3,38.99
210000023252,vitamin K 2 whole food 60vcps source of life nature's plus,Vitamins,2,22.99
210000023276,cotton crew eggplant 10-13 maggie's,Bulk_H&B,3,9.99
210000023280,cotton crew eggplant 9-11 maggie's,Bulk_H&B,2,9.99
210000023316,cotton crew navy 10-13 maggie's,Bulk_H&B,2,9.99
210000023320,cotton crew tie dye 14-16 XL maggie's,Bulk_H&B,6,17.99
210000023340,Wholly Wholesome Pie & Pastry Dough 2,Bread,1,4.99
210000023490,Kinnikinnick Bread GF Multigrain,Bread,6,5.89
210000023500,Aura Cacia Mineral Bath Comforting Geranium,Packaged_H&B,2,4.59
210000023546,Light Mountain Hair Color Light Red,Packaged_H&B,1,8.69
210000023562,Natural Value Scouring Pads (2) Heavy Duty,Bulk_H&B,2,1.99
210000023808,Sunbeam Candles 3 x 4 Manifestation Birthday,Bulk_H&B,2,26.00
210000023816,Sunbeam Candles 3 x 4 Manifestation Meditation,Bulk_H&B,1,26.00
210000023868,Maine Coast Kelp w/Cayenne Granules Shaker,Packaged_Dry,3,5.99
210000023880,Similisan Earache Relief .33oz,Packaged_H&B,1,13.89
210000023912,Clear Conscious Multi-Purpose Contact Solution,Packaged_H&B,3,15.99
210000023966,African Market basket Oval G140,Bulk_H&B,1,48.00
210000023968,Large Round Leather Handle,Bulk_H&B,1,47.00
210000024010,Aura Cacia Eucalyptus Shower Tablets,Packaged_H&B,4,11.59
210000024060,Immaculate Crescent Rolls,Bread,11,7.59
210000024128,stevia glycerite 2oz NOW FOODS,Packaged_Dry,3,8.99
210000024178,Emerald Cove Sushi Nori Org. 10 Sheets,Packaged_Dry,3,8.99
210000024210,Thai Kitchen Garlic & Vegetable Soup,Packaged_Dry,5,2.29
210000024314,Jovial  Spaghetti Einkorn K,Packaged_Dry,7,5.59
210000024354,Maine Coast Kelp Granules Shaker,Packaged_Dry,4,4.99
210000024390,Ginger People Gin Gin Travel  1.6 oz,Packaged_Dry,31,2.99
210000024504,Sunbeam Candles Beesewax Votive Natural,Bulk_H&B,11,3.99
210000024512,Sunbeam Candles Pine Cone Large,Bulk_H&B,5,23.00
210000024568,Dr. Bronner's Tea Tree Organic Sugar Soap 12 oz,Packaged_H&B,5,12.29
210000024596,Grandma's Soap Pet,Packaged_H&B,6,7.99
210000024600,Bulk Harmony Cone  Ear Candles Organic Food Grade Wax,Bulk_H&B,12,2.99
210000024604,Coryell Clayworks  Omspout Neti Pot,Bulk_H&B,1,21.00
210000024628,Emily's Soaps,Packaged_H&B,52,6.99
210000024632,leggings base layer black SMALL maggie's,Bulk_H&B,1,27.99
210000024644,Seventh Generation Auto Dish Gel Free & Clear 42oz,Bulk_H&B,2,9.79
210000024696,Similasan Ear Wax Relief .33 fl oz,Packaged_H&B,1,12.99
210000024724,Grandpa's Conditioner Pine Tar,Packaged_H&B,4,9.99
210000024736,root beer single bottle virgil's,Beverages,40,2.19
210000024998,If you care Coffee Filters No 4 Cone,Bulk_H&B,2,5.49
210000025018,Frankferd Carob Chips Sweet,Packaged_Dry,1,8.89
210000025022,Frankferd Carob Chips UnSweet,Packaged_Dry,2,10.99
210000025062,Aura Cacia Shower Tablets Lavender,Packaged_H&B,6,11.59
210000025066,Aura Cacia Shower Tablets Peppermint,Packaged_H&B,3,6.99
210000025074,Aura Cacia Mineral Bath Balancing Sage,Packaged_H&B,2,4.59
210000025172,hyssop seeds,Packaged_Dry,4,3.49
210000025196,fennel seeds,Packaged_Dry,2,2.99
210000025204,oregano  OG seeds,Packaged_Dry,7,2.99
210000025208,lemon balm sseds,Packaged_Dry,4,2.69
210000025220,thyme english OG seeds,Packaged_Dry,3,3.49
210000025232,bean pole blue lake,Packaged_Dry,4,4.49
210000025236,carrot little finger seeds,Packaged_Dry,8,2.69
210000025240,broccoli di cicco OG seeds,Packaged_Dry,4,2.69
210000025248,pea shelling OG seeds,Packaged_Dry,3,3.49
210000025268,celery utah  OG seeds,Packaged_Dry,4,2.69
210000025272,pepper sweet cali wonder OG seeds,Packaged_Dry,5,2.99
210000025288,squash black beauty zucchini seeds,Packaged_Dry,7,3.49
210000025292,spinach bloomsdale seeds OG seeds,Packaged_Dry,5,3.49
210000025296,tomato cherry sweetie seeds,Packaged_Dry,4,2.69
210000025300,tomato red and yellow pear OG seeds,Packaged_Dry,3,2.99
210000025304,tomato bush roma OG seeds,Packaged_Dry,2,2.69
210000025312,leek king richard  OG seeds,Packaged_Dry,2,2.99
210000025320,swiss chard fordhook giant OG seeds,Packaged_Dry,3,2.99
210000025332,kale red russian OG seeds,Packaged_Dry,7,2.99
210000025340,lettuce romaine little gem seeds,Packaged_Dry,7,2.99
210000025392,stomach ease yogi tea,Beverages,6,5.39
210000025510,pumpkin big max OG seeds,Packaged_Dry,5,4.49
210000025518,squash spaghetti seeds,Packaged_Dry,4,4.49
210000025597,empty 0 gelatin capsules 250 NOW FOODS,Vitamins,1,6.99
210000025605,Giovanni Styling Mousse,Packaged_H&B,1,9.39
210000025609,Giovanni L. A. Hold Styling Gel,Packaged_H&B,2,10.39
210000025625,melatonin 1mg sub orange 100tbs source naturals,Vitamins,3,8.59
210000025669,Nature's Way Primadophilus Reuteri 90vcps,Refrigerated,2,35.69
210000025761,African Market Basket Mini No Leather G-149,Bulk_H&B,1,25.00
210000025781,water alkaline 1.5 L eternal,Beverages,15,3.29
210000025789,hemp milk unsw orig 32oz,Beverages,9,5.99
210000025895,goldenseal AF 1oz,Vitamins,2,21.99
210000025939,Sunbeam Candles Beeswax Small Eggs Assorted,Bulk_H&B,2,3.69
210000025971,Eco Bags Cotton Grain and Produce Bag 13x17,Bulk_H&B,2,3.99
210000025975,Eco Bags Meduim Net Drawstring Produce Bag,Bulk_H&B,1,4.49
210000025979,Aura Cacia Aromatherapy Room Scentball Diffuser,Bulk_H&B,2,18.59
210000025991,orange carrot  OG 32 oz lakewood,Beverages,7,10.99
210000025999,grapefruit pink juice OG 32oz lakewood,Beverages,3,9.99
210000026007,earl grey tea OG 16 bags Choice,Beverages,2,4.85
210000026023,oil of oregano 1oz,Vitamins,2,29.99
210000026248,Good Health Avocado Oil Potato Chip Sea Salt 5oz,Chips&Cookie,11,4.59
210000026330,sprouts radish china LARGE,Packaged_Dry,5,5.99
210000026334,sprouts sandwich LARGE,Packaged_Dry,9,5.99
210000026358,Guyette Maple Syrup Pint local,Packaged_Dry,2,15.49
210000026398,Crystal Body Roll-on Deodorant 2.25 oz,Packaged_H&B,1,5.69
210000026482,yerba mate classic gold can 12 oz guayaki,Beverages,5,2.99
210000026709,butterscotch beer single bottle flying cauldron,Beverages,16,2.19
210000026768,Nutiva Coconut Oil EV Org 23oz,Packaged_Dry,3,19.59
210000026906,stevia OG 8oz NOW FOODS,Packaged_Dry,2,29.99
210000026924,Sno Pac Peas Org,Frozen,13,3.99
210000026991,Blue Mountain Tahini Org,Packaged_Dry,8,8.99
210000027034,collards georgia seeds,Packaged_Dry,4,2.69
210000027042,kale dwarf blue seeds,Packaged_Dry,9,3.49
210000027050,rutabaga seeds,Packaged_Dry,5,2.69
210000027116,Napa Valley Sunflower Oil Org.,Packaged_Dry,8,12.89
210000027146,Boiron Calendula Cream 2.5oz,Packaged_H&B,1,12.69
210000027212,Berlin Spelt Angel Food Loaf,Bread,3,4.99
210000027236,Soy Boy Tofu Extra- firm 15oz,Milk,3,3.49
210000027334,South River  Miso Chickpea 16 oz,Milk,14,13.69
210000027354,Jovial Brown Rice Tagliatelle GF K,Packaged_Dry,5,7.39
210000027358,Jovial Einkorn Flour 32oz K,Packaged_Dry,7,12.69
210000027364,Good Health Olive Oil Sea Salt Potato Chips,Chips&Cookie,4,4.39
210000027366,Berlin Bakery Bread Cornbread,Bread,1,5.99
210000027378,Foods Alive Black Chia Seeds Raw 16 oz,Packaged_Dry,4,8.99
210000027478,Sno Pac Mixed  Vegetables Org,Frozen,10,3.99
210000027506,Griffin Remedy Lotion Omega 3 Unscented 8 oz,Packaged_H&B,8,14.99
210000027518,Earthbound Farm  Blueberries Org 2 lb,Frozen,6,15.29
210000027652,cherry tart juice pure OG 32oz,Beverages,3,16.99
210000027664,Cholula Hot Sauce,Packaged_Dry,7,5.39
210000027718,Emily's Soaps Citronella Repella Bug Spray 4oz,Packaged_H&B,7,8.79
210000027810,Zot  Licorice w/Anise Org GF,Packaged_Dry,5,1.50
210000027842,Prasad Celestial Cedarwood,Bulk_H&B,17,1.99
210000027888,Cowboy Charcoal Lump Hardwood 8.8 #,Bulk_H&B,1,16.99
210000027911,Neemaura Naturals Citronella Outdoor Incense Sticks,Bulk_H&B,3,5.49
210000027960,Bob's Sorghum Whole  GF U,Packaged_Dry,3,5.29
210000027986,World Centric Assorted Corn Utensils,Bulk_H&B,14,2.59
210000028070,positive energy sweet tangerine tea 16 bags yogi,Beverages,5,5.39
210000028102,oolong tea OG 100bags,Beverages,1,8.49
210000028148,GladRags Color Day Pad 1pk,Bulk_H&B,4,13.99
210000028174,Free 2 Be Sun Cups Dark Chocolate 2 Pack,Packaged_Dry,5,3.19
210000028197,Nubian Heritage African Black Soap Bar 5oz,Packaged_H&B,11,7.59
210000028201,Eden Beans Cannellini  15 Oz. E,Packaged_Dry,12,3.69
210000028320,Lotus Foods Rice Forbidden Org 15 oz,Packaged_Dry,3,7.29
210000028332,Sunbeam Candles 3 x 4 Manifestation Goddess,Bulk_H&B,2,26.00
210000028368,Full Circle Dish Cloths 3 ct,Bulk_H&B,1,10.39
210000028388,Hartzler Paint Valley Goat Milk Qt,Milk,2,5.49
210000028475,D 3 10000 IU 120sgls NOW FOODS,Vitamins,1,16.99
210000028502,KNFC Coop Tote Bag,reports_inventory_listings_assets,3,18.00
210000028522,gingko smart,Vitamins,2,24.99
210000028530,power to sleep 2 mg melatonin  60sgls irwin,Vitamins,1,22.99
210000028534,sunny mood 75 liquigels,Vitamins,2,34.99
210000028560,Daiya  Pizza Fire Roasted Vegetable,Frozen,2,9.49
210000028660,Sunbeam Goddess Fertility Goddess  Venus (Willendorf),Bulk_H&B,1,16.00
210000028689,Ancient Harvest Quinoa Spaghetti GF,Packaged_Dry,5,5.29
210000028697,Nancy's Cottage Cheese  Whole Milk Org,Milk,4,6.99
210000028713,Yum Earth  Drops Fruit Org 13 oz,Packaged_Dry,3,12.99
210000028744,cotton crew black 14-16 maggie's,Bulk_H&B,1,9.99
210000028760,wool urban trail ankle purple 9-11,Bulk_H&B,4,12.99
210000028764,wool urban trail ankle purple 10-13,Bulk_H&B,4,12.99
210000028784,wool urban trail ankle black MEDIUM maggie's,Bulk_H&B,4,12.99
210000028796,wool urban trail ankle black LARGE maggie's,Bulk_H&B,3,12.99
210000028800,wool urban trail ankle gr 9-11,Bulk_H&B,3,12.99
210000028884,Against The Grain GF Pizza Crust,Bread,1,6.39
210000029020,dandy blend 25 singles box,Beverages,1,10.89
210000029110,Bob's Rice Flour White Org U,Packaged_Dry,3,9.49
210000029154,cod liver oil 1000mg 180sgls,Vitamins,1,25.99
210000029196,We'moon Cards 6 count 2023 & 2024,reports_inventory_listings_assets,7,13.95
210000029262,Chico bag original red,Bulk_H&B,3,5.99
210000029266,Chico bag original blue,Bulk_H&B,2,5.99
210000029270,Chico bag original pale green,Bulk_H&B,4,5.99
210000029274,Chico bag original boysenberry,Bulk_H&B,1,5.99
210000029350,Griffin Remedy Leave In Hair Treatment  8 oz,Packaged_H&B,3,16.39
210000029358,Aleia's GF  Panko Bread Crumbs,Packaged_Dry,5,7.59
210000029374,Eden Sesame Oil Toasted 5oz.,Packaged_Dry,3,7.69
210000029394,honey lavender stress relief tea 16bgs,Beverages,8,5.39
210000029498,cotton crew tri-pak navy natural black MEDIUM maggie's,Bulk_H&B,1,21.99
210000029537,NORPRO STAINLESS FUNNEL SET 3 ct,Bulk_H&B,1,11.89
210000029541,Harold Import Nut Milk Bag 11 x 9,Bulk_H&B,1,2.99
210000029673,carrot juice pure OG 32oz,Beverages,3,9.79
210000029775,moringa 5000mg bio nutrition,Vitamins,1,19.99
210000029807,Sunbeam Candles Beeswax Small Red Heart,Bulk_H&B,3,6.99
210000029811,Sunbeam Candles Beeswax Large Red Heart,Bulk_H&B,2,20.00
210000029815,Sunbeam Candles Beeswax Love Pillar  Red 2x6,Bulk_H&B,1,20.00
210000029819,yerba mate revel berry 15.5oz can guayaki,Beverages,9,3.39
210000029875,Sunbeam Candles Tibetan Buddha Head,Bulk_H&B,4,18.00
210000029883,Organic Valley Cottage Cheese 4%,Milk,5,8.19
210000029987,Light Mountain Hair Color the Gray Auburn,Packaged_H&B,4,10.99
210000030015,Similasan Children's Earache Relief,Packaged_H&B,3,14.49
210000030019,Eden Beans Aduki 15 oz K,Packaged_Dry,5,4.29
210000030059,melon minnesota midget seeds,Packaged_Dry,3,2.99
210000030071,onion white bunching OG seeds,Packaged_Dry,4,3.49
210000030075,tomato bush ace seeds,Packaged_Dry,4,2.99
210000030215,Jeff's Naturals Kalamata Olives Pitted Org,Packaged_Dry,7,8.49
210000030219,Jeff's Naturals Kalamata Olives Sliced Org,Packaged_Dry,7,8.49
210000030255,nasturtium fiesta seeds,Packaged_Dry,4,3.49
210000030259,nicotiana indian peace pipe,Packaged_Dry,8,2.69
210000030299,eggplant black beauty seeds,Packaged_Dry,3,2.99
210000030561,Twin Oaks Tofu Org 1lb,Milk,6,4.89
210000030663,Cascadian Farms Spinach 10oz.,Frozen,15,6.49
210000030697,matcha tea spoon bamboo,Beverages,3,3.99
210000030705,diatomaceous earth pure food grade1.5 lbs. lumino,Bulk_H&B,2,17.99
210000030823,watercress OG seeds,Packaged_Dry,2,2.99
210000030835,aloe vera juice whole leaf pf OG 128oz,Beverages,3,27.99
210000030961,kelp 325 mcg 250vcps NOW FOODS,Vitamins,1,17.99
210000030965,empty 0 v caps 300 NOW FOODS,Vitamins,3,13.99
210000031001,passionflower AF 1oz,Vitamins,1,14.99
210000031033,Foods Alive Coconut Sugar,Packaged_Dry,4,5.99
210000031037,Foods Alive Cacao Powder 8 oz,Packaged_Dry,1,16.99
210000031041,Auromere  Toothpaste Cardamon-Fennel,Packaged_H&B,5,9.69
210000031089,GladRags 1 Pack Panty Liner Organic Undyed,Bulk_H&B,1,11.39
210000031143,vanilla AF 4oz singing dog,Packaged_Dry,5,14.99
210000031327,Wake Robin Sauerkraut Raw,Milk,20,5.59
210000031335,Wake Robin Kickin Kimchi Raw,Milk,3,6.99
210000031463,cranberries dried OG 4 oz eden,Packaged_Dry,13,5.59
210000031511,sunflower lecithin 16oz NOW FOODS,Packaged_Dry,2,16.99
210000031531,Desert Essence Jojoba Oil 2 oz.,Packaged_H&B,1,9.79
210000031539,Life Flo Pure Shea Nut Butter 9 OZ,Packaged_H&B,3,19.99
210000031571,pumpkin seeds salted OG 4 oz eden,Packaged_Dry,13,4.59
210000031707,Cadia Cherries Dark Sweet Org 10oz,Frozen,12,5.69
210000031739,Wake Robin Pickle Chips Garlicky Dill,Milk,3,5.89
210000031831,empty 0 gelatin caps 1000 NOW FOODS,Vitamins,3,17.99
210000031835,empty 0 v caps 1000 NOW FOODS,Vitamins,2,26.99
210000032001,Pacific Cashew Carrot Ginger Soup 32oz,Packaged_Dry,13,6.49
210000032009,Wholly Wholesome Pie Shells / Crusts 2 GF,Bread,6,8.99
210000032081,Tofutti Vanilla Cuties Each,Milk,32,1.09
210000032097,Wise Ways Mullein Ear Oil 1oz,Packaged_H&B,3,13.29
210000032155,ABC Alternative Baking Company Cookie of the Season (cocaroon),Chips&Cookie,9,2.99
210000032179,Avalon Organics Conditioner Anti-Dandruff,Packaged_H&B,2,12.29
210000032191,Lundberg Rice Cakes Brown Rice Light Salt,Chips&Cookie,1,5.79
210000032203,Wise Ways Comfrey Oil  6oz,Packaged_H&B,4,14.29
210000032217,nighty night OG 16 tea bags traditional medicinals,Beverages,8,6.99
210000032255,sprouts alfalfa  OG LARGE seeds,Packaged_Dry,5,5.99
210000032319,empty 00 gelatin capsules 250 NOW FOODS,Vitamins,1,11.99
210000032361,garlic liquid 2oz,Vitamins,2,20.99
210000032463,Foods Alive Maca Powder 8 oz,Packaged_Dry,6,14.99
210000032505,Natracare Dry and Light  for Sensitive Bladders Pads 20ct,Bulk_H&B,1,6.69
210000032512,Green2  Facial Tissue tree free,Bulk_H&B,1,2.69
210000032520,Gardein Fishless Filet 10.1oz,Frozen,3,7.69
210000032524,Organic Valley Beef Hot Dogs Uncured 12 oz,Meat,2,10.79
210000032572,Emily's Soaps Beard Oil & Aftershave Serum,Packaged_H&B,2,9.00
210000032592,empty 00 v caps 250 NOW FOODS,Vitamins,1,12.99
210000032672,Wyndmere Aromatherapy Inhaler Anxiety Release,Packaged_H&B,1,7.29
210000032680,Wyndmere Aromatherapy Inhaler Breathe  22,Packaged_H&B,2,7.29
210000032724,Griffin Remedy  Shower Gel Bulgarian Lavender 8 oz,Packaged_H&B,7,6.99
210000032728,Griffin Remedy Creamy Body Wash Grapefruit,Packaged_H&B,7,10.79
210000032740,Ginseng Up ginger beer 12oz,Beverages,9,2.29
210000032855,Kerrygold  Aged Cheddar Irish Vintage,Milk,10,6.89
210000032863,Natural Value Coconut Milk Org,Packaged_Dry,11,4.29
210000032951,Desert Essence Relief Spray 4 oz,Packaged_H&B,2,5.39
210000032973,Bob's Farro Org,Packaged_Dry,4,8.19
210000033175,Eco bags String Bag Tote Lime,Bulk_H&B,1,9.99
210000033189,kava-6 100mg 90vcps natures answer,Vitamins,6,34.99
210000033267,Sunbeam Candles Corn Cob,Bulk_H&B,1,10.99
210000033321,Simply Delish Jel Desert Strawberry,Packaged_Dry,2,2.99
210000033391,One Degree Brown Rice Cacao Crisps Cereal,Packaged_Dry,2,6.99
210000033469,Coconut Secret  Aminos 16.9 oz,Packaged_Dry,2,15.59
210000033521,Boulder Canyon Salt & Pepper Avocado Oil Potato Chips,Chips&Cookie,11,4.99
210000033533,One Degree Brown Rice Crisps Cereal,Packaged_Dry,2,6.49
210000033537,If You Care Trash Bags Kitchen Tall Drawstring 13gal,Bulk_H&B,11,6.79
210000033605,Eden Beans Black Eyed Peas 15 Oz. F,Packaged_Dry,4,4.29
210000033677,yerba mate enlighten mint can 15.5oz guayaki,Beverages,18,3.39
210000033681,empty 00 v caps 750 NOW FOODS,Vitamins,2,31.99
210000033689,Bragg Nutritional Yeast Seasoning,Packaged_Dry,3,7.49
210000033773,Pascha Chocolate Chips Unsweetened,Packaged_Dry,11,14.49
210000033787,Lotus Foods Ramen Millet & Brown Rice  Single K,Packaged_Dry,11,3.09
210000033791,Lotus Foods Ramen Forbidden Black Rice Single K,Packaged_Dry,2,2.99
210000033795,Lotus Foods Ramen Jade Pearl Rice  Single k,Packaged_Dry,7,3.19
210000033845,Mt Vikos Cheese Feta,Milk,12,7.69
210000033941,cotton crew tr-pak navy/nat/bl LARGE maggie's,Bulk_H&B,2,21.99
210000033949,Auromere  Mint-FreeToothpaste,Packaged_H&B,2,9.69
210000033953,Auromere Ayervedic Neem Toothpicks,Packaged_H&B,7,4.29
210000033955,Mad Hippie Vitamin C Serum (E),Packaged_H&B,1,33.99
210000033967,footie black  9-11 maggie's,Bulk_H&B,7,7.99
210000033983,footie white 10-13 maggie's,Bulk_H&B,3,7.99
210000034019,power to sleep pm 2mg melatonin 60liquigels,Vitamins,2,24.99
210000034023,hair follicle stimulator for women 60liquigels,Vitamins,2,46.99
210000034047,mighty moringa 60liquigels,Vitamins,2,24.99
210000034063,prosta strong 90liquigels irwin,Vitamins,4,44.99
210000034075,steel libido for women 75liquigels,Vitamins,3,34.99
210000034079,steel libido for men 75liquigels irwin,Vitamins,2,16.00
210000034081,Boulder Canyon Totally Natural Kettle Cooked Chips,Chips&Cookie,12,4.99
210000034099,kava-6 1 fl. oz AF,Vitamins,1,19.99
210000034190,T-male max 60cps nature's plus,Vitamins,2,42.99
210000034397,Napa Valley Grapeseed Oil,Packaged_Dry,10,16.99
210000034483,glass bottle blue cobalt dropper empty 2oz,Vitamins,16,2.69
210000034541,Cultures for Health Yogurt Starter Traditional,Milk,2,12.99
210000034569,glass empty spice jar shaker clear,Vitamins,22,2.39
210000034591,cotton crew olive 10-13 maggie's,Bulk_H&B,3,9.99
210000034595,cotton crew olive 9-11 maggie's,Bulk_H&B,2,9.99
210000034623,If You Care Parchment Paper,Bulk_H&B,10,7.99
210000034791,Manuka Doctor Honey Manuka 60+ 8.75 oz (20+),Packaged_Dry,1,19.99
210000034839,Better Life Take It For Granite,Bulk_H&B,2,5.99
210000034846,magnesium citrate 90sgls NOW FOODS,Vitamins,2,19.99
210000034850,Gymnema Sylvestre NOW FOODS,Vitamins,1,18.99
210000034861,If You Care Cooking Twine,Bulk_H&B,5,3.79
210000034881,Namaste GF Spice Cake Mix,Packaged_Dry,3,9.99
210000034901,Lotus Foods Ramen Forbidden Black Rice 4 Pack U,Packaged_Dry,1,7.99
210000034905,Lotus Foods Ramen Jade Pearl Rice 4 Pack U,Packaged_Dry,5,7.99
210000034909,Lotus Foods Ramen Millet & Brown Rice 4 Pack K,Packaged_Dry,4,7.59
210000034959,cherry tart concentrate OG 12.5oz,Beverages,7,16.99
210000034987,Andalou Naturals Shampoo Argan,Packaged_H&B,4,10.49
210000034991,Andalou Naturals Conditioner Age Defying for Thinning Hair (E),Packaged_H&B,2,10.49
210000035003,steel libido red irwin,Vitamins,6,29.99
210000035029,Griffin Remedy Foaming Hand Soap Lavender,Packaged_H&B,4,7.49
210000035033,Griffin Remedy Foaming Hand Soap Lemon Verbena,Packaged_H&B,1,7.49
210000035037,Griffin Remedy Creamy Body Wash UNscented,Packaged_H&B,6,10.79
210000035059,If You Care Baking Cups mini,Bulk_H&B,7,2.19
210000035079,Bionaturae Fusilli WW Org 16oz U,Packaged_Dry,9,4.29
210000035225,Guyette Maple Syrup Quart local,Packaged_Dry,3,29.49
210000035245,Dr Bronner's Sugar Hand Soap Peppermint,Packaged_H&B,6,12.29
210000035367,Alter Eco Classic  Dark Truffle  each,Packaged_Dry,21,1.19
210000035371,Alter Eco  Velvet Truffle each,Packaged_Dry,16,1.19
210000035383,black walnut wormwood AF 1oz nature's answer,Vitamins,4,17.99
210000035469,Food For Life GF  Sprouted Bread Original 3 Seed,Bread,10,12.89
210000035539,Thai Kitchen  Curry Paste Green 4oz,Packaged_Dry,2,6.29
210000035581,gentian root 2oz nature's answer,Vitamins,4,22.99
210000035603,Bob's TVP,Packaged_Dry,2,5.29
210000035627,basil holy tulsi OG seeds,Packaged_Dry,5,2.99
210000035631,bring home butterfly flower mix seeds,Packaged_Dry,5,3.49
210000035635,shade flower mix seeds,Packaged_Dry,4,3.49
210000035639,save the bees flower mix,Packaged_Dry,3,3.49
210000035643,Light Mountain Color The Gray Dk Brown,Packaged_H&B,1,11.99
210000035651,cauliflower snowball OG seeds,Packaged_Dry,4,2.69
210000035695,Blue Mountain Org Raw Almond Butter 16 oz,Packaged_Dry,3,18.99
210000035719,throat comfort honey lemon tea OG 16 bags yogi caffeine free,Beverages,10,5.39
210000035731,Kerrygold  Butter Salted,Milk,7,7.19
210000035767,poppy Lauren's grape,Packaged_Dry,4,2.99
210000035861,Olbas Herbal Bath 8oz,Packaged_H&B,3,18.89
210000036115,Frankferd Farms Flour Corn Blue Org 2#,Packaged_Dry,2,6.39
210000036119,Frankferd Farms Flour Corn Meal Blue Org 2#,Packaged_Dry,2,6.39
210000036181,Earth Friendly Window Cleaner ECOS,Bulk_H&B,1,4.39
210000036201,Light Mountain Color The Gray Med Brown,Packaged_H&B,1,11.99
210000036235,Zellie's Gum Peppermint w/xylitol 100 pcs,Packaged_Dry,11,13.49
210000036281,Bionaturae Tomato Diced  Org 28.2 oz U,Packaged_Dry,14,5.99
210000036301,Bionaturae Lasagna Org,Packaged_Dry,2,5.49
210000036493,Tea Tree Therapy Toothpicks Mint,Packaged_H&B,4,4.29
210000036501,nettle 90vcps,Vitamins,2,11.99
210000036527,Woo Bamboo Toothbrush Pet Small,Bulk_H&B,6,4.39
210000036547,empty 000 gelatin capsules 200 NOW FOODS,Vitamins,1,18.99
210000036563,coffee dark chocolate mocha 8oz,Beverages,2,2.89
210000036575,Wise Ways Calendula Body Dusting Powder,Packaged_H&B,3,9.39
210000036594,Cascadian Farms French Fries Straight Cut 16oz.,Frozen,6,7.29
210000036675,South River Sweet Brown Rice Miso16 oz,Milk,14,13.69
210000036723,save the bees flower mix LARGE,Packaged_Dry,2,6.49
210000036731,pepper early jalapeno seeds,Packaged_Dry,2,2.99
210000036747,cranberry  juice 100% 32oz knudsen,Beverages,3,9.99
210000036829,Sno Pac Cranberries Org 8 oz,Frozen,3,4.99
210000036841,Crumbs Cracker Black Pepper,Bread,1,7.39
210000036849,Kerrygold  Butter Unsalted,Milk,17,7.19
210000036857,Native Forest Coconut Milk Powder 5.25oz,Packaged_Dry,5,6.19
210000036877,Late July Classic Nacho  Chips,Chips&Cookie,4,5.79
210000036935,teeccino almond amaretto 11oz,Beverages,1,16.99
210000036953,If you Care Tall Kitchen Bags Compostable 13 gal 12 bags,Bulk_H&B,11,7.99
210000036957,Against The Grain GF Pita Bread Lebanese,Bread,1,5.99
210000037097,VerMints Ginger Mint Org,Packaged_Dry,2,3.39
210000037101,quercetin plus 90tbs,Vitamins,2,25.99
210000037149,Manitoba Harvest Hemp Seeds Hearts 7 oz Org,Packaged_Dry,4,11.59
210000037173,Zellie's Gum Cinnamon w/xylitol 100 pcs,Packaged_Dry,10,13.49
210000037181,sunflower mammoth seeds,Packaged_Dry,3,2.99
210000037273,astaxanthin 4 mg 60sgels NOW FOODS,Vitamins,1,19.99
210000037303,Alter Eco Salted Caramel Truffle Each,Packaged_Dry,17,1.19
210000037307,World Centric Corn Utensils Spoons,Bulk_H&B,6,2.99
210000037311,World Centric Corn Utensils Forks,Bulk_H&B,35,2.99
210000037315,Jason Nail Saver Tea Tree,Packaged_H&B,1,10.29
210000037377,Coryell Clayworks Salt Jar,Bulk_H&B,1,19.29
210000037485,Johnny Pops Bars Berry Burst Org,Milk,1,6.99
210000037813,oil of oregano 90 soft gels nature's answer,Vitamins,2,23.99
210000037817,pine nuts OG 8oz NOW FOODS,Packaged_Dry,2,19.99
210000037825,Wyndmere Refreshing Oil Blend 16,Packaged_H&B,2,14.49
210000037896,New Wave Enviro Drinking  Water Filter Replacement Cartridge,Bulk_H&B,3,8.29
210000037900,New Wave Enviro Drinking  Water Filter Replacement Cartridge for Bacteria,Bulk_H&B,3,13.49
210000037904,Natural Choice Strawberry Fruit Bar box,Frozen,6,5.79
210000037996,Wholesome Sweeteners Sugar Org FTC 32 oz,Packaged_Dry,4,9.59
210000038100,Cultures for Health Greek Yogurt Starter,Milk,2,11.79
210000038120,xclear nasal spray 1.5 oz,Vitamins,1,12.99
210000038134,arnica 12c ollois,Vitamins,5,8.49
210000038138,arnica 30c ollois,Vitamins,8,8.49
210000038142,arnica 200ck ollois,Vitamins,3,9.49
210000038162,Udi's Bread Chia Millet GF,Bread,4,8.29
210000038206,turmeric- 3 90vcps,Vitamins,2,35.99
210000038328,PB8 acidophilus 120cps original,Vitamins,5,26.99
210000038368,spirutein choc 2.1lbs nature's plus,Beverages,4,45.99
210000038410,Ancient Harvest Green Lentil & Quinoa Penne Pow,Packaged_Dry,6,6.19
210000038486,black seed oil 1oz amazing herbs,Vitamins,6,9.99
210000038552,UT Answer 4 oz.,Vitamins,1,34.99
210000038599,dandelion leaf & root tea 16bags traditional medicinals,Beverages,6,6.99
210000038603,chia squeeze strawberry banana 3.5oz,Beverages,6,2.29
210000038630,agar powder 2oz NOW FOODS,Packaged_Dry,2,9.99
210000038704,capsule machine 00,Vitamins,3,19.79
210000038706,capsule machine 0,Vitamins,2,19.99
210000038733,Aura Cacia Rosehip Facial Serum 1oz,Packaged_H&B,2,17.99
210000038735,Fuch's Record V Natural Bristle Toothbrush Adult Hard,Packaged_H&B,1,4.39
210000038736,Eco Nut Milk Bag,Bulk_H&B,4,7.39
210000038788,Coombs Maple Sugar 6oz,Packaged_Dry,6,7.19
210000038796,black seed 90 soft gel amazing herbs,Vitamins,1,29.99
210000038806,Mrs. Meyers Liquid Dish Soap Lemon Verbena,Bulk_H&B,3,6.39
210000038818,Moso Natural Air Purifying Bag Mini x 2,Bulk_H&B,1,9.19
210000038828,Moso Natural Air Purifying Bag Blue Refrigerator,Bulk_H&B,2,6.99
210000038847,sleepy temple 18 bags buddha tea,Beverages,6,7.99
210000038853,calm buddha 18 bags buddha tea,Beverages,2,7.99
210000038857,4th chakra heart 18 bags buddha tea,Beverages,1,8.99
210000038859,divine immunity 18 bags buddha tea,Beverages,2,6.99
210000038873,Maple Hill Greek Yogurt Plain 16,Milk,5,8.19
210000038901,Chico Bag Vita Bliss,Bulk_H&B,2,12.99
210000038905,chico bag original orange bag,Bulk_H&B,2,5.99
210000038907,chico bag original fairway,Bulk_H&B,3,5.89
210000038951,Cadia Vegetable Broth LS Org 32 oz,Packaged_Dry,11,3.69
210000039024,Yum Earth  Licorice Strawberry GF,Packaged_Dry,3,5.99
210000039026,Yum Earth  Licorice Pomegranate GF,Packaged_Dry,1,5.99
210000039048,Ball Mason Jar 8 oz Quilted Jelly Jars single,Bulk_H&B,10,2.19
210000039076,rescue sleep liq melts 28ct,Vitamins,1,12.99
210000039082,Cadia Chicken Broth Org 32 oz,Packaged_Dry,11,3.69
210000039084,Cadia Cookies Maple Org,Packaged_Dry,1,6.19
210000039100,Native Forest JackFruit Org,Packaged_Dry,5,5.69
210000039122,Evolution Salt Air Therapy Ceramic Inhaler,Packaged_H&B,2,27.29
210000039140,Belgioioso Parmesan Cheese  Wedge 5 oz,Milk,11,3.59
210000039146,Imagine Wild Mushroom Gravy,Packaged_Dry,1,3.49
210000039167,Cadia Mango Org,Frozen,9,4.69
210000039179,blood builder 60tbs,Vitamins,2,27.99
210000039181,turmeric strength 60tbs,Vitamins,3,27.99
210000039182,slippery elm 1oz OWH,Vitamins,1,19.99
210000039210,echinacea 90vcps OWH,Vitamins,1,24.99
210000039212,olive leaf extract 90vcps OWH,Vitamins,2,27.99
210000039236,wormwood 90vcps OWH,Vitamins,3,24.99
210000039238,cascara sagrada 90vcps,Vitamins,1,10.00
210000039244,So Delicious Coco Whip Lite Org,Milk,8,5.49
210000039253,dandelion root tea 18 bags buddha tea,Beverages,3,7.99
210000039259,third eye chakra tea 18 bags buddha tea,Beverages,4,8.99
210000039279,Jeff's Naturals sliced Jalapenos,Packaged_Dry,2,4.19
210000039281,Let's Do Organic Corn Starch,Packaged_Dry,7,4.99
210000039287,Desert Essence Neem Mouthwash Cinnamint,Packaged_H&B,3,9.49
210000039297,Wyndmere PURE Frankincense Oil 100% 16,Packaged_H&B,3,29.99
210000039320,Bionaturae Spaghetti Org U,Packaged_Dry,14,4.79
210000039405,Frankincense & Myrrh Neuropathy Rubbing Oil,Packaged_H&B,2,28.59
210000039479,Woodstock Farms Raspberries,Frozen,6,9.29
210000039501,Cadia Salsa Hot Org 16 oz,Packaged_Dry,12,5.19
210000039505,Cadia Sweet Corn Org 1 lb.,Frozen,4,5.19
210000039507,Cadia Broccoli Florets Org 16 oz,Frozen,14,4.69
210000039509,Wild Planet Skipjack Light Tuna,Packaged_Dry,5,4.99
210000039517,ginseng panax single vial,Beverages,2,0.79
210000039532,Amy's  Pizza Roasted Veggie  12oz,Frozen,1,14.99
210000039539,Andalou Naturals Styling Cream Argan & Sweet Orange,Packaged_H&B,4,8.50
210000039547,black cohosh 90vcps,Vitamins,2,12.50
210000039559,dandelion root 90vcps,Vitamins,1,25.99
210000039579,Zellie's Gum Spearmint w/xylitol 100 pcs,Packaged_Dry,11,13.49
210000039587,Cadia Tomato Sauce Org 15 oz,Packaged_Dry,9,2.99
210000039595,chestal w/honey 6.7 oz,Vitamins,1,13.99
210000039608,Skoy Scrub 2 ct.,Bulk_H&B,4,9.99
210000039619,silver mist spray 10ppm 1oz,Vitamins,5,9.99
210000039661,pepper sweet cali wonder orange,Packaged_Dry,1,3.49
210000039671,melatonin t/r 3mg 60tbs source naturals,Vitamins,3,9.89
210000039677,Cadia Tomato Paste Org 6 oz,Packaged_Dry,7,1.89
210000039679,Cadia  Maple Syrup Org Dark Robust 12oz,Packaged_Dry,4,11.89
210000039681,Cadia Tuna Albacore NS 5 oz,Packaged_Dry,4,4.19
210000039683,Cadia Tuna Albacore 5 oz,Packaged_Dry,5,3.89
210000039700,Bioastin supreme 60sgls,Vitamins,1,29.89
210000039704,Nature's Path  Granola Love Crunch Choc/Peanut Butter,Packaged_Dry,3,7.59
210000039724,Mad Hippie Face Cream,Packaged_H&B,1,24.99
210000039728,Light Mountain Hair Color the Gray Light brown,Packaged_H&B,3,11.39
210000039769,Cadia Mayonnaise Org 32oz,Packaged_Dry,4,11.79
210000039811,Wise Ways Calendula Oil  5oz,Packaged_H&B,3,13.99
210000039850,Nubian Heritage African Black Soap Deodorant 2.5oz,Packaged_H&B,5,11.39
210000039852,Auromere Ayurvedic Neem Plus 5 Herbs Shampoo 16 oz,Packaged_H&B,1,11.49
210000039870,GladRags Panty Liner (1) Assorted Colors,Bulk_H&B,2,9.69
210000039892,Cadia Pasta Farfalle Org,Packaged_Dry,6,3.59
210000039894,Cadia Pasta Spaghetti Org 16 oz,Packaged_Dry,7,3.59
210000039914,Edward & Sons Bouillon Not-Beef,Packaged_Dry,9,3.39
210000039916,Quorn Meatless Chicken Pieces,Frozen,14,6.39
210000039924,Frankferd Farms Alfalfa Seeds 1# Org,Packaged_Dry,1,19.99
210000039926,South River Miso Garlic Red Pepper 16 oz,Milk,13,15.49
210000039928,South River Miso Dandelion Leek 16 oz,Milk,15,19.49
210000039950,Namaste GF Egg Replacer 12 oz,Packaged_Dry,3,10.99
210000039974,AppleGate Chicken & Maple Breakfast Sausage Links,Meat,16,6.19
210000039992,cotton crew white 9-11 maggie's,Bulk_H&B,2,9.99
210000039994,cotton crew white 10-13 maggie's,Bulk_H&B,4,9.99
210000039998,cotton crew natural xl 14-16 maggie's,Bulk_H&B,1,9.99
210000040000,cotton crew tri-pack denim/egg/navy MEDIUM maggie's,Bulk_H&B,1,21.99
210000040002,cotton crew tie dye lite 9-11 maggie's,Bulk_H&B,2,17.99
210000040004,cotton crew tie dye lite 10-13 maggie's,Bulk_H&B,3,17.99
210000040038,5th chakra 18 bags buddha tea,Beverages,4,8.99
210000040040,crown chakra tea 18 bags buddha tea,Beverages,4,8.99
210000040042,solar plexus chakra tea 18 bags buddha tea,Beverages,2,8.99
210000040044,sacral chakra tea 18 bags buddha tea,Beverages,3,8.99
210000040046,root chakra tea 18 bags buddha tea,Beverages,2,8.99
210000040077,power to sleep pm 60gls pm 6 mg melatonin irwin,Vitamins,1,27.99
210000040079,power to sleep pm 50gls pm melatonin free irwin,Vitamins,4,27.99
210000040087,Wholesome Sweeteners Sugar Org Fair Trade 64 oz,Packaged_Dry,2,12.99
210000040158,To Go Ware bamboo utensil set avocado,Bulk_H&B,1,10.99
210000040162,To Go Ware bamboo utensil set mulberry,Bulk_H&B,1,11.99
210000040168,To Go Ware bamboo utensil set indigo,Bulk_H&B,2,11.99
210000040227,cosmos sensation seeds,Packaged_Dry,5,3.49
210000040229,lavender tall english,Packaged_Dry,3,2.69
210000040282,elderberry fluid extract 4oz planetary herbals,Vitamins,2,18.99
210000040314,Celtic Sea Salt Light Gray 1lb Pouch,Packaged_Dry,7,8.19
210000040361,Nutiva Coconut Oil w/Buttery Flavor Org 14oz,Packaged_Dry,4,12.49
210000040381,Cadia Mayonnaise Org 16 oz,Packaged_Dry,1,6.69
210000040393,Cadia Pasta Brown Rice Elbows GF,Packaged_Dry,3,3.69
210000040395,Cadia Mustard Dijon Org 8oz,Packaged_Dry,4,2.99
210000040421,Chocolove Extreme Dark Chocolate 88% 3.2 oz,Packaged_Dry,1,4.79
210000040425,Chocolove Salted Almond Butter Dark Chocolate 55% 3.2 oz,Packaged_Dry,7,5.39
210000040449,Cadia Tuna Tongol Lt NS 5 oz,Packaged_Dry,7,2.89
210000040457,Cadia Tuna Tongol 5 oz,Packaged_Dry,3,2.99
210000040459,Cadia Mustard Yellow Squeeze Org 14oz,Packaged_Dry,2,3.39
210000040471,footie navy star 10-13  maggie's,Bulk_H&B,1,7.99
210000040551,All Terrain Poison Ivy/Oak Bar,Packaged_H&B,2,8.89
210000040574,Henry & Lisa Fish Nuggets GF 12oz,Meat,2,14.99
210000040596,black seed oil 8oz amazing herbs,Vitamins,1,29.99
210000040643,Frankferd Farms Grated Parmesan 1 lb,Milk,6,10.19
210000040649,Nada Moo Chocolate,Milk,5,9.69
210000040651,Nada Moo Vanilla,Milk,3,8.59
210000040653,Cadia Salsa  Mild 16 oz,Packaged_Dry,12,5.29
210000040661,Ball Mason Jar Quart Wide Mouth 32oz Single,Bulk_H&B,14,2.69
210000040671,Shanthimalai Red Nag Champa Incense 40 Grams,Bulk_H&B,11,4.89
210000040673,Sai Baba Nag Champa Incense 15 gram (Blue Box),Bulk_H&B,1,2.29
210000040679,DGL 200tbs,Vitamins,2,24.99
210000040683,Explore Black Bean Spaghetti 8 oz,Packaged_Dry,10,7.39
210000040727,GoMacro Bar Coconut Almond Butter & Chocolate Chip Org GF Minis,Packaged_Dry,7,13.29
210000040733,dandy blend OG 3.5oz,Beverages,3,9.99
210000040743,Auromere Ayurvedic Tulsi-Neem Bar 2.75oz,Packaged_H&B,1,3.99
210000040847,broccoli sprouts seeds,Packaged_Dry,4,6.49
210000040877,Jovial Beans Borlotti   13 Oz. U,Packaged_Dry,3,4.39
210000040879,Jovial Beans Chickpeas Org.  13 Oz. U,Packaged_Dry,6,4.99
210000040881,Jovial GF Brown Rice Farfalle K,Packaged_Dry,10,6.29
210000040953,Better Life Naturally Dust-Defying Wood Polish,Bulk_H&B,3,6.99
210000040954,hypnotic sleep aid 1oz four elements,Vitamins,3,17.99
210000040964,Four Elements Vein Cream,Packaged_H&B,3,26.99
210000040968,Four Elements Jewelweed Chickweed bar soap 3.8oz,Packaged_H&B,3,5.99
210000041013,UT Answer 90vcps,Vitamins,1,32.99
210000041023,Celtic Sea Salt  Light Gray 3 oz  w/Grinder,Packaged_Dry,8,9.99
210000041043,Aloha Bay Natural Coconut Tea Light Candles 12-pack,Bulk_H&B,2,4.39
210000041045,Cultures for Health Water Kefir Grains,Milk,3,17.49
210000041047,Cultures for Health Kefir Starter,Milk,2,13.99
210000041049,Jovial  Flour  Einkorn Whole Wheat 32 oz,Packaged_Dry,5,12.59
210000041069,Naturezway Bamboo Bath Tissue 6 Pack,Bulk_H&B,1,8.29
210000041073,AppleGate Chicken & Maple Breakfast Sausage Patties,Meat,9,6.19
210000041075,MSM powder 8oz NOW FOODS,Vitamins,1,13.99
210000041085,glass bottle empty amber w/CAP 2oz,Vitamins,30,1.59
210000041087,green tea OG 100ct prince,Beverages,3,9.99
210000041099,Lily's Dark Chocolate Chips Stevia Sweetened,Packaged_Dry,6,9.99
210000041101,Simply Organic  Ranch Dip Mix,Packaged_Dry,10,2.79
210000041134,magnesium kalmassure orange powder 1.15lbs nature's plus,Vitamins,2,26.95
210000041156,diatomaceous earth pure food grade for pets and people 9oz lumino,Bulk_H&B,5,12.69
210000041164,Light Mountain Hair Color Bright Red,Packaged_H&B,2,9.99
210000041174,Celtic Sea Salt  Light Gray  Shaker 8 oz,Packaged_Dry,6,8.99
210000041182,To Go Ware kids bamboo utensil set orange,Bulk_H&B,1,8.49
210000041184,To Go Ware kids bamboo utensil set berry,Bulk_H&B,1,8.49
210000041186,To Go Ware kids bamboo utensil set kiwi,Bulk_H&B,1,8.49
210000041260,Ancient Harvest Red Lentil & Quinoa Rotini Pow,Packaged_Dry,7,5.99
210000041292,L lysine 1000mg 100tbs NOW FOODS,Vitamins,1,16.99
210000041330,psyllium husk 180 vcps,Vitamins,2,17.99
210000041342,Bragg Coconut Liquid Aminos 10oz,Packaged_Dry,4,8.99
210000041361,stevia powder organic 4oz NOW FOODS,Packaged_Dry,2,27.89
210000041363,stevia powder organic 1oz NOW FOODS,Packaged_Dry,2,8.99
210000041395,maitake mushrooms dried OG .5oz Mycological,Packaged_Dry,2,4.89
210000041397,shiitake dried .5oz,Packaged_Dry,2,3.99
210000041399,porcini mushrooms dried OG .5oz Mycological,Packaged_Dry,4,6.99
210000041401,maitake mushrooms dried OG 1oz Mycological,Packaged_Dry,2,6.99
210000041403,porcini mushrooms dried OG 1oz Mycological,Packaged_Dry,8,11.99
210000041405,shiitake mushrooms dried sliced OG 1oz Mycological,Packaged_Dry,6,5.99
210000041409,wood ear mushrooms dried OG .75oz,Packaged_Dry,2,4.99
210000041421,Bob's Rice Flour Brown Org,Packaged_Dry,4,8.89
210000041439,Frankferd Farms Flour Brown Rice 2# Organic,Packaged_Dry,2,6.29
210000041441,Frankferd Farm Buckwheat Flour 2# Org,Packaged_Dry,3,8.19
210000041443,Frankferd Farm Buckwheat Toasted Hulled (KASHA) 1# Org,Packaged_Dry,4,6.49
210000041445,Cheese Wire,Bulk_H&B,2,6.19
210000041453,Eden Wasabi .88 oz,Packaged_Dry,5,6.99
210000041457,Debra-Lynn Hook greeting card,reports_inventory_listings_assets,14,3.50
210000041463,Griffin Remedy Creamy Body Wash Frankincense,Packaged_H&B,5,10.29
210000041516,Senzacare Bamboo Toothbrush Soft child Kids,Packaged_H&B,6,4.49
210000041518,Senzacare Bamboo Toothbrush Adult Soft,Packaged_H&B,6,4.49
210000041524,Senzacare Bamboo Make-up Brush Set,Packaged_H&B,1,13.89
210000041544,Sunbeam Candles Beeswax Lotus Flower,Bulk_H&B,2,20.00
210000041570,Heritage Activated Charcoal Toothpaste,Packaged_H&B,1,10.79
210000041574,Raw Revolution Glo Chocolate Chip Cookie Dough,Packaged_Dry,9,3.29
210000041596,umcka cold & flu berry syrup 4oz,Vitamins,2,24.99
210000041634,Blue Mountain Almond Butter Raw Org Sprouted 16 oz,Packaged_Dry,7,25.59
210000041640,Let's Do Organic Coconut Cream Heavy 13.5 oz,Packaged_Dry,19,4.29
210000041652,Eden Beans Navy  15 Oz. K,Packaged_Dry,5,3.69
210000041655,Dr. Bronner's Magic Balm Baby Mild Unscented Org,Packaged_H&B,6,10.99
210000041657,Dr. Bronner's Magic Balm Arnica-Menthol Org,Packaged_H&B,5,14.59
210000041698,Earth Therapeutics Footsie Massager,Packaged_H&B,2,10.49
210000041704,honees drops,Vitamins,20,1.49
210000041733,clove oil 1oz NOW FOODS,Packaged_H&B,5,7.39
210000041745,B12 methyl 5000mcg 90vcpa NOW FOODS,Vitamins,1,29.99
210000041762,frankincense oil 1oz NOW FOODS,Packaged_H&B,3,24.99
210000041780,catnip OG seeds,Packaged_Dry,5,2.99
210000041786,butterhead buttercrunch lettuce seeds,Packaged_Dry,3,2.99
210000041788,marigold french naughty marietta,Packaged_Dry,5,2.69
210000041790,calendula resina seeds,Packaged_Dry,4,2.99
210000041834,amaranth burgundy seeds,Packaged_Dry,4,2.69
210000041838,milkweed common seeds,Packaged_Dry,5,3.49
210000041840,flower mix grandmother cut seeds,Packaged_Dry,3,3.49
210000041846,sunflower lemon queen seeds,Packaged_Dry,3,3.49
210000041860,mustard red giant seeds,Packaged_Dry,4,2.69
210000041913,moringa leaf 1oz,Vitamins,1,13.00
210000041925,Woodstock Farms Shiitake Mushrooms,Frozen,9,4.99
210000041935,Chickapea ChickPeas &  Yelllow Peas Shells 8 oz,Packaged_Dry,5,5.49
210000041941,Pacific  Mushroom Broth GF Org,Packaged_Dry,7,6.29
210000041949,Amy's Soup Vegetable Southwestern,Packaged_Dry,12,5.99
210000041955,Sunbeam Candles Beeswax Love Pillar 3x4,Bulk_H&B,1,24.00
210000041959,Sunbeam Candles 3 x 4 Manifestation Queen Bee,Bulk_H&B,1,26.00
210000041965,Ener-C  raspberry pkt,Beverages,24,0.69
210000041973,Aura Cacia Empty Amber Glass Roll-On Bottle,Bulk_H&B,3,4.69
210000041985,Sophi Nail Polish Rome-ance Me,Packaged_H&B,3,7.99
210000042029,Wyndmere Birch Sweet 10mL 22,Packaged_H&B,1,7.69
210000042031,Blue Mountain Org Raw European Almond Butter,Packaged_Dry,7,18.99
210000042039,Jeff's Naturals Castelvetrano Olives Pitted U,Packaged_Dry,7,8.49
210000042043,Califia Creamer Unsweet Almond Coconut 16.9 oz,Milk,7,4.99
210000042049,coconut water ginger lime turmeric 17.5oz c2o,Beverages,20,3.89
210000042056,turmeric whole-body extra 60liquigels irwin,Vitamins,1,25.99
210000042076,Griffin Remedy Lotion Lemon Verbena 8 oz.,Packaged_H&B,7,11.49
210000042078,Griffin Remedy Lotion Bulgarian Lavender 8 oz.,Packaged_H&B,8,11.49
210000042084,Bob's  Cornmeal Med Org,Packaged_Dry,3,5.39
210000042107,"Sophi Nail Prime, Shine, Seal System",Packaged_H&B,1,14.89
210000042142,Henry & Lisa's Salmon Burgers,Meat,4,14.99
210000042164,green tea OG 20ct prince,Beverages,2,2.69
210000042176,kids chestal cough & cold 6.7 oz,Vitamins,2,12.99
210000042182,hair revive 120cps ridgecrest herbals,Vitamins,2,45.99
210000042202,Gardens Alive Moth Trap 2 pack,Bulk_H&B,2,10.79
210000042212,Dr. Bronner's Organic Hair Rinse Citrus,Packaged_H&B,3,12.19
210000042220,Sophi Nail Polish Boyfriend Abroad,Packaged_H&B,2,7.99
210000042228,Heavenly Organics Dark Chocolate Honey Pattie,Packaged_Dry,1,0.49
210000042264,Bob's  Corn Flour Masa Harina Org,Packaged_Dry,3,6.99
210000042302,B12 OG whole food 60vcps nature's plus,Vitamins,3,19.99
210000042310,D 3 OG whole food 60vcps nature's plus,Vitamins,3,24.99
210000042322,zero calorie black cherry soda can,Beverages,16,1.59
210000042346,South River Miso Hearty Brown Rice16 oz,Milk,11,15.99
210000042370,Dr. Bronner's Organic Hair Creme Lavender,Packaged_H&B,1,10.19
210000042376,nasal spray 1.5fl oz saline & aloe,Vitamins,2,15.99
210000042378,pumpkin seed extract 1oz,Vitamins,2,15.99
210000042404,Terracotta  Sun Aromatherapy  Stone Flat,Bulk_H&B,4,7.99
210000042433,Light Mountain Color The Gray Red,Packaged_H&B,2,11.39
210000042443,Genial Day Reg 10 CT Pads,Bulk_H&B,7,6.79
210000042492,Nature's Alchemy Ylang Ylang Essential Oil .5oz,Packaged_H&B,1,15.55
210000042514,Nature's Alchemy Myrrh Essential Oil .5oz,Packaged_H&B,3,35.69
210000042516,Nature's Alchemy Mandarin Essential Oil .5oz,Packaged_H&B,2,8.49
210000042518,Nature's Alchemy Lemon Essential Oil .5oz,Packaged_H&B,1,5.19
210000042522,Nature's Alchemy Lavandin Essential Oil .5oz,Packaged_H&B,1,5.79
210000042530,Nature's Alchemy Juniper Berry Essential Oil .5oz,Packaged_H&B,4,15.12
210000042552,Late July Blue Corn Dippers,Chips&Cookie,9,5.79
210000042618,Alter Eco Dark Chocolate Sea Salt Truffle each,Packaged_Dry,24,1.19
210000042628,Mad Hippie Face Cream Anti-Wrinkle,Packaged_H&B,1,28.19
210000042636,Celtic Sea Salt Fine Ground 8 oz Shaker,Packaged_Dry,11,11.89
210000042642,GladRags 3 Pack Panty Liner Organic Undyed,Bulk_H&B,1,28.99
210000042674,Simple Mills Cracker Almond Rosemary & Salt GF,Packaged_Dry,5,5.89
210000042676,If You Care Paper Snack & Sandwich Bags,Bulk_H&B,2,5.99
210000042680,lip balm vanilla tangerine OG singing dog,Packaged_H&B,17,2.79
210000042699,kombucha seasonal 16oz gt's,Beverages,17,4.69
210000042705,Crystal Rock Deodorant Pink 4.25 oz,Packaged_H&B,1,7.49
210000042707,Heavenly Organics Honey Pattie Peppermint Bags,Packaged_Dry,2,6.99
210000042713,Heavenly Organics Honey Pattie Peppermint 3 Pack,Packaged_Dry,4,1.89
210000042717,Heavenly Organics Honey Pattie Double Dark Chocolate 3 Pack,Packaged_Dry,11,1.89
210000042721,Heavenly Organics  Honey Pattie Almond 3 Pack,Packaged_Dry,16,1.89
210000042775,Wizard Worcestershire Sauce 8.5 oz GF,Packaged_Dry,11,8.99
210000042797,Blue Mountain Org European Raw Almond Butter Sprouted 16 oz,Packaged_Dry,4,24.99
210000042855,niacinamide 500mg 100cps NOW FOODS,Vitamins,2,12.99
210000042863,fish oil 6.7oz,Vitamins,1,28.99
210000042873,valerian 1oz,Vitamins,1,16.99
210000042941,theanine serene 60tbs source naturals,Vitamins,1,19.99
210000042949,green jasmine tea 20bags,Beverages,4,3.39
210000042951,black tea OG 20 bags prince of peace,Beverages,2,2.99
210000043013,water mountain valley sparkling 33.8oz/ liter,Beverages,11,4.19
210000043029,"Amy's Organic Soups - Quinoa, Kale & Red Lentil",Packaged_Dry,12,5.99
210000043033,Belgioioso Mozzarella Ball Fresh 8 oz,Milk,10,3.99
210000043092,Light Mountain Hair Color Light Brown,Packaged_H&B,4,9.99
210000043094,Frankferd Farms No-Salt Dry-Roasted Runner Peanuts Org 16oz,Packaged_Dry,6,5.89
210000043118,Sage Spirit White Sage Smudge Stick Large 8-9,Bulk_H&B,2,15.69
210000043133,True CBD Hemp Oil 350 mg,Packaged_H&B,3,40.00
210000043135,Blue Mountain Cashew Butter,Packaged_Dry,6,12.99
210000043137,Caulipower Cauliflower Pizza Crust 12 oz.,Bread,3,8.99
210000043181,Nutiva Coconut Oil Liquid Org 8 oz,Packaged_Dry,4,16.99
210000043195,Dr. Bronner's Toothpaste Peppermint (Travel)KEHE,Packaged_H&B,17,2.99
210000043207,Eden Apple Sauce w/Strawberries,Packaged_Dry,1,8.99
210000043237,thrive probiotic 30cps,Vitamins,1,35.00
210000043253,Chico Bag vita watercolor blue,Bulk_H&B,2,11.49
210000043255,silver cap 10ppm 32oz,Vitamins,1,74.99
210000043269,Wyndmere Linden Blossom Absolute 22,Packaged_H&B,2,14.99
210000043277,Real Salt Shaker Kosher 10 oz,Packaged_Dry,5,7.29
210000043295,Nutiva MCT Oil From Coconut Org 16 oz,Packaged_Dry,2,26.49
210000043299,calcium citrate 250tbs NOW FOODS,Vitamins,2,23.00
210000043311,chipotle dried chili peppers OG 2oz,Packaged_Dry,1,5.89
210000043317,oyster mushrooms dried OG.5oz Mycological,Packaged_Dry,1,3.99
210000043365,Desert Essence Dental Tape Tea Tree Floss,Packaged_H&B,6,4.39
210000043409,Better Than Bouillon Organic Chicken Base Bouillon 8 oz,Packaged_Dry,1,8.99
210000043450,Bob's Baking Flour 1 to 1  GF 22 oz,Packaged_Dry,4,6.99
210000043486,Sunfood Org Black Botija Olives 8oz,Packaged_Dry,4,17.99
210000043524,golden milk super blend 6 oz sunfood,Beverages,2,14.69
210000043528,Flax4Life  Brownie GF Single,Bread,3,1.99
210000043532,Frankferd Farm Buckwheat Raw Hulled Groats 1# Org,Packaged_Dry,3,5.79
210000043568,wool killington mountain hiker purple socks 9-11 maggie's,Bulk_H&B,1,21.69
210000043591,Sandy Smith aprons,reports_inventory_listings_assets,2,22.50
210000043618,yerba mate sparkling grapefruit ginger can 12oz guayaki,Beverages,12,2.99
210000043626,yerba mate sparkling cranberry pomegranate can 12oz guayaki,Beverages,33,2.99
210000043638,Aura Cacia Aromatherapy Car Diffuser,Bulk_H&B,1,13.00
210000043640,Crown Prince Smoked Oysters 3 oz,Packaged_Dry,6,5.49
210000043666,blood sugar tea 18 bags,Beverages,3,6.39
210000043668,Bob's Flaxseed Meal Org 16 oz,Packaged_Dry,3,6.99
210000043670,Bob's Flaxseed Brown Org 13 oz,Packaged_Dry,5,4.59
210000043686,Griffin Remedy Foaming Hand Soap Peppermint Tea Tree,Packaged_H&B,4,7.49
210000043690,Aura Cacia Mineral Bath Warming Balsam Fir,Packaged_H&B,3,4.59
210000043702,blood pressure tea 18 bags,Beverages,2,6.99
210000043736,Hidden Mandala Coloring Book,Bulk_H&B,1,12.99
210000043760,Sjaaks Chocolate Stocking w/Almond  Butter,Packaged_Dry,3,6.45
210000043772,Navitas Cacao Powder Org 8oz,Packaged_Dry,1,12.59
210000043840,Bionaturae Tomato Crushed Org 28.2 oz U,Packaged_Dry,6,5.99
210000043857,Swoffle Gluten Free Stroopwafels Vanilla Org,Packaged_Dry,11,1.99
210000043871,Epic Salmon Strip Smoked Maple .8oz,Meat,20,2.49
210000043874,Ecos Rinse Aid 8oz,Bulk_H&B,2,6.19
210000043902,Ark Naturals Dental Chews (Mini),Bulk_H&B,4,6.89
210000043904,DR. Bronner's Organic Shave Soap Lemongrass Lime,Packaged_H&B,5,11.49
210000043915,Peace & Quiet relaxing kit gift set,Packaged_H&B,2,22.99
210000043954,glass bottle empty amber w/MISTER 2oz,Vitamins,18,2.29
210000043956,Sunbeam Candles Star,Bulk_H&B,1,14.29
210000043966,Bob's  Almond Flour Blanched Finely Ground/Super Fine GF 16 oz,Packaged_Dry,5,13.89
210000043990,Cascadian Farms Potatoes Spud Puppies16oz.,Frozen,8,7.39
210000043994,calcium coral magnesium 2:1 180cps source naturals,Vitamins,3,29.99
210000043996,Oreganol 1oz,Vitamins,2,43.99
210000044004,Alba Botanica Acne Scrub 8oz,Packaged_H&B,3,11.29
210000044009,basil lemon OG seeds,Packaged_Dry,8,2.69
210000044017,tarragon mexican seeds,Packaged_Dry,5,4.49
210000044019,calendula zeolights seeds,Packaged_Dry,3,2.99
210000044023,hollyhock outhouse seeds,Packaged_Dry,5,3.49
210000044025,larkspur blue seeds,Packaged_Dry,4,2.99
210000044041,corn sweet true gold seeds,Packaged_Dry,4,4.49
210000044045,cucumber marketmore OG seeds,Packaged_Dry,3,3.49
210000044067,pumpkin howden seeds,Packaged_Dry,5,4.49
210000044073,tomato cherry artisan seeds,Packaged_Dry,7,3.49
210000044081,watermelon sugarbaby,Packaged_Dry,3,3.49
210000044085,Cover crop buckwheat LARGE PKT Seeds,Packaged_Dry,3,5.99
210000044087,Cover crop soil builder LARGE PKT Seeds,Packaged_Dry,5,5.99
210000044095,cilantro/coriander LARGE PKT seeds,Packaged_Dry,9,5.99
210000044137,Native Forest Coconut Cream Heavy 5.4,Packaged_Dry,13,2.59
210000044163,Epic Venison Steak Sea Salt Pepper Strip .8oz,Meat,39,2.49
210000044179,Better Life Floor Cleaner,Bulk_H&B,2,9.89
210000044181,Better Life Stainless Steel Polish,Bulk_H&B,4,5.89
210000044193,Wise Ways Arnica Boswellia cream 1oz,Packaged_H&B,5,10.99
210000044203,Yum Earth Licorice Black GF,Packaged_Dry,5,6.99
210000044223,kombucha seasonal 14oz brew dr.,Beverages,10,3.99
210000044253,Lundberg Thin Stackers Red Rice & Quinoa No Salt Org,Chips&Cookie,6,5.69
210000044264,Koyo Ramen Garlic Pepper Low Sodium U,Packaged_Dry,5,2.19
210000044268,liver kidney 90vcaps organic india,Vitamins,1,24.99
210000044272,kombucha clear mind 14oz brew dr,Beverages,8,3.99
210000044276,kombucha superberry 14oz brew dr,Beverages,4,3.99
210000044294,Amy's Soup Lentil LS GF,Packaged_Dry,7,5.99
210000044308,balanced B complex 60tbs,Vitamins,3,29.99
210000044310,Dead Sea Magic Minerals Bath Salts,Bulk_H&B,3,13.59
210000044314,naturally loveable essential oil 1oz NOW FOODS,Packaged_H&B,4,13.99
210000044316,peace love and flowers essential oil 1oz NOW FOODS,Packaged_H&B,5,17.99
210000044448,Maya Kaimal Everyday Dal Red Lentil + Butternut Squash + Coconut,Packaged_Dry,4,4.99
210000044496,echinacea purple coneflower seeds,Packaged_Dry,3,2.99
210000044522,zero calorie orange soda can zevia,Beverages,30,1.59
210000044530,zero calorie grape soda can zevia,Beverages,5,1.59
210000044534,zero calorie cola caffeine free soda can zevia,Beverages,17,1.59
210000044552,zero calorie cherry cola soda can zevia,Beverages,31,1.59
210000044554,Coffee Grinder Brush,Bulk_H&B,1,3.89
210000044556,E-Cloth Window Cleaning (2),Bulk_H&B,2,13.99
210000044566,honees menthol drops,Vitamins,11,1.49
210000044568,honees milk & honey drops,Vitamins,9,1.49
210000044578,salad mix sprouts seeds LARGE,Packaged_Dry,7,5.99
210000044580,bring home the butterflies seed mix LARGE,Packaged_Dry,4,6.49
210000044599,green tea super antioxidant 16 bags yogi,Beverages,9,5.39
210000044658,Chocolove Milk Chocolate 3.2 oz,Packaged_Dry,10,5.39
210000044678,cotton ragg sock chestnut 9-11 maggie's,Bulk_H&B,3,11.99
210000044680,cotton ragg sock chestnut 10-13 maggie's,Bulk_H&B,2,11.99
210000044694,kombucha alive cider pu-erh root beer 16oz gt's,Beverages,13,4.69
210000044745,honey chai turmeric vitality tea 16 bags yogi caffeine free,Beverages,10,5.39
210000044747,mango ginger 16 bags yogi caffeine free,Beverages,9,5.39
210000044761,Lanolin 7oz NOW FOODS,Packaged_H&B,6,12.99
210000044763,lemon oil 1oz NOW FOODS,Packaged_H&B,4,6.49
210000044765,lemongrass oil 1oz NOW FOODS,Packaged_H&B,4,7.99
210000044767,grapefruit oil 1oz NOW FOODS,Packaged_H&B,3,9.99
210000044769,Navitas Maca Powder Org 8oz,Packaged_Dry,1,14.39
210000044777,Berlin Alb Gold Spaghetti White Org,Packaged_Dry,1,7.99
210000044791,Alba Botanica Mineral Sunscreen  SPF 45 Sport,Packaged_H&B,6,14.69
210000044805,South River Miso Chickpea Barley 16 oz,Milk,9,15.49
210000044807,"Seventh Generation Disinfectant Eucalyptus, Spearmint, Thyme",Bulk_H&B,4,8.79
210000044821,stress defy 84 softgels,Vitamins,2,24.00
210000044823,maca root 75 liquigels,Vitamins,1,33.32
210000044837,testosterone up red 60 liquigels irwin,Vitamins,5,39.99
210000044839,5 htp extra 60 liqigels Irwin naturals,Vitamins,1,25.99
210000044858,Edward & Sons Bouillon Garden Vegetable K,Packaged_Dry,5,3.29
210000044870,Tony's Chocolonely Milk Chocolate 6 oz,Packaged_Dry,10,7.89
210000044872,Tony's Chocolonely Dark Chocolate 6 oz,Packaged_Dry,4,7.99
210000044898,Palo Santo Standard Bulk Sticks,Bulk_H&B,33,1.59
210000044920,vit C -400 ultra 60tbs,Vitamins,3,33.99
210000044962,Natural Value Pasta Sauce Tomato Basil Org,Packaged_Dry,2,4.59
210000044980,Honey Mama's Cacao-Truffle Bar Coconut Fudge,Milk,11,5.59
210000045005,Wise Ways Meno Moist,Packaged_H&B,2,12.59
210000045007,Wise Ways Black Blood Root Drawing Salve 2oz,Packaged_H&B,2,20.59
210000045036,magnesium spray 100% pure 8 oz NOW FOODS,Packaged_H&B,1,11.99
210000045038,Xyliwhite Platinum cinnafresh Toothpaste 6.4 oz NOW FOODS,Packaged_H&B,2,6.99
210000045040,Xyliwhite  coconut oil Toothpaste  6.4 oz NOW FOODS,Packaged_H&B,2,6.99
210000045044,L-arginine 500mg 100cps NOW FOODS,Vitamins,2,11.99
210000045052,CBD mint tea buddha tea,Beverages,2,19.99
210000045054,CBD matcha green tea buddha tea,Beverages,3,19.99
210000045062,jar glass amber empty 2oz,Vitamins,19,2.79
210000045068,glass bottle empty amber w/DROPPER 2oz,Vitamins,29,1.79
210000045086,Honey Mama's Cacao-Truffle Bar Lavender Rose,Milk,14,5.59
210000045090,Barnana Plantain Chips Salted Org 5 oz,Chips&Cookie,2,5.69
210000045092,Bob's Flaxseed Golden Org 13 oz,Packaged_Dry,5,4.79
210000045096,milk thistle liver detox 60sgls irwin,Vitamins,4,29.99
210000045110,Stevia English Toffee 2oz NOW FOODS,Packaged_Dry,1,11.99
210000045114,Beyond Meat Beyond Burger Vegan,Frozen,7,8.89
210000045164,Griffin Remedy Lotion Phytoplankton Geranium 8 oz.,Packaged_H&B,5,19.99
210000045213,echinacea purpurea 400mg 100vcps NOW FOODS,Vitamins,1,11.99
210000045242,xylichew black licorice gum 12pcs,Packaged_Dry,16,1.99
210000045254,dandelion spice detox tea 16 bags yogi caffeine free,Beverages,5,5.39
210000045269,sparkling water lemon lime can waterloo,Beverages,12,0.99
210000045281,aloe vera stomach formula pink label 2oz,Beverages,4,2.19
210000045283,Helen's Silk-wrapped Chopsticks,Bulk_H&B,1,4.29
210000045289,cordyceps powder OG 100gm om,Vitamins,2,26.99
210000045297,Emerald Cove Toasted Sushi Nori Org,Packaged_Dry,3,29.99
210000045301,Meyenberg Goat Milk  32 oz,Milk,4,8.69
210000045305,aloe inner leaf w/lemon OG 32 oz Lakewood,Beverages,5,9.99
210000045349,Aura Cacia Shea Nut Skin Care Oil 4 oz Organic,Packaged_H&B,4,8.99
210000045351,Real Salt Pouch 16oz,Packaged_Dry,2,10.49
210000045353,Aura Cacia Fractionated Coconut Skin Care Oil,Packaged_H&B,3,5.59
210000045393,rescue shot lemon cayenne ginger 2oz ginger people,Beverages,12,4.19
210000045395,rescue shot wild turmeric ginger 2oz ginger people,Beverages,12,4.19
210000045401,coconut beverage unsweet original 32oz,Beverages,6,4.50
210000045425,Stainless Steel Zester,Bulk_H&B,2,9.99
210000045439,7-KETO dhea 90vcps NOW FOODS,Vitamins,2,24.99
210000045462,echinacea & goldenseal 100cap NOW FOODS,Vitamins,1,19.90
210000045468,Evolution Salt Sole Drinking Jar,Bulk_H&B,1,12.99
210000045486,Griffin Remedy Bubble Bath Bear Chamomile,Packaged_H&B,3,18.89
210000045488,Griffin Remedy Bubble Bath Bear Bulgarian Lavender,Packaged_H&B,3,18.89
210000045490,Bob's Steel Cut Oats GF Org 24 oz,Packaged_Dry,2,9.39
210000045492,Bob's Red Mill Org GF Rolled Oats 32 oz,Packaged_Dry,5,11.49
210000045494,Bob's Oat Quick GF Org 28 oz,Packaged_Dry,3,11.49
210000045498,Cadia Mustard Whole Grain Org 8oz,Packaged_Dry,3,2.99
210000045546,VerMints Wintergreen Org,Packaged_Dry,4,3.39
210000045550,Raw Revolution Glo Double Chocolate Brownie Batter,Packaged_Dry,16,2.89
210000045554,fig bar blueberry single natures bakery,Packaged_Dry,6,1.39
210000045560,Mini Honey Dipper,Bulk_H&B,3,3.69
210000045568,B12 vegan megafood 30 caps,Vitamins,3,26.99
210000045586,orange cream soda virgil's 12oz,Beverages,46,2.19
210000045610,Vit D3 2500 iu 50 berry gummies,Vitamins,1,14.00
210000045612,cinnamon cassia essential oil 1oz NOW FOODS,Packaged_H&B,2,8.99
210000045622,garlic 5000 mcg 90tbs NOW FOODS,Vitamins,3,25.99
210000045624,valerian root 500mg 100vcps NOW FOODS,Vitamins,2,11.99
210000045628,boswellia extract 500mg 90sgls NOW FOODS,Vitamins,1,29.99
210000045630,willow bark extract 400mg 100cps NOW FOODS,Vitamins,2,13.99
210000045646,Thyme Out Acne Eczema 8oz,Packaged_H&B,2,17.99
210000045652,yerba mate bluephoria can 15.5oz guayaki,Beverages,26,3.39
210000045682,Maya Kaimal Everyday Dal Black Lentil +  Tomato + Cumin,Packaged_Dry,5,4.99
210000045704,Senzacare (Plastic-Free) Silk Dental Floss Tea Tree,Packaged_H&B,2,4.49
210000045719,Q-Traps Moth Traps 6 pack,Bulk_H&B,2,18.49
210000045727,Bob's Oatmeal Scottish Org. 20 oz U,Packaged_Dry,5,7.89
210000045741,supreme matcha tea 20 bags pukka,Beverages,2,6.59
210000045749,potassium iodide 30mg 60 tbs NOW FOODS,Vitamins,1,7.30
210000045755,kombucha alive ginger turmeric 16oz Gt's,Beverages,4,4.69
210000045757,Wise Ways Itch Free (Jewelweed) Salve 2 oz,Packaged_H&B,2,14.39
210000045818,wild forest mushrooms dried OG .75oz Terra Dolce,Packaged_Dry,6,10.89
210000045834,Bob's All Purpose Baking Flour GF,Packaged_Dry,5,6.69
210000045840,Sweet Leaf drops english toffee stevia 2oz,Packaged_Dry,3,13.99
210000045854,Caulipower Cauliflower Pizza Veggie,Frozen,1,9.19
210000045864,Bobo's Oat Bar Stuffed Chocolate Almond,Packaged_Dry,1,2.99
210000045866,One Degree Sprouted Rolled Oats Org GF,Packaged_Dry,6,7.99
210000045868,One Degree Sprouted Steel Cut Oats Org GF,Packaged_Dry,5,8.99
210000045870,One Degree Sprouted Quick Oats Org GF,Packaged_Dry,3,8.89
210000045872,cashews roasted salted OG 4oz mavuno,Packaged_Dry,8,5.89
210000045900,elderberry syrup sassy cinnamon 15.5 oz  health junkie,Beverages,1,22.99
210000045902,elderberry syrup bold ginger 15.5 oz health junkie,Beverages,4,22.99
210000045906,cat's claw bark tea OG 24bags celebration,Beverages,3,7.99
210000045923,milk thistle tea OG 24bags  celebration,Beverages,5,10.49
210000045925,nettle leaf tea  OG 24bags celebration,Beverages,5,7.39
210000045941,Nature's Path Cereal Golden Turmeric Flakes,Packaged_Dry,5,6.99
210000045961,reishi powder OG 100gm,Vitamins,2,26.99
210000045963,turkey tail powder OG 100gm,Vitamins,2,26.99
210000045965,chaga powder OG 100gm,Vitamins,3,26.99
210000046090,holy basil force 30vcps new chapter,Vitamins,1,13.00
210000046098,bone strength new chapter,Vitamins,2,34.99
210000046156,Four Elements Lip Balm Lemon Balm,Packaged_H&B,9,3.99
210000046166,teasel 1oz four elements,Vitamins,2,7.40
210000046184,Celtic Sea Salt Makai Deep Sea 8 oz,Packaged_Dry,2,12.99
210000046204,Maskal Teff Grain Brown,Packaged_Dry,5,7.79
210000046206,Ellyndale Organic Sesame Oil 8.45oz,Packaged_Dry,6,7.89
210000046210,ashwagandha 450mg 90vcps NOW FOODS,Vitamins,2,19.99
210000046214,Celtic Sea Salt Fine Ground 16 oz,Packaged_Dry,10,14.49
210000046229,Earth Therapeutics Loofah Bath Long Handle,Bulk_H&B,1,6.59
210000046239,Chico bag Vita repete VRSZE,Bulk_H&B,4,11.99
210000046247,Caboo Bamboo Napkins 250 Ct.,Bulk_H&B,16,5.59
210000046259,Griffin Remedy Shower Gel Peppermint Tea Tree,Packaged_H&B,7,8.39
210000046273,honees cough drops lemon menthol 20ct,Vitamins,5,3.69
210000046305,Mt Vikos Cheese Feta Org,Milk,10,9.89
210000046345,wool snuggle polar bear stripe black MEDIUM maggie's,Bulk_H&B,4,17.99
210000046375,Thunderbird Bar Hazelnut + Coffee + Maca,Packaged_Dry,7,2.69
210000046403,Caboo Facial Tissue Cube,Bulk_H&B,11,3.29
210000046411,ginger root tea 18 bags buddha,Beverages,2,6.99
210000046423,Let's Do Organic Coconut Milk Sweetened Condensed 7.4 oz,Packaged_Dry,6,5.29
210000046427,Boody Men's Sneaker Socks White,Bulk_H&B,1,4.99
210000046465,Boody Classic Bikini Black Large,Bulk_H&B,3,10.00
210000046481,Boody Classic Bikini Black Small,Bulk_H&B,1,10.00
210000046489,Boody Hipster Bikini Black Small,Bulk_H&B,4,10.00
210000046491,Boody Hipster Bikini Black Medium,Bulk_H&B,4,10.00
210000046495,Boody Brief Boyleg Black Small,Bulk_H&B,1,10.00
210000046509,Boody Full Brief Black Large,Bulk_H&B,1,11.00
210000046533,Boody Full Leggings Black Small,Bulk_H&B,4,23.00
210000046535,Boody Full Leggings Black Medium,Bulk_H&B,1,23.00
210000046537,Boody Full Leggings Black Large,Bulk_H&B,4,23.00
210000046541,Boody 3/4 Leggings Black Small,Bulk_H&B,2,22.00
210000046543,Boody 3/4 Leggings Black Medium,Bulk_H&B,4,22.00
210000046545,Boody 3/4 Leggings Black Large,Bulk_H&B,2,22.00
210000046547,Boody 3/4 Leggings Black X-Large,Bulk_H&B,4,16.50
210000046555,Boody T-Shirt V-Neck White Small,Bulk_H&B,1,27.99
210000046573,Boody Cami Top Black Large,Bulk_H&B,1,14.99
210000046591,Boody Tank Top White Large,Bulk_H&B,1,12.99
210000046593,Boody T-Shirt Crew Neck Men's Black Small,Bulk_H&B,1,20.99
210000046597,Boody T-Shirt Crew Neck Men's Black Large,Bulk_H&B,1,20.99
210000046603,Boody T-Shirt Crew Neck Men's White Large,Bulk_H&B,1,20.99
210000046613,Boody Men's Everyday Boxers Black Large,Bulk_H&B,1,20.00
210000046666,maple apple cider tea 18bags,Beverages,2,4.99
210000046668,pumpkin spice decaf tea 18bags,Beverages,6,4.99
210000046672,chai holiday tea 18bags,Beverages,1,4.99
210000046682,cough lozenges cherry 18lozenges,Vitamins,4,5.99
210000046684,collagen biocell 120vcps NOW FOODS,Vitamins,2,36.99
210000046686,magnesium transporters 180vcps NOW FOODS,Vitamins,3,29.99
210000046706,chai concentrate slightly sweet 32oz oregon,Beverages,4,6.79
210000046714,Maya Kaimal Green Split Pea+  Spinach + Coconut,Packaged_Dry,5,4.99
210000046724,Boody Tank Top Black Large,Bulk_H&B,1,12.99
210000046766,CBD turmeric 60 sgls irwin,Vitamins,1,37.99
210000046796,gift bag empty small pouch drawstring organza 4x6in,Bulk_H&B,464,0.39
210000046798,Sunbeam Candles Beeswax Tea Lights Bulk,Bulk_H&B,14,1.09
210000046801,elderberry syrup cinnamon local 12oz sage village,Beverages,2,21.99
210000046811,Perfect Bar Peanut Butter Dark Chocolate Single,Refrigerated,4,3.89
210000046819,Bono Castelvetrano Olives Pitted 5.3 oz,Packaged_Dry,11,6.39
210000046828,Aura Cacia Oil Argan OG 1oz,Packaged_H&B,1,14.19
210000046829,Cafe Altura Coffee Instant Org 3.53 oz,Coffee,5,12.49
210000046831,Neem Aura Neem Leaf Extract OG 1oz,Packaged_H&B,3,13.29
210000046849,myrrh oil 1oz NOW FOODS,Packaged_H&B,2,39.99
210000046859,peppermint tea OG 24 bags NOW FOODS,Beverages,4,5.99
210000046863,Ellyndale Almond Oil 16.9oz NOW FOODS,Packaged_Dry,5,10.99
210000046873,magnesium kalmassure unflavored powder 360g nature's plus,Vitamins,2,31.99
210000046887,Newman-O's Vanilla Creme Cookie 13oz,Packaged_Dry,7,7.19
210000046889,psyllium husk powder 12oz NOW FOODS,Beverages,1,13.99
210000046901,Bellwether  Farms Yogurt Sheep Plain 16 oz,Milk,7,8.89
210000046919,Emily's Lip Balm Sugar Mint,Packaged_H&B,2,5.29
210000046926,breakfast in Paris tea 18ct stash,Beverages,5,4.99
210000046934,Ear Ease Pain Reliever,Packaged_H&B,3,24.99
210000046956,Thayer's Witch Hazel SPRAY Alcohol Free Unscented 8oz,Packaged_H&B,3,9.99
210000046985,Nature's Alchemy Eucalyptus ORGANIC Essential Oil .5oz,Packaged_H&B,1,6.29
210000046989,Nature's Alchemy Grapefruit ORGANIC Essential Oil .5oz,Packaged_H&B,1,6.99
210000046991,Nature's Alchemy Lavender ORGANIC Essential Oil .5oz,Packaged_H&B,1,9.79
210000046997,Nature's Alchemy Lemongrass ORGANIC Essential Oil .5oz,Packaged_H&B,4,4.29
210000047003,Nature's Alchemy Rosemary ORGANIC Essential Oil .5oz,Packaged_H&B,2,5.79
210000047005,Nature's Alchemy Tea Tree ORGANIC Essential Oil .5oz,Packaged_H&B,2,7.99
210000047026,cholesterol tea 18bags prince of peace,Beverages,3,7.99
210000047031,Vit D3 2000mg fast melt 120tbs source naturals,Vitamins,2,15.99
210000047037,lemon eucalyptus essential oil 1oz NOW FOODS,Packaged_H&B,5,9.99
210000047068,apple juice honeycrisp OG 10oz,Beverages,14,3.69
210000047070,lettuce romaine paris cos seeds,Packaged_Dry,5,3.49
210000047080,onion shallot zebrune seeds,Packaged_Dry,4,3.49
210000047104,cover crop clover LARGE PKT Seeds,Packaged_Dry,8,5.99
210000047110,kale nero toscana lacinato OG seeds,Packaged_Dry,10,3.49
210000047114,Violife Cream Cheese,Milk,7,6.59
210000047116,Violife Feta Block,Milk,2,7.19
210000047118,Cadia Blueberries Org,Frozen,11,4.69
210000047126,squash summer scallop seeds,Packaged_Dry,4,2.69
210000047130,tomato chocolate cherry seeds,Packaged_Dry,5,2.99
210000047134,turnip purple top white globe seeds,Packaged_Dry,5,2.69
210000047138,parsley flat OG seeds,Packaged_Dry,4,2.69
210000047146,sunflower heirloom beauties seeds,Packaged_Dry,2,3.49
210000047174,throat comfort tea OG 16 bags yogi caffeine free,Beverages,11,5.39
210000047193,Goodell Maple Nuts Almonds,Packaged_Dry,2,6.89
210000047219,Wise Ways African Glory Hair Oil 2 oz exp 12/25,Packaged_H&B,1,8.50
210000047225,Celtic Sea Salt  Coarse Light Gray Pouch 8 oz,Packaged_Dry,6,5.79
210000047245,liver detox & blood refresh 60sgls irwin,Vitamins,2,31.99
210000047261,Anchor Hocking Hermes Jar with Clamp 67.5 oz,Bulk_H&B,1,10.59
210000047348,green tea 16 bags yogi,Beverages,14,5.39
210000047377,Chickapea ChickPeas & Lentil Spirals 8 oz,Packaged_Dry,2,5.49
210000047393,Aura Cacia Aromatherapy Refill Pads,Bulk_H&B,1,3.69
210000047401,elderberry buddha 18 tea bags buddha tea,Beverages,6,7.99
210000047409,yerba mate dark roast loose tea 12oz mate factor,Beverages,2,11.69
210000047441,World Centric Compostable Paper Cup Hot Beverages,Bulk_H&B,12,5.19
210000047527,Muscle MX CBD Balm Recovery Cooling .5 oz mini,Packaged_H&B,3,10.99
210000047543,beets gourmet blend seeds,Packaged_Dry,8,3.49
210000047555,baby greens superfoods mix LARGE,Packaged_Dry,5,5.99
210000047557,bean bush trio LARGE,Packaged_Dry,5,5.99
210000047567,shade flower mix LARGE,Packaged_Dry,3,6.49
210000047599,multi every man's 55+ one daily 24 vcps new chapter,Vitamins,1,32.99
210000047608,turmeric ginger tea OG 24bags,Beverages,2,7.99
210000047627,Tres Latin Spinach & Cheese Pupusa GF,Frozen,7,7.99
210000047637,pine pollen 1500mg 90vcps,Vitamins,1,12.00
210000047639,milk thistle tea OG 18bags buddha tea,Beverages,5,6.99
210000047641,nettle leaf tea OG 18bags buddha tea,Beverages,2,6.99
210000047657,Natracare Cotton Panty Liners Mini 30 ct,Bulk_H&B,5,4.59
210000047659,Eco Bags Cotton Soap Bag4x4,Bulk_H&B,3,4.49
210000047667,liver support 90vcps,Vitamins,2,23.99
210000047679,Violife Parmesan Wedge,Milk,7,7.19
210000047685,Gardein Crabless Cakes,Frozen,2,7.49
210000047689,Wildly Organic Cacao Nibs Fermented,Packaged_Dry,4,14.99
210000047724,sesame sticks garlic 9oz NOW FOODS,Packaged_Dry,3,4.69
210000047726,sesame sticks whole wheat 9oz NOW FOODS,Packaged_Dry,4,4.69
210000047740,beet juice blend OG 32oz knudsen,Beverages,6,9.99
210000047752,AppleGate Turkey Breakfast Sausage Links savory 7oz,Meat,7,6.19
210000047766,wild raspberry hibiscus tea 20 bags,Beverages,6,4.99
210000047776,gotu kola 450mg 100vcps NOW FOODS,Vitamins,1,11.99
210000047780,Sunbeam Candles Beeswax Pillar Coexist In Peace,Bulk_H&B,3,23.00
210000047784,sweet clementine stress support 16 bags yogi caffeine free,Beverages,3,5.39
210000047786,woman's raspberry leaf tea 16 bags yogi caffeine free,Beverages,6,5.39
210000047788,blackberry apple cider digestive awakening 16 bags yogi caffeine free,Beverages,5,5.39
210000047818,Earthy Edith's All Purpose Cleaner  Refill 32oz,Bulk_H&B,1,15.89
210000047820,Earthy Edith's Bathroom Cleaner Refill 32oz,Bulk_H&B,1,22.19
210000047828,Earthy Edith's Power Scour  Refill 40 oz,Bulk_H&B,1,19.69
210000047830,Chico bag Vita VSPG pale green,Bulk_H&B,1,9.99
210000047860,Plus +cbd full spectrum gold peppermint 5mg 2oz,Vitamins,1,63.99
210000047918,huperzine 120 tabs source naturals,Vitamins,2,29.99
210000047925,sunflower florist's sunny bouquet LARGE,Packaged_Dry,4,6.49
210000047967,Swisspers Cotton Take Along Variety Pack,Packaged_H&B,1,2.19
210000047971,Hail Merry Cup Key Lime 2pack,Refrigerated,1,1.99
210000047999,Bamboo Knot Party Picks NORPRO,Bulk_H&B,3,4.49
210000048027,Frankferd Farms Dahl Split Yellow Mung Beans  1# Org,Packaged_Dry,3,6.59
210000048047,lemonade blueberry OG 32oz,Beverages,22,3.99
210000048084,Native Scents Baby Smudge White Sage,Bulk_H&B,6,4.99
210000048086,Bull Dog Bamboo 5 Blade Razor w/2 cartridges,Packaged_H&B,4,14.29
210000048088,Bull Dog Bamboo 5 Blade Razor Cartridge 4 ct Refill,Packaged_H&B,5,11.69
210000048097,Biostar compostable 13 gal trash bags roll of 50,Bulk_H&B,16,6.89
210000048106,horchata protein drink 12oz,Beverages,5,5.29
210000048112,fig bar strawberry single nature's bakery,Packaged_Dry,9,1.39
210000048120,South River Sweet White Rice Miso16 oz,Milk,11,15.99
210000048127,Kalahari Biltong Jerky Garlic 2oz,Meat,2,8.99
210000048129,Starwest Botanicals Irish Moss/ Sea Moss C/S Org 1lb.,Packaged_Dry,1,36.79
210000048143,Thunderbird Bar Chocolate Coconut Cashew,Packaged_Dry,7,2.69
210000048152,Emerald Cove Arame Pacific 1.76 oz.,Packaged_Dry,2,13.99
210000048276,Thunderbird Bar Chocolate  Almond Butter Sea Salt,Packaged_Dry,6,2.69
210000048306,methyl folate 1000mcg 90 tablets now NOW FOODS,Vitamins,1,21.99
210000048308,magnesium malate 1250mg 90tbs source naturals,Vitamins,2,12.99
210000048337,Louisville Vegan Jerky Carolina BBQ 3oz,Packaged_Dry,10,7.49
210000048339,Boody Crop Leggings Black Small,Bulk_H&B,1,17.99
210000048348,Boody Brief Boyleg Black X-Large,Bulk_H&B,2,10.00
210000048389,elderberry syrup cheeky cherry 15.5 oz  health junkie,Beverages,2,22.99
210000048391,Siskiyou CBD for Pets w/Salmon Oil,Packaged_H&B,3,29.99
210000048399,Siskiyou CBD Body Oil  Spray or Roller 2oz,Packaged_H&B,3,15.00
210000048407,Bubbie's Ice Cream Mochi Green Tea,Milk,1,7.29
210000048435,Dr. Bronner's Hand Sanitizer Peppermint 2 oz,Packaged_H&B,13,4.99
210000048502,healthy cycle raspberry leaf tea traditional medicinals,Beverages,1,6.99
210000048520,Mori-Nu Silken Tofu Soft Org 12.oz,Packaged_Dry,9,3.79
210000048544,yerba mate orange exuberance can 15.5oz guayaki,Beverages,12,3.39
210000048546,yerba mate lemon elation can 15.5oz guayaki,Beverages,19,3.39
210000048584,4th & Heart Ghee Original 9 oz,Packaged_Dry,4,14.99
210000048586,xylichew cinnamon gum 12pcs,Packaged_Dry,11,1.99
210000048620,Quinn Pretzel Nuggets Peanut Butter,Chips&Cookie,5,6.59
210000048656,Celtic Sea Salt Makai Deep Sea 3 oz  w/Grinder,Packaged_Dry,2,15.79
210000048716,New Wave Enviro Alkaline Plus Lead Removal Carteidge,Bulk_H&B,1,12.49
210000048777,Flower Valley Ayate Washcloth,Packaged_H&B,5,14.39
210000048797,water boxed is better 16.9 oz,Beverages,21,2.09
210000048819,Chickapea Pasta Dish Jalapeno Cheddar,Packaged_Dry,6,6.69
210000048874,Celtic Sea Salt Fine Ground  8 oz,Packaged_Dry,6,7.99
210000048969,party smart single vcap himalaya,Vitamins,2,1.70
210000048975,ashwagandha 60 vegan caplets himalaya,Vitamins,4,26.99
210000049027,pure defense mushrooms 60 liquigels irwin,Vitamins,2,18.00
210000049037,Base Culture Bread Keto,Bread,3,11.49
210000049054,Seventh Generation Unbleached Paper Towels Recycled 6 Pack,Bulk_H&B,2,26.29
210000049055,pill splitter,Vitamins,1,5.97
210000049083,hibiscus tea 18 bags buddha tea,Beverages,2,6.99
210000049087,licorice root tea buddha 18bags buddha tea,Beverages,2,6.99
210000049093,sarsparilla root tea 18bags buddha tea,Beverages,6,7.99
210000049101,GladRags Color Day Pad Plus 1pk,Bulk_H&B,3,15.99
210000049103,DermaE  Acne Serum 2oz,Packaged_H&B,1,17.89
210000049105,Beyond Meat Beef Brick Vegan 16 oz,Frozen,4,12.99
210000049113,soothing rose hibiscus skin detox tea 16 bags yogi,Beverages,5,5.39
210000049125,World Centric Paper Straws,Bulk_H&B,14,2.99
210000049127,World Centric 6 Plates 20 ct,Bulk_H&B,13,2.99
210000049137,All Terrain Herbal Kids Eczema Spray,Packaged_H&B,1,11.49
210000049151,Andalou Shave Cream  Coconut Lime,Packaged_H&B,1,10.39
210000049174,benfotiamine 150mg 60tbs source naturals,Vitamins,1,15.89
210000049202,Sunbeam Candles Beeswax  Wise Owl,Bulk_H&B,1,18.00
210000049257,pumpkin spice tea OG 16 bags yogi caffeine free,Beverages,6,5.39
210000049259,orange clove tea OG 16 bags yogi caffeine free,Beverages,2,5.39
210000049261,vanilla peppermint tea OG 16 bags yogi caffeine free,Beverages,9,5.39
210000049267,wellness formula 45cps source naturals,Vitamins,3,13.99
210000049269,wellness formula 90cps source naturals,Vitamins,2,26.99
210000049277,Bob's Flaxseed Meal Golden Org 16 oz,Packaged_Dry,6,7.49
210000049302,pineapple dried OG 2oz mavuno,Packaged_Dry,3,4.29
210000049312,cotton ragg sock heathered olive 9-11 maggie's,Bulk_H&B,4,11.99
210000049334,We'moon In the Spirit Of 30 Years,reports_inventory_listings_assets,5,25.00
210000049336,We'moon Preacher Woman for the Goddess,reports_inventory_listings_assets,4,16.00
210000049350,Wildly Organic Cacao Powder Fermented 8 oz,Packaged_Dry,5,12.79
210000049354,Bob's Rye Flour Org,Packaged_Dry,2,4.79
210000049356,multi women over 40 one daily 60tbs,Vitamins,2,39.99
210000049358,multi men one daily 60tbs,Vitamins,2,39.99
210000049360,MegaFlora 20 billion cfu 60cps,Vitamins,3,39.99
210000049364,Cadia Strawberries Org,Frozen,14,4.59
210000049420,Grandma's Laundry Soap Powder 40oz,Bulk_H&B,3,18.59
210000049426,reishi calm cacao mix single pkt,Beverages,40,1.89
210000049432,lions mane chaga coffee single pkt,Beverages,1,1.49
210000049436,mushroom coffee gut health single pkt,Beverages,40,1.49
210000049463,Christmas in Paris 18bags,Beverages,4,4.99
210000049531,chia squeeze green magic 3.5oz,Beverages,16,2.29
210000049541,Tony's Chocolonely Milk Chocolate Hazelnut 6 oz,Packaged_Dry,3,6.99
210000049549,Bob's Red Mill Vital Wheat Gluten,Packaged_Dry,3,10.89
210000049557,genistein soy complex 1000mg 120 source naturals bb 7/26,Vitamins,1,16.90
210000049589,spirutein strawberry 2.4 lbs nature's plus,Beverages,4,48.99
210000049617,glucosamine chondroitin msm 120tbs source naturals,Vitamins,1,29.99
210000049621,Senzacare (Plastic Free) Dental Floss Mint,Packaged_H&B,3,4.49
210000049623,Senzacare (Plastic-Free) Silk Dental Floss Unflavored,Packaged_H&B,3,4.49
210000049631,triphala 60 caplets himalaya,Vitamins,1,19.99
210000049635,bitter melon 60 caplets himalaya,Vitamins,2,19.99
210000049643,Rebel Green Liquid Dish Soap Frankincense & Pine,Bulk_H&B,3,5.99
210000049655,borax 30c ollois,Vitamins,4,8.49
210000049657,Real Salt Coarse Sea Salt Pouch 16oz,Packaged_Dry,1,10.79
210000049679,New Wave Safe Sporter Purple 12oz Bottle,Bulk_H&B,1,11.29
210000049700,Ester C  bioflavinoid 1000mg 90tbs,Vitamins,1,24.99
210000049716,rocky mountain throat syrup 4oz,Vitamins,19,15.99
210000049718,rocky mountain throat syrup 8oz,Vitamins,24,28.99
210000049730,Naturezway Compostable Lawn and Leaf Bags 5 ct.,Bulk_H&B,1,5.99
210000049734,Seventh Generation Unbleached Paper Towels Recycled Single,Bulk_H&B,14,4.79
210000049744,Light Mountain Hair Color Light Red (4Pack),Packaged_H&B,4,15.99
210000049755,dream balm 1oz,Packaged_H&B,1,12.99
210000049759,Elmhurst Almond Milk Unsw 32 oz,Milk,4,7.59
210000049774,CBD 30mg 60 liquid softgels irwin,Vitamins,1,33.00
210000049860,ginger rescue strong chewable tablets,Vitamins,5,6.99
210000049862,Cafe Altura Coffee Instant decaf Org 3.53 oz,Coffee,3,13.99
210000049872,Muscle MX CBD Lotion Restore Cooling 1000 mg,Packaged_H&B,4,32.99
210000049882,Tony's Chocolonely Milk Chocolate w/ Caramel & Sea Salt6 oz,Packaged_Dry,9,6.99
210000049908,sencha rose tea OG 16ct,Beverages,18,6.39
210000049914,Boody T-Shirt Crew Neck Women's Black Medium,Bulk_H&B,3,29.99
210000049922,Wildly Organic Chocolate Syrup,Packaged_Dry,4,13.39
210000049923,Maple Valley Organic Maple Sugar 5oz Glass Jar,Packaged_Dry,10,9.69
210000049927,Maple Valley Organic Maple Candy,Packaged_Dry,1,5.29
210000049933,Cadia Raisin Bran Cereal,Packaged_Dry,7,5.99
210000049935,Shoyeido Incense (Gift Set) Peace,Bulk_H&B,1,5.00
210000049946,Sunbeam Candles Beeswax Votive Rose Geranium (Pink),Bulk_H&B,13,3.99
210000049958,Muir Glen Diced Tomatoes Fire Roasted NS 14.5oz,Packaged_Dry,13,4.79
210000049982,Terra Winter Reversible Scarf,Bulk_H&B,1,22.99
210000049998,Woobamboo Toothbrush Adult Soft,Packaged_H&B,5,4.69
210000050004,Elmhurst Walnut Milk Unsweet 32 oz,Milk,2,3.99
210000050010,krill 500 mg 45 sgls,Vitamins,1,22.99
210000050018,beet juice pure OG 32oz Lakewood,Beverages,1,9.89
210000050034,Wise Ways Salve Witch Hazel Suppositories,Packaged_H&B,2,11.49
210000050035,Bumper Sticker - Kent Natural Foods,reports_inventory_listings_assets,112,1.99
210000050043,Prasad Celestial Frankincense & Myrrh Incense,Bulk_H&B,8,1.99
210000050045,Frankferd Farms Pancake Mix 7 Grain Org 32 oz,Packaged_Dry,4,6.99
210000050057,pollinator mix seeds,Packaged_Dry,2,4.49
210000050065,lavender dwarf munstead seeds,Packaged_Dry,4,2.99
210000050067,love in a mist seeds,Packaged_Dry,5,3.49
210000050079,zinnia giant purple seeds,Packaged_Dry,4,3.49
210000050081,fairy meadow mix seeds LARGE,Packaged_Dry,5,6.49
210000050093,Wise Ways Lemon Balm Salve,Packaged_H&B,3,14.29
210000050101,Wildly Organic Coconut Syrup 17.5 oz,Packaged_Dry,6,12.19
210000050139,pepper ancho poblano seeds,Packaged_Dry,4,2.69
210000050219,Sunbeam Candle Grande Rose (Red),Bulk_H&B,3,29.00
210000050221,Sunbeam Candle Petite Rose (Red),Bulk_H&B,1,14.00
210000050239,CBD orange blossom 1oz 17mg/serving charlotte's web,Vitamins,1,39.99
210000050249,Light Mountain Hair Color  Warm Chestnut,Packaged_H&B,3,9.99
210000050253,men's shilajit 60caps,Vitamins,3,29.99
210000050273,Griffin Remedy  Shower Gel Orange 8 oz,Packaged_H&B,8,6.99
210000050277,Jovial GF Brown Rice Shells K,Packaged_Dry,15,6.19
210000050293,kombucha sacred life 16oz gt's,Beverages,4,4.99
210000050297,Elmhurst Oatmilk Milk Unswt 32 oz,Milk,2,7.59
210000050306,flea & tick spray for dogs,Bulk_H&B,3,10.99
210000050336,Terra Bracelet,Bulk_H&B,2,12.95
210000050344,Ti-Uno Go Bites Spork,Bulk_H&B,1,16.69
210000050360,Element Rice Cakes Dark Chocolate Dipped,Packaged_Dry,8,6.29
210000050423,rooibos tea OG 16 bags Choice,Beverages,1,4.50
210000050429,earl grey decaf tea OG 16 bags Choice,Beverages,2,4.85
210000050471,Hemp Mountain Muse Drawstring Bag Small,reports_inventory_listings_assets,1,2.00
210000050473,brownie double chocolate box nature's bakery,Packaged_Dry,1,6.99
210000050475,Lakanto Monkfruit Sweetener with Erythritol  1pound,Packaged_Dry,6,10.99
210000050487,Hu Chocolate Hazelnut Butter Bar,Packaged_Dry,24,6.49
210000050495,Pascha Vegan White Chocolate  Bar Org,Packaged_Dry,12,6.49
210000050512,Eden Hacho Miso,Packaged_Dry,5,10.69
210000050534,all seed sesame flats GF 4.8oz ella's,Packaged_Dry,4,7.99
210000050566,turmeric ginger tea 18 bags buddha,Beverages,1,6.99
210000050570,CBD mushroom defense tea 18 bags buddha tea,Beverages,3,19.99
210000050578,liquid iv,Vitamins,12,4.39
210000050586,Boss Himalayan Salt Foot Scrub,reports_inventory_listings_assets,4,7.99
210000050588,Emily's Soaps 4 Thieves Oil 2 oz,Packaged_H&B,3,17.00
210000050600,footie peace navy 9-11 maggie's,Bulk_H&B,5,7.99
210000050602,footie peace navy 10-13  maggie's,Bulk_H&B,6,7.99
210000050606,Snack Time reusable sandwich bags lemons  (3),Bulk_H&B,2,13.99
210000050608,Chico Bag Vita inspire,Bulk_H&B,2,12.99
210000050610,Chico Bag Vita lemon,Bulk_H&B,3,12.99
210000050612,Chico Bag Vita feather,Bulk_H&B,2,12.99
210000050657,footie navy turtles  9-11 maggie's,Bulk_H&B,4,7.99
210000050659,footie navy turtles  10-13  maggie's,Bulk_H&B,3,7.99
210000050665,footie purple dragonfly 9-11 maggie's,Bulk_H&B,1,7.99
210000050667,footie purple dragonfly 10-13  maggie's,Bulk_H&B,3,7.99
210000050689,footie honey mushroom 9-11 maggie's,Bulk_H&B,4,7.99
210000050691,footie honey mushroom 10-13  maggie's,Bulk_H&B,2,7.99
210000050693,footie taupe mushroom 10-13 maggie's,Bulk_H&B,4,7.99
210000050695,footie taupe mushroom 9-11 maggie's,Bulk_H&B,1,7.99
210000050697,Hu Chocolate Salty Dark 70% Bar,Packaged_Dry,24,6.39
210000050719,turmeric 2oz,Vitamins,1,16.49
210000050735,Cosmic Bliss Salted Caramel Chocolate Pint ND,Milk,8,7.99
210000050780,lion's mane powder OG 100gm,Vitamins,2,26.99
210000050796,Emily's Soaps 4 Thieves Oil Roll-On,Packaged_H&B,6,10.49
210000050811,Fronen Coconut Ice Cream Chocolate Pint,Milk,4,6.99
210000050813,Fronen Coconut Ice Cream Vanilla Pint,Milk,2,6.99
210000050815,ginger tea 16 bags caffeine free yogi,Beverages,7,5.39
210000050830,choline & inositol 100cps now foods,Vitamins,2,15.99
210000050849,Dr. Bronner's Toothpaste Spearmint,Packaged_H&B,4,7.99
210000050853,Healthy Baking Energy Bars Chocolate Orange,Chips&Cookie,1,2.89
210000050855,Healthy Baking Energy Bars Chocolate Chip,Chips&Cookie,4,2.89
210000051045,Beyond Meat Sausage Patties Vegan Breakfast,Frozen,3,6.59
210000051047,Beyond Meat Sausage Patties Spicy Vegan Breakfast,Frozen,2,7.29
210000051051,The Good Crisp Company Outback BBQ 5.6oz,Chips&Cookie,12,5.29
210000051053,Simple Mills Pita Cracker Himalayan Salt GF,Packaged_Dry,5,5.89
210000051064,African Market Basket Bicycle,Bulk_H&B,3,45.99
210000051068,limeade OG 32oz Santa Cruz,Beverages,13,3.69
210000051072,Fronen Coconut Ice Cream Strawberry Pint,Milk,8,6.99
210000051081,Better Life Tub & Tile Cleaner 32floz,Bulk_H&B,2,7.99
210000051123,Auromere Ayervedic Herbal Mouthwash 16oz,Packaged_H&B,6,16.99
210000051125,Auromere Toothpaste Mint 4.16oz,Packaged_H&B,6,9.39
210000051176,Native Forest Coconut Milk Pure & Simple Org,Packaged_Dry,6,4.99
210000051178,Alvarado St. Sprouted Wheat Bagels,Bread,3,8.79
210000051190,echinacea blend tea OG celebration,Beverages,6,7.19
210000051233,nuun electrolyte fruit punch,Beverages,8,6.39
210000051235,nuun electrolyte grape,Beverages,8,6.39
210000051239,Healthy Baking Energy Bars Delightful Date,Chips&Cookie,1,2.89
210000051241,Healthy Baking Energy Bars Cranberry  Orange,Chips&Cookie,3,2.89
210000051245,Healthy Baking Energy Bars Apple Cinnamon,Chips&Cookie,2,2.89
210000051247,Healthy Baking Energy Bars Got Apricot?,Chips&Cookie,5,2.89
210000051251,OregaResp 1oz,Vitamins,1,49.99
210000051285,Starwest Botanicals Bladderwrack powder OG,Packaged_Dry,1,12.99
210000051289,empty 00 gelatin capsules 500 Starwest large silver bag,Vitamins,1,13.99
210000051316,Chloe's Mango Fruit Pops frozen 4pk,Frozen,2,5.99
210000051318,Chloe's Strawberry Fruit Pops frozen 4pk,Frozen,1,5.99
210000051354,Kinnikinnick Graham Crackers S'morables GF,Packaged_Dry,6,4.49
210000051382,Mamma Chia Black Chia Seeds Org. 12 oz,Packaged_Dry,3,9.29
210000051399,Healthy Baking Energy Bars Raisin Spice,Chips&Cookie,9,2.89
210000051402,Cadia Extra Virgin Olive Oil Org Mediterrean 500 ml,Packaged_Dry,13,12.49
210000051404,Olyra Cinnamon Tahini Biscuits Org,Packaged_Dry,8,5.59
210000051417,Muir Glen  Salsa Black Bean & Corn,Packaged_Dry,4,6.99
210000051419,mushroom master blend 3.17oz om,Vitamins,2,26.99
210000051441,Terra Mask 2ct KIDS,Bulk_H&B,3,5.00
210000051449,One Degree Sprouted Granola Quinoa Cacao,Packaged_Dry,5,7.49
210000051474,bronchial clear 90tabs,Vitamins,1,10.90
210000051506,Hu Chocolate Almond Butter w/ Quinoa Bar,Packaged_Dry,6,6.39
210000051512,Lundberg Rice  Long Grain  White 32 oz,Packaged_Dry,7,9.69
210000051516,Ball Mason Jar 4oz Quilted Jelly Jars single,Bulk_H&B,16,1.89
210000051520,yerba mate fresh green loose tea 12oz mate factor,Beverages,2,11.69
210000051522,Safe Catch Sardines W/ olive oil,Packaged_Dry,3,3.49
210000051524,Safe Catch Sardines W/ water,Packaged_Dry,8,4.39
210000051548,dandelion ginger sparkling tea can rishi,Beverages,4,3.29
210000051555,Watkins Rainbow Sprinkles,Packaged_Dry,3,5.49
210000051561,lemonade classic 12oz rtd me and the bees,Beverages,6,3.89
210000051570,ginger ale real sleek single 12oz can reed's,Beverages,22,2.19
210000051572,ginger ale real sleek zero single 12oz can reed's,Beverages,2,1.99
210000051580,Ener-C peach mango pkt,Beverages,28,0.69
210000051582,All Terrain Bandages Sheer 40ct,Packaged_H&B,2,3.99
210000051592,Maya Kaimal Green Garbanzos +  Corn + Coriander,Packaged_Dry,8,4.99
210000051600,AppleGate Chicken Nuggets Natural Family Size 16 oz GF,Meat,3,12.99
210000051610,elderberry lemon balm immune 16bags yogi no caffeine,Beverages,9,5.39
210000051612,Olyra Hazelnut Carob Biscuits Org,Packaged_Dry,1,5.99
210000051614,Olyra Anise Fig Biscuits Org,Packaged_Dry,2,5.99
210000051616,"Pinch, Smidgen, Dash Measuring Spoons",Bulk_H&B,1,5.59
210000051628,New Wave SafeBowl Stainless Steal 16oz Double Wall Bowl - Blue,Bulk_H&B,2,16.74
210000051646,Tony's Chocolonely Tiny Milk Chocolate,Packaged_Dry,119,0.59
210000051648,Tony's Chocolonely Tiny Milk Chocolate Caramel,Packaged_Dry,171,0.69
210000051663,cv defense daily immune support  60 caps,Vitamins,1,6.00
210000051669,Wildly Organic Coconut Sugar 16 oz,Packaged_Dry,6,8.69
210000051680,moon drops,Vitamins,11,8.99
210000051684,sesame seeds black OG 12oz foods alive,Packaged_Dry,3,7.99
210000051686,mulberries white OG 8oz foods alive,Packaged_Dry,3,12.99
210000051706,Bunker Hill Raw Milk Smoked Gouda,Refrigerated,12,4.99
210000051713,Cultures for Health  Sourdough Starter San Francsco,Milk,2,12.29
210000051717,protein plant powder cacao single packet four sigmatic,Beverages,2,2.99
210000051729,Peaceful Fruits  Fruit Strips Passionfruit,Packaged_Dry,10,1.69
210000051731,Peaceful Fruits  Fruit Strips Strawberry  Org,Packaged_Dry,15,1.69
210000051746,Cadia Cranberry Sauce Jellied Org 14voz,Packaged_Dry,8,3.29
210000051750,breathe deep16 bags yogi,Beverages,8,5.39
210000051752,Bionaturae Spaghetti WW Org U,Packaged_Dry,2,4.29
210000051760,Peaceful Fruits  Fruit Strips Original Acai,Packaged_Dry,12,1.69
210000051766,chanca piedra stone breaker 1oz,Vitamins,1,14.99
210000051770,cream of tartar .8 oz frontier,Packaged_Dry,2,2.89
210000051774,dandelion root raw tea OG 24bags celebration,Beverages,2,8.59
210000051776,dandelion root roasted tea  OG 24bags celebration,Beverages,3,9.59
210000051778,Ener-C lemon lime pkt single,Beverages,6,0.49
210000051782,AppleGate Chicken &  Herbs Sausage Links No Sugar,Meat,11,7.69
210000051786,Papa's Shave Soap Gift Set,Packaged_H&B,1,17.89
210000051817,Terra Face Cover with Hood Large,Bulk_H&B,1,9.99
210000051820,Terra Simple Mask Holder,Packaged_H&B,1,4.95
210000051832,Garden of Eatin Red Hot Blues Chips 5.5 oz,Chips&Cookie,3,4.29
210000051862,CBD hemp infused balm 150 mg  .05 oz charlotte's web,Vitamins,1,6.00
210000051893,wool snuggle penguin blue socks MEDIUM maggie's,Bulk_H&B,2,17.99
210000051930,Amy's Mushroom Porcini Bisque Soup,Packaged_Dry,11,5.99
210000051968,magnesium marine based vegan 500mg 90cvcps,Vitamins,2,22.99
210000051972,Tucson Tamale Green Chile & Cheese Tamale GF,Frozen,8,4.39
210000051983,Ancient Secrets Dead Sea Bath Salt 2 LBS Eucalyptus,Packaged_H&B,1,12.99
210000051985,Ancient Secrets Dead Sea Bath Salt 1 LB Lavender,Packaged_H&B,1,7.59
210000051999,BWC  Shampoo Daily,Packaged_H&B,3,16.99
210000052001,BWC  Conditioner Daily,Packaged_H&B,1,15.09
210000052007,Swoffle Gluten Free Stroopwafels Caramel Org,Packaged_Dry,17,1.99
210000052027,Eco Vessel S.S. Insulated Mug Transit12 oz,Bulk_H&B,1,18.99
210000052029,Eco Vessel S.S. Insulated Bottle Aspen Rose Gold Water to Wine 25 oz,Bulk_H&B,2,20.39
210000052031,Eco Vessel S.S. Insulated Bottle Perk  Black Shawdow  w/lock top 20 oz,Bulk_H&B,1,19.99
210000052039,Eco Vessel S.S. Straw Set Red & Blue,Bulk_H&B,1,4.59
210000052106,Sunbeam Candles Beeswax Pillar Coexist In Love,Bulk_H&B,1,22.69
210000052124,Bamboo Toast Tong,Bulk_H&B,1,1.99
210000052154,Earthy Edith's Cozy Cabin Cleaner  Concentrate 8oz,Bulk_H&B,1,19.39
210000052156,Earthy Edith's Cozy Dusting Spray  Concentrate 8oz,Bulk_H&B,1,14.69
210000052188,Thai Crystal Deodorant Stone Velvet Pouch 5.5oz,Packaged_H&B,1,9.69
210000052198,Light Mountain Hair Color Light Red Bulk Package,Packaged_H&B,3,4.79
210000052225,Snack Time reusable sandwich bags avocado  (3) chico bag,Bulk_H&B,3,14.99
210000052230,mushroom chai latte calm pkt,Beverages,5,1.89
210000052238,zinc mega 100mg 90tbs nature's plus,Vitamins,3,27.99
210000052273,Jarlsberg Cheese Wedge 8 oz,Milk,15,9.19
210000052275,Solely Fruit Jerky Mango Chii & Salt Org,Packaged_Dry,40,1.99
210000052296,Frankferd Farms Pancake Buckwheat Mix Org 32 oz,Packaged_Dry,4,6.99
210000052298,New Wave Enviro Alkaline Plus Lead Removal Wand,Bulk_H&B,1,11.49
210000052325,ginger beer extra can single reed's,Beverages,48,2.19
210000052330,gelsemium 30c,Vitamins,4,8.99
210000052369,cherries tart dried OG 12oz foods alive,Packaged_Dry,2,13.99
210000052372,empty '00' vcaps vegetarian capsules 500 ct starwest,Vitamins,3,26.99
210000052374,omega 3 6 9 100sftgls NOW FOODS,Vitamins,2,15.99
210000052382,Organic Valley  Butter Salted 16 oz,Milk,4,12.19
210000052412,lomatium af 1oz,Vitamins,1,17.99
210000052449,Tierra Verde Eggs,Produce,52,7.99
210000052462,Tierra Verde Farms Ground Beef,Meat,12,0.00
210000052467,Tierra Verde Farms Pork Breakfast Link Sausage,Meat,1,0.00
210000052484,Cadia Pasta Linguine  Org,Packaged_Dry,9,3.59
210000052496,cough lozenges lemon honey 18lozenges,Vitamins,2,5.49
210000052500,beet touchstone gold OG seeds,Packaged_Dry,4,4.99
210000052504,carrot danvers seeds,Packaged_Dry,3,3.49
210000052510,pepper sweet banana OG seeds,Packaged_Dry,4,2.99
210000052512,tomatillo grande  rio verde  OG seeds,Packaged_Dry,4,2.99
210000052514,wild bergamot seeds,Packaged_Dry,8,2.99
210000052516,bachelor button tall blend,Packaged_Dry,4,2.69
210000052518,cleome fountain blend seeds,Packaged_Dry,4,2.99
210000052520,cosmos sea shells seeds,Packaged_Dry,3,3.49
210000052522,marigold signet gem OG seeds,Packaged_Dry,1,2.99
210000052532,edible beauties LARGE,Packaged_Dry,3,6.49
210000052538,CBD hemp infused balm 450 mg  1.5 oz charlotte's web,Vitamins,3,29.99
210000052558,Hu Chocolate Cashew Butter Vanilla Bar,Packaged_Dry,9,6.39
210000052564,multi men over 40 one daily 60tbs,Vitamins,1,39.99
210000052575,Woodstock  Pickle Dill Whole 24 oz,Packaged_Dry,9,8.49
210000052577,Woodstock  Pickle Dill Whole Baby 24 oz,Packaged_Dry,3,8.39
210000052579,Woodstock  Pickle Dill Sliced 24 oz,Packaged_Dry,7,8.49
210000052633,tulsi tea focus pomegranate orange 18 bags organic india,Beverages,1,3.50
210000052635,Eden Agar Agar Bars,Packaged_Dry,1,5.99
210000052644,Alter Eco Total Blackout 100%  Bar,Packaged_Dry,7,6.49
210000052670,apple juice honeycrisp OG 32oz,Beverages,6,8.99
210000052672,African Market Basket Natural Shoulder Bag G-142,Bulk_H&B,1,50.00
210000052709,Quinn Maple Almond Butter Filled Pretzels,Chips&Cookie,4,6.59
210000052711,The Good Crisp Company Sour Cream & Onion 5.6oz,Chips&Cookie,6,5.29
210000052713,The Good Crisp Company Salt  & Vinegar 5.6oz,Chips&Cookie,6,5.29
210000052715,Tony's Chocolonely Milk Chocolate w/ Caramel & Sea Salt 1.7 oz,Packaged_Dry,2,2.39
210000052719,arnica 6c ollois,Vitamins,6,8.49
210000052804,BWC  Ink Liner Black,Packaged_H&B,3,19.99
210000052817,kombucha blackberry 14oz brew dr,Beverages,1,3.99
210000052821,Boulder Canyon  Avocado Oil Canyon Cut Potato Chips Sea Salt,Chips&Cookie,12,4.99
210000052895,honees menthol lemon drops,Vitamins,19,1.49
210000052921,brussels sprouts long island imroved seeds,Packaged_Dry,3,2.69
210000052931,basil cardinal OG seeds,Packaged_Dry,10,2.99
210000052935,nasturtium black velvet seeds,Packaged_Dry,2,2.99
210000052941,lettuce salad bowl LARGE,Packaged_Dry,6,5.99
210000052949,berberine 90 sgls NOW FOODS,Vitamins,1,39.99
210000052951,Authentic Foods Falafel Mix,Packaged_Dry,4,8.99
210000052967,mushroom energy citrus single packet om,Vitamins,4,2.29
210000052971,sparkling water peach can waterloo,Beverages,19,0.99
210000052973,kombucha alive matcha vanilla 16oz Gt's,Beverages,5,4.69
210000052979,vanilla paste 2oz singing dog,Packaged_Dry,1,13.99
210000053023,Watkins Rainbow Sugar,Packaged_Dry,6,5.49
210000053045,YS Organic  Royal Jelly/Pollen/Propolis & Ginseng #400,Packaged_Dry,7,21.79
210000053064,lemonade OG 32oz Santa Cruz,Beverages,18,3.99
210000053076,absorb aid digestive support powder 3.5oz,Vitamins,1,13.00
210000053099,Jovial Beans Cannellini Org.  13 Oz. U,Packaged_Dry,3,4.99
210000053101,Mamma Chia White Chia Seeds Org. 12 oz,Packaged_Dry,4,8.59
210000053117,chocolate energy 8pc good day,Vitamins,10,4.39
210000053140,Bunker Hill Raw Milk Gouda,Refrigerated,5,5.89
210000053144,Hu Chocolate Hunks Almond  w/Sea Salt,Packaged_Dry,1,6.79
210000053153,D 3 50000 IU 50sgls NOW FOODS,Vitamins,3,19.99
210000053160,Sage Spirit White Sage Mini Torch,Bulk_H&B,4,13.99
210000053162,Sage Spirit Secrets White Sage Mini Wand (3),Bulk_H&B,3,13.99
210000053165,If You Care #2 Coffee Filters,Bulk_H&B,10,5.49
210000053167,detox & immunity booster 90 Cap,Vitamins,1,9.80
210000053229,B12 Max 5000mcg 60tbs Wellgenix,Vitamins,2,29.99
210000053237,Seventh Generation Dish Lqd. Lime & Gngr 19oz,Bulk_H&B,1,4.99
210000053257,Peaceful Fruits  Fruit Strips Mango,Packaged_Dry,12,1.69
210000053259,Peaceful Fruits  Fruit Strips  Peach,Packaged_Dry,11,1.29
210000053261,cold brew vanilla OG rise brewing,Beverages,8,3.79
210000053278,Deebee's Fruit  Pop Freezies Box of  10,Frozen,12,6.59
210000053305,Siete Kettle Chips Salt,Chips&Cookie,3,4.99
210000053307,Siete Kettle Chips Fuego,Chips&Cookie,4,4.99
210000053309,Siete Kettle Potato Chips Chipotle BBQ,Chips&Cookie,2,4.99
210000053317,Siete Grain Free  Cookies Mexican Wedding,Packaged_Dry,1,3.99
210000053323,The Good Crisp Company Original 5.6oz,Chips&Cookie,6,5.29
210000053325,The Good Crisp Company Aged White Cheddar 5.6oz,Chips&Cookie,7,5.29
210000053331,Simple Mills Cracker Seed Garlic & Herb GF Org,Packaged_Dry,7,5.99
210000053342,Cadia Pasta Fettuccine Brown Rice 16 oz,Packaged_Dry,10,3.69
210000053344,New Wave EnviroStainless Steel Straw 4 Pack,Bulk_H&B,4,9.99
210000053346,Aura Cacia Fractionated Coconut Skin Care Oil 4 oz ORGANIC,Packaged_H&B,2,8.49
210000053349,Alvarado St. Sprouted Wheat Everything Bagels,Bread,3,8.79
210000053365,marjoram OG seeds,Packaged_Dry,4,4.49
210000053366,Eden Green Lentils w/ onion & bay leaf,Packaged_Dry,5,3.99
210000053370,Olive Valley Falafel Patties,Frozen,7,7.69
210000053372,Olive Valley Falafel Sticks,Frozen,3,7.69
210000053374,Solely Fruit Jerky Mango Org,Packaged_Dry,33,1.99
210000053376,sparkling water summer berry can waterloo,Beverages,43,0.99
210000053380,sparkling water strawberry 8 pack waterloo,Beverages,2,6.99
210000053384,black seed oil 90cps bio nutrition,Vitamins,2,23.99
210000053401,kratom green maeng da powder 100g(3.5oz) super speciosa,Vitamins,2,29.99
210000053453,Lotus Foods Traditional Pad Thai  Rice Noodles Org 8 oz,Packaged_Dry,5,5.79
210000053465,Cocojune Coconut Yogurt 16 oz,Milk,10,8.89
210000053467,Chloe's Lime Fruit Pops Frozen 4pk,Milk,2,5.99
210000053469,Chloe's Avengers Cherry & Grape Fruit Pops 10 pk,Milk,3,6.29
210000053482,lion's mane 90vcps nature's answer,Vitamins,1,29.99
210000053498,Hartzler Cheese Gouda,Milk,10,2.50
210000053500,Hartzler Cheese Colby,Milk,7,3.99
210000053544,aconitum napellus 30c,Vitamins,2,8.49
210000053546,allium cepa 30C ollois,Vitamins,8,8.99
210000053548,apis mellifica 30C ollois,Vitamins,2,8.49
210000053550,argentum nitricum 30C ollois,Vitamins,4,8.99
210000053552,arsenicum album 30C ollois,Vitamins,5,7.99
210000053554,belladonna 30C ollois,Vitamins,2,8.49
210000053556,bryonia 30C ollois,Vitamins,2,7.99
210000053558,calcarea carbonica 30C ollois,Vitamins,3,7.99
210000053560,calcarea sulphurica 30C ollois,Vitamins,3,8.49
210000053562,cantharis 30C ollois,Vitamins,2,7.99
210000053564,carbo vegetabilis 30C ollois,Vitamins,1,8.99
210000053566,chamomilla 30C ollois,Vitamins,6,8.49
210000053568,coffea cruda 30C ollois,Vitamins,3,8.49
210000053570,hamamelis virginiana 30C ollois,Vitamins,4,8.99
210000053572,hepar sulphuris calcareum 30C ollois,Vitamins,5,8.99
210000053574,histaminum hydrochloricum 30C ollois,Vitamins,2,8.99
210000053576,hydrastis canadensis 30C ollois,Vitamins,5,7.99
210000053578,hypericum perforatum 30C ollois,Vitamins,4,8.49
210000053580,ignatia amara 30C ollois,Vitamins,2,8.99
210000053582,kali bichromium 30C ollois,Vitamins,3,8.99
210000053584,lachesis mutus 30C ollois,Vitamins,4,7.99
210000053586,ledum palustre 30C ollois,Vitamins,4,7.99
210000053588,lycopodium clavatum 30C ollois,Vitamins,1,8.49
210000053590,mercurius solubilis 30C ollois,Vitamins,2,7.99
210000053592,natrum muriaticum 30C ollois,Vitamins,3,8.49
210000053594,nux vomica 30C ollois,Vitamins,9,8.99
210000053596,phosphorus 30C ollois,Vitamins,3,7.99
210000053598,phytolacca decandra 30C ollois,Vitamins,1,7.99
210000053600,pulsatilla 30C ollois,Vitamins,5,7.99
210000053602,rhus toxicodendron 30C ollois,Vitamins,5,8.99
210000053604,ruta graveolens 30C ollois,Vitamins,5,7.99
210000053606,sepia 30C ollois,Vitamins,3,9.99
210000053608,silicea 30C ollois,Vitamins,6,8.99
210000053610,spongia tosta 30C ollois,Vitamins,5,7.99
210000053612,staphysagria 30C ollois,Vitamins,3,7.99
210000053614,sulphur 30C ollois,Vitamins,2,8.49
210000053616,Symphytum Officinale 30C,Vitamins,1,7.99
210000053618,thuja occidentalis 30C ollois,Vitamins,5,8.99
210000053620,Soft & Scented Whipped Body Butter (Unscented),reports_inventory_listings_assets,1,22.99
210000053622,Soft & Scented Shea Butter (Cinnamon),reports_inventory_listings_assets,3,24.99
210000053645,CBD sleep gummies 30 cv sciences,Vitamins,6,25.00
210000053663,D-mannose cranberry 90 vcps NOW FOODS,Vitamins,1,29.99
210000053665,D-mannose powder 6oz NOW FOODS,Vitamins,2,58.99
210000053675,Ecos Vegetable Wash,Bulk_H&B,1,5.99
210000053701,kratom green maeng da powder 250g(8.8 oz) super speciosa,Vitamins,1,54.99
210000053715,empty 0 gelatin capsules 500 Starwest large silver bag,Vitamins,2,9.00
210000053717,empty 0 gelatin capsules 1000 Starwest large silver bag,Vitamins,3,12.90
210000053719,Starwest Botanicals Icelandic Moss C/S Org 4oz,reports_inventory_listings_assets,1,13.99
210000053727,Tate's Bake Shop Chocolate Chip Cookies,Chips&Cookie,2,7.29
210000053752,Accure Cream Soothing Cleansing,Packaged_H&B,1,10.49
210000053761,Cadia Seaweed Roasted Teriyaki,Packaged_Dry,13,2.29
210000053788,immunity boost elderberry ginger shot vive,Beverages,4,3.99
210000053790,Cadia Seaweed Roasted Salted Org .35 oz,Packaged_Dry,8,2.59
210000053810,Chico Bag coral stripe,Bulk_H&B,2,12.99
210000053831,mushroom elixir lion's mane think rhodiola mix single pkt,Beverages,51,1.79
210000053839,Beauty Without Cruelty Conditioning Mascara Walnut,Packaged_H&B,1,19.99
210000053841,Nature's Alchemy Palmarosa Essential Oil .5oz,Packaged_H&B,3,5.94
210000053843,Bob's Creamy White Corn Grits,Packaged_Dry,4,4.79
210000053857,Sunbeam Candles Tapers Hunter Green (1 Pair Hanging),Bulk_H&B,3,10.29
210000053901,gymnema 60 caplets himalaya,Vitamins,2,17.99
210000053945,Terra Headband Set,Bulk_H&B,2,7.95
210000053953,Terra Jewelry Sleeve Set (3),Bulk_H&B,3,12.95
210000053955,Terra Sport Cosmetic Bag Medium,Bulk_H&B,2,9.95
210000053959,Terra Sport  Bagguette,Bulk_H&B,1,13.95
210000053969,chia squeeze blackberry bliss 3.5oz,Beverages,16,2.29
210000053988,RSVP Scrubby Cloths 3ct,Bulk_H&B,4,10.39
210000053990,Sophi Nail Polish Not So Mellow,Packaged_H&B,3,7.99
210000053992,Sophi Nail Polish Fearless,Packaged_H&B,2,7.99
210000053998,magnesium soft chews grape 30 chews megafood,Vitamins,1,16.99
210000054015,WYLD CBD Gummies 1000 mg 40 ct Blackberry,Packaged_H&B,3,44.49
210000054019,WYLD CBD Gummies 1000 mg 40 ct Lemon,Packaged_H&B,2,39.99
210000054023,Moso Natural Air Purifying Bag 600 grms,Bulk_H&B,1,16.99
210000054025,Sophi Nail Polish Don't Coffee Me,Packaged_H&B,1,6.99
210000054027,GladRags Organic Night Pad,Bulk_H&B,1,16.59
210000054033,Rhinase soothing nasal gel 30g,Vitamins,2,14.99
210000054039,children's multi soft melts gummies 27tbs,Vitamins,2,16.99
210000054048,Zum Laundry Soap Sea Salt 64 oz,Bulk_H&B,3,20.69
210000054050,Zum Laundry Soap  Frankincense & Myrrh 64 oz,Bulk_H&B,2,20.69
210000054056,silver first aid gel  for pets 1oz,Vitamins,4,13.99
210000054068,silver lozenges with vitamin c 21loz,Vitamins,5,11.99
210000054085,tangerine oil 1oz NOW FOODS,Packaged_H&B,6,5.99
210000054087,spiced cider fall blend oil 1oz NOW FOODS,Packaged_H&B,1,13.99
210000054089,pumpkin spice fall blend oil 1oz NOW FOODS,Packaged_H&B,2,14.99
210000054115,cold brew concentrate 32oz chameleon,Beverages,6,12.99
210000054125,Namaste GF Yellow Cake Mix Org,Packaged_Dry,4,7.49
210000054196,kratom red maeng da 100g(3.52oz) super speciosa,Vitamins,2,29.99
210000054206,Blue Mountain Hazelnut Butter  Raw Org Sprouted 16 oz,Packaged_Dry,4,21.99
210000054214,sweet ginger citrus turmeric vitality tea yogi,Beverages,5,5.39
210000054216,sweet lemon everyday immune tea yogi,Beverages,5,5.39
210000054218,relaxed mind OG 16 bags yogi caffeine free,Beverages,10,5.39
210000054242,Yum Earth  Fruit Chews Org 5 oz,Packaged_Dry,4,6.99
210000054248,Kettle & Fire Bone Broth Beef  Low Sodium,Packaged_Dry,10,5.49
210000054264,elderberry herbal tea OG 20 bags bravo,Beverages,4,6.99
210000054268,dandelion herbal tea OG 20 bags bravo,Beverages,6,6.99
210000054270,honeysuckle herbal tea OG 20 bags bravo,Beverages,5,6.99
210000054272,panax ginseng herbal tea 20 bags bravo,Beverages,5,6.99
210000054274,red clover herbal tea OG 20 bags bravo,Beverages,4,6.99
210000054276,nettle leaf herbal tea 20 bags bravo,Beverages,10,6.99
210000054278,milk thislte herbal tea 20 bags bravo,Beverages,4,6.99
210000054280,sunflower evening sun seeds,Packaged_Dry,3,2.99
210000054290,Giovanni Leave In Conditioner Ultramoist,Packaged_H&B,4,10.49
210000054312,Every Man Jack Deodorant   Sandalwood,Packaged_H&B,4,9.19
210000054336,Aloha Bay Votive Rainbow Candle In Glass Holder,Bulk_H&B,11,4.69
210000054364,Dr. Bronner's Magic Chocolate Bar Coconut Praline,Packaged_Dry,18,4.99
210000054366,Dr. Bronner's Magic Chocolate Bar Roasted Hazelnut,Packaged_Dry,12,5.99
210000054368,Dr. Bronner's Magic Chocolate Bar Crispy Hazelnut Butter,Packaged_Dry,18,5.99
210000054370,Dr. Bronner's Magic Chocolate Bar Salted Almond Butter,Packaged_Dry,24,4.99
210000054372,Dr. Bronner's Magic Chocolate Bar Salted Whole Almond,Packaged_Dry,17,5.99
210000054374,Dr. Bronner's Magic Chocolate Bar Dark Salted,Packaged_Dry,10,5.99
210000054378,mushroom immune orange & elderberrysingle packet om,Vitamins,21,2.99
210000054386,CBD melatonin 60 Liquid Softgels,Vitamins,1,29.99
210000054392,B-1 500mg 100tbs source naturals,Vitamins,1,21.99
210000054398,Skoy Scrub 2 ct. Gray,Bulk_H&B,6,10.69
210000054406,chrysanthemum herbal tea 20 bags bravo,Beverages,3,5.99
210000054412,Norpro Compost Keeper Filter set,Bulk_H&B,1,5.59
210000054480,teeccino french roast 11oz,Beverages,2,13.99
210000054509,cranberry blend juice OG 32oz lakewood,Beverages,6,10.89
210000054513,elderberries dried  OG 6oz health junkie,reports_inventory_listings_assets,4,15.99
210000054529,Navitas Maca Powder Org 4oz,Packaged_Dry,2,8.19
210000054535,Yum Earth Organic Candy Canes 10 count,Packaged_Dry,4,9.19
210000054545,Wake Robin Kimchi Pickles Raw,Milk,4,5.99
210000054547,Wake Robin Easy Kimchi Raw,Milk,17,6.99
210000054556,Manuka Doctor Honey Manuka 80+ 8.75 oz (20+),Packaged_Dry,5,24.99
210000054582,stored belly fat burner 60liquigls irwin,Vitamins,3,24.99
210000054600,Wyndmere Cardamom Oil10mL,Packaged_H&B,3,41.99
210000054613,Tierra Verde Farms Boneless Chicken Breasts,Meat,7,0.00
210000054627,migshield 60tabs,Vitamins,1,5.00
210000054631,lysine super extract 2oz,Vitamins,1,14.99
210000054653,A Dozen Cousins Trini Chickpea Curry,Packaged_Dry,5,4.29
210000054655,Crazy Rumors Vegan  Lip Balm French Vanilla  .14oz,Packaged_H&B,2,3.99
210000054657,Crazy Rumors Vegan  Lip Balm Ruby Red Grapefruit  .14oz,Packaged_H&B,3,3.99
210000054659,Crazy Rumors Vegan  Lip Balm Blueberry Lemon  .14oz,Packaged_H&B,3,3.99
210000054661,A Dozen Cousins Cuban Black Beans,Packaged_Dry,3,4.19
210000054663,Crazy Rumors Vegan  Lip Tint Pearl  .14oz,Packaged_H&B,4,5.29
210000054667,Crazy Rumors Vegan  Lip Tint Breeze  .14oz,Packaged_H&B,3,5.29
210000054737,schisandra herbal tea 20 bags bravo,Beverages,1,6.99
210000054740,kratom white maeng da powder 20g(.7oz) super speciosa,Vitamins,1,4.49
210000054744,White Mountain Bulgarian Yogurt Plain 16 oz,Milk,13,7.19
210000054796,power pak electrolyte grape 1200mg vit C pkt single,Vitamins,5,0.79
210000054834,copper bio-active twist top10ppm 4oz,Vitamins,2,23.99
210000054836,copper bio-active hydrosol 10ppm 2oz,Vitamins,1,14.99
210000054838,Heritage Rose Water with Atomizer 2oz,Packaged_H&B,7,6.19
210000054844,potassium 99mg 2oz trace mineralss,Vitamins,4,19.99
210000054846,magnesium mega-mag 400mg 4oz trace minerals,Vitamins,5,25.99
210000054850,trace mineral drops 8oz trace minerals,Vitamins,5,49.99
210000054862,Boody Crop Leggings Black Extra Large,Bulk_H&B,1,17.99
210000054876,Mens Boody T-Shirt V-Neck Dark Marl Small,Bulk_H&B,2,20.99
210000054886,Mens Boody T-Shirt V-Neck Dark Marl X Large,Bulk_H&B,1,20.99
210000054888,Mens Boody T-Shirt V-Neck Black X Large,Bulk_H&B,1,20.99
210000054925,Hu Semi Sweet Chocolate Baking Chips 45% Org,Packaged_Dry,14,11.99
210000054941,Walkers Shortbread Gingerbread Man,Packaged_Dry,8,5.99
210000054947,fig bar blueberry box natures bakery,Packaged_Dry,5,6.99
210000054949,chia squeeze wild raspberry 3.5oz,Beverages,5,2.29
210000054953,sleep calm 60tbs,Vitamins,3,12.79
210000054959,wool killington mountain hiker dark green large maggie's,Bulk_H&B,3,21.99
210000054969,wool killington mountain hiker raspberry large maggie's,Bulk_H&B,3,21.69
210000054985,cotton ragg sock navy medium maggie's,Bulk_H&B,3,11.99
210000054991,Tierra Verde Farms Nitrate-Free Sugar-Free Bacon,Meat,9,0.00
210000054993,Mrs. Andersons Pastry Brush,Bulk_H&B,2,7.29
210000055002,ashwagandha 90vcp organic india,Vitamins,2,26.99
210000055022,Seventh Generation Auto Dish Gel 42oz Lemon,Bulk_H&B,3,9.99
210000055092,calm orange 8oz natural vitality,Vitamins,2,20.99
210000055109,tomato juice OG 32oz knudsen,Beverages,2,6.29
210000055122,glass bottle empty cobalt blue w/DROPPER 4oz,Vitamins,17,2.89
210000055124,jar glass amber empty 8oz,Vitamins,22,2.89
210000055138,mushroom coffee latte blend single packet om,Vitamins,11,2.99
210000055139,hazelnuts raw OG 4oz pouch boxford bakehouse,Packaged_Dry,11,5.89
210000055143,figs white turkish OG 4oz pouch boxford bakehouse,Packaged_Dry,2,4.99
210000055156,apple rings OG 6oz pouch boxford bakehouse,Packaged_Dry,6,7.99
210000055160,cranberries OG 8oz pouch boxford bakehouse,Packaged_Dry,3,7.99
210000055164,figs white turkish OG 8oz pouch boxford bakehouse,Packaged_Dry,1,7.99
210000055178,Edward & Sons Miso-Cup Seaweed  Box U,Packaged_Dry,13,6.39
210000055199,Kinnikinnick Vanilla Wafers GF,Packaged_Dry,2,4.59
210000055231,Edward & Sons Miso-Cup Original Box K,Packaged_Dry,12,6.19
210000055245,Woodstock Farms Wild Blueberries 28oz,Frozen,6,24.99
210000055260,Muscle MX CBD Balm Activate Heated  1000 mg,Packaged_H&B,3,59.99
210000055262,Muscle MX CBD Balm Recovery Cooling  1000 mg,Packaged_H&B,6,59.99
210000055266,Wise Ways Roots Apple Cider Hair Tonic,Packaged_H&B,1,10.99
210000055301,triple stress relief herbal tea OG 20 bags bravo,Beverages,4,6.99
210000055325,Justin's Crispy Peanut Butter Cups Dark Chocolate,Packaged_Dry,13,2.99
210000055343,Field Day Pickle  Relish Sweet Org,Packaged_Dry,9,5.69
210000055374,ginkgo biloba & red panax ginseng 10x30,Beverages,3,17.99
210000055377,Cadia  Vinegar White Wine 16.9 oz Org,Packaged_Dry,6,5.19
210000055379,Cadia  Vinegar Red Wine 16.9 oz Org,Packaged_Dry,8,5.19
210000055386,KNFC Post Card,reports_inventory_listings_assets,2,0.00
210000055397,Hawthorne Valley Sauerkraut w/Caraway 16oz,Milk,4,11.99
210000055399,Hawthorne Valley Kimchi 16oz,Milk,6,13.69
210000055403,Fino French Press Chrome 8 Cup,Bulk_H&B,2,28.99
210000055409,Simply Organic Mushroom Sauce Mix,Packaged_Dry,3,2.09
210000055413,Nubian Heritage  Raw Shea Butter Hand Cream,Packaged_H&B,1,10.19
210000055417,Fronen Coconut Ice Cream Salted Caramel Pint,Milk,9,6.99
210000055432,cotton ragg sock solid olive large maggie's,Bulk_H&B,1,11.99
210000055436,cotton ragg sock navy large maggie's,Bulk_H&B,3,11.99
210000055438,cotton ragg sock heathered purple large maggie's,Bulk_H&B,2,11.99
210000055440,cotton ragg sock solid purple medium maggie's,Bulk_H&B,2,11.99
210000055454,socks that save lgbtq lives grey SMALL,Bulk_H&B,2,14.99
210000055482,ashwagandha whole plant af 2oz,Vitamins,1,24.99
210000055501,Perfect Bar Mini Chocolate Chip Peanut Butter Snack Size,Refrigerated,9,8.99
210000055525,Beyond Meat Breaded Chicken Tenders,Frozen,5,6.69
210000055540,soda birch beer bottle 12oz rocky mountain,Beverages,18,2.49
210000055546,mushroom morning energy blend single packet,Vitamins,2,2.99
210000055629,Earth Friendly ECOS Pet Wipes,Bulk_H&B,5,4.69
210000055631,Mountain Rose Bulk Soap Nuts,Bulk_H&B,1,10.99
210000055649,Tiger Balm Patch 5 pc,Packaged_H&B,3,9.79
210000055696,bean bush jade OG seeds,Packaged_Dry,6,3.49
210000055700,beet detroit dark OG seeds,Packaged_Dry,6,2.99
210000055702,bok choy baby choi OG seeds,Packaged_Dry,1,2.99
210000055706,eggplant long purple OG seeds,Packaged_Dry,5,3.49
210000055708,kale dazzling blue OG seeds,Packaged_Dry,7,3.49
210000055712,lettuce black seeded simpson OG seeds,Packaged_Dry,5,3.49
210000055718,okra clemson spineless OG seeds,Packaged_Dry,5,2.69
210000055727,sacred heart spray,Vitamins,1,8.50
210000055729,radish easter egg blend OG seeds,Packaged_Dry,5,3.49
210000055731,squash summer max's gold seeds,Packaged_Dry,4,3.49
210000055735,squash waltham butternut OG seeds,Packaged_Dry,2,4.49
210000055741,cotton ragg sock solid taupe large maggie's,Bulk_H&B,1,11.99
210000055745,wool crew heatherd rosewood medium maggie's,Bulk_H&B,1,16.99
210000055755,sage broadleaf OG seeds,Packaged_Dry,5,2.99
210000055769,fairy meadow mix seeds,Packaged_Dry,2,3.49
210000055771,hyssop anise seeds,Packaged_Dry,4,3.49
210000055783,morning glory pinwheel OG seeds,Packaged_Dry,4,2.99
210000055793,snapdragon tall maximum seeds,Packaged_Dry,4,2.99
210000055817,zinnia cut and come again seeds LARGE,Packaged_Dry,4,6.49
210000055819,sprouts clover LARGE PKT Seeds,Packaged_Dry,5,5.99
210000055821,Barnana Bites Chewy Chocolate Org,Packaged_Dry,5,5.29
210000055825,Lotus Foods Rice White Jasmine &  Forbidden Org 8 oz,Packaged_Dry,8,4.79
210000055827,Justin's Peanut Butter Cups Dark Chocolate Bag,Packaged_Dry,4,8.59
210000055900,Barbara's  Cheese Puff Jalapeno,Chips&Cookie,12,4.69
210000055908,Alaffia Deodorant Shea Unscented,Packaged_H&B,1,6.69
210000055914,Hu Chocolate Gems Dark Simple Snacking 9 oz,Packaged_Dry,3,12.19
210000055916,Hu Chocolate Quinoa Vanilla Crunch Bar,Packaged_Dry,14,6.39
210000055918,Hu Chocolate Cashew Butter + Raspberry Bar,Packaged_Dry,1,6.39
210000055920,Elementa Silver Tooth Gel Peppermint 4 oz,Packaged_H&B,1,5.99
210000055922,Elementa Silver Tooth Gel Cinnamon 4 oz,Packaged_H&B,1,5.99
210000055924,calm plus calcium 8oz natural vitality,Vitamins,2,24.99
210000055934,Aura Cacia Chakra Roll-On Opening,Packaged_H&B,1,14.99
210000055936,Aura Cacia Chakra Roll-On Insightful  3rd Eye,Packaged_H&B,2,14.99
210000055946,Wyndmere Moisturizing Cream Clearer Skin  22,Packaged_H&B,2,16.29
210000055948,Wyndmere Aroma Therapy Bracelet Black 22,Packaged_H&B,1,14.89
210000055950,Wyndmere Aroma Therapy Bracelet Multi 22,Packaged_H&B,2,14.89
210000055952,Wyndmere Aroma Therapy Bracelet White 22,Packaged_H&B,2,12.59
210000055954,Wyndmere Aroma Therapy Pendant  North Star 22,Packaged_H&B,1,15.89
210000055956,Wyndmere Aroma Therapy Pendant  Starfire 22,Packaged_H&B,1,15.89
210000055960,Wyndmere Aroma Therapy Pendant  Tree of Life 22,Packaged_H&B,1,29.99
210000055966,tierra trail mix OG 8oz pouch boxford bakehouse,Packaged_Dry,3,9.89
210000055974,macadamia raw OG 8oz NOW FOODS,Packaged_Dry,1,12.99
210000055989,L-glutathione 50mg 90vcps,Vitamins,2,14.99
210000056007,Honey Pot Boric Acid and Herbs Suppositories,Packaged_H&B,2,12.00
210000056079,Seventh Generation Fabric Softener 32 oz Free & Clear,Bulk_H&B,3,7.39
210000056083,Panda Licorice Stick Black,Packaged_Dry,9,1.09
210000056089,Griffin Remedy Bubble Bath Bear Eucalyptus,Packaged_H&B,3,18.89
210000056094,kombucha jun raspberry rose OG 12oz glass wild tonic,Beverages,12,5.99
210000056112,healthy eyes herbal tea 20 bags bravo,Beverages,3,5.99
210000056116,clear and smooth skin herbal tea 20 bags bravo,Beverages,3,4.60
210000056126,magnesium ashwagandha 60 liqid softgels irwin,Vitamins,3,26.99
210000056146,mandarin ginger tea OG 16 bags Choice,Beverages,4,4.85
210000056148,Funny Farm Goat Cheddar Macaroni & Cheese GF Shells Box,Packaged_Dry,6,4.99
210000056150,kratom white maeng da powder 250gm(8.8oz) super speciosa,Vitamins,1,54.99
210000056152,soda grape bottle 12oz rocky mountain,Beverages,29,2.49
210000056160,cashews everything bagel OG 4oz pouch boxford bakehouse,Packaged_Dry,5,6.89
210000056166,pine nuts raw OG 4oz pouch boxford bakehouse,Packaged_Dry,5,8.99
210000056188,pycnogenol 100mg 30vcp,Vitamins,1,42.99
210000056193,GladRags Thong Panty Liners (3) Assorted Colors,Bulk_H&B,5,24.49
210000056195,Crazy Rumors Vegan  Lip Balm Zodiac Aries  .14oz,Packaged_H&B,2,4.19
210000056197,Crazy Rumors Vegan  Lip Balm Zodiac Taurus  .14oz,Packaged_H&B,4,4.19
210000056199,Crazy Rumors Vegan  Lip Balm Zodiac Gemini  .14oz,Packaged_H&B,3,4.59
210000056201,Crazy Rumors Vegan  Lip Tint Tropical Island Punch .14oz,Packaged_H&B,5,5.29
210000056203,Seventh Generation Fabric Softener 32 oz Lavender,Bulk_H&B,3,8.29
210000056205,BWC Beauty Without Cruelty Mascara Black (Waterproof),Packaged_H&B,1,23.99
210000056213,multi every woman's 40+ one daily 48 tbs new chapter,Vitamins,2,44.99
210000056217,multi every man's one daily 48 tbs new chapter,Vitamins,2,34.99
210000056219,multi every man's 40+ one daily 48 tbs new chapter,Vitamins,3,44.99
210000056225,multi woman's 75 gummies new chapter,Vitamins,1,26.99
210000056227,multi man's 75 gummies new chapter,Vitamins,1,26.99
210000056230,Goodell Maple Cashews,Packaged_Dry,2,6.89
210000056237,Kidfresh Mac & Cheese Wagon Wheels,Frozen,10,5.99
210000056241,Kidfresh Chicken Nuggets,Meat,9,7.99
210000056251,World Centric Container & Lid Compostible 32 oz 5ct,Bulk_H&B,6,4.69
210000056253,World Centric Container & Lid Compostible 48 oz 5ct,Bulk_H&B,1,5.19
210000056275,lion's mane 60vcaps NOW FOODS,Vitamins,4,24.99
210000056307,shilajit 60caps youth theory,Vitamins,3,29.99
210000056341,Cornbread CBD Gummies  Berry 100mg 2 Pack Gummies Org exp 10/25,Packaged_H&B,3,3.50
210000056345,Cornbread Menthol CBD  Lotion  500mg  Org,Packaged_H&B,3,39.99
210000056359,Blue Dragon Spring Roll Wrappers,Packaged_Dry,4,3.19
210000056372,Emmy's Coconut   Cacao Cookies Org,Packaged_Dry,10,6.59
210000056382,Tierra Verde Farms Chicken Tenders,Meat,13,0.00
210000056400,Emmy's Coconut   Vanilla Cookies Org,Packaged_Dry,5,6.49
210000056402,VerMints Cinnamon Org,Packaged_Dry,3,3.39
210000056423,Bob's Potato Starch GF 22oz,Packaged_Dry,2,6.29
210000056429,Lundberg Thin Stackers Brown Rice  No Salt Org,Chips&Cookie,5,5.69
210000056433,cranberries dried 1oz eden,Packaged_Dry,12,1.49
210000056461,mushroom elixir chaga protect mix single pkt,Beverages,12,1.79
210000056467,Mueller Honey Bee Propolis Toothpaste  Unflavored,Packaged_H&B,1,12.99
210000056470,red clover tea 18bags buddha tea,Beverages,1,6.49
210000056472,meditation moment tea 18bags buddha tea,Beverages,2,6.99
210000056485,Brittanie's Thyme  Bug Bite Relief Roll-On,Packaged_H&B,2,5.39
210000056487,Brittanie's Thyme  Facial Cleanser Citrus,Packaged_H&B,1,19.99
210000056493,Brittanie's Thyme  Facial Toner Balancing,Packaged_H&B,1,15.99
210000056505,Enviroscent Scent Stix Refills Lavender,Bulk_H&B,2,9.99
210000056509,Enviroscent Scent Stix Refills Lemon,Packaged_H&B,2,9.99
210000056511,Enviroscent Scent Stix Refills Spring,Bulk_H&B,2,9.99
210000056517,Good Clean Love Lubricant Almost Naked 4 oz,Packaged_H&B,1,11.29
210000056531,Top The Organic Tampon Compact Applicator Super 16 ct.,Bulk_H&B,1,7.99
210000056576,collagen peptides 240cps natures plus,Vitamins,4,42.99
210000056578,collagen peptides 120cps,Vitamins,2,24.99
210000056582,collagen peptides pkt single,Beverages,9,1.89
210000056586,collagen peptides .65 lb nature's plus,Beverages,2,27.99
210000056590,magnesium kalmassure 420mg 240vcps nature's plus,Vitamins,2,24.99
210000056594,Hema-Plex 60 chewable tbs nature's plus,Vitamins,4,13.49
210000056625,Starwest Botanicals Irish Moss/ Sea Moss powder Org 1lb.,Packaged_Dry,1,34.99
210000056629,Tierra Verde Farms Pork Maple Breakfast Link Sausage,Meat,4,0.00
210000056660,aller easy tea bravo,Beverages,5,6.99
210000056664,Eco Vessel Boulder 20 oz Lavender,Bulk_H&B,3,23.89
210000056669,Wyndmere Essential Oil Black Pepper 10mL 22,Packaged_H&B,2,13.59
210000056679,Sweet Nothings Kid Smoothie Strawberry Beet,Milk,4,5.49
210000056681,Caulipower Cauliflower Pizza White,Frozen,2,9.19
210000056709,Perfect Bar Mini Chocolate Covered Peanut Butter Snack Size,Refrigerated,5,8.99
210000056715,triple detox tea bravo,Beverages,4,6.99
210000056730,Eco Vessel S.S. Wander Ware Utensil  Set Rainbow,Bulk_H&B,1,19.99
210000056732,Eco Vessel S.S. Wander Ware Utensil  Set Black Shawdow,Bulk_H&B,1,20.19
210000056734,Eco Vessel Boulder 20 oz Summer Sun,Bulk_H&B,1,20.31
210000056736,Eco Vessel Splash 12 oz  Underwater,Bulk_H&B,1,8.92
210000056738,Eco Vessel S.S. Splash 12 oz  Camping,Bulk_H&B,1,10.49
210000056742,kombucha peach paradise 16oz gt's,Beverages,8,4.69
210000056756,juice box apple OG 8 pack apple & eve,Beverages,5,6.99
210000056760,fo-ti 100cps,Vitamins,1,12.99
210000056764,Cadia Tri-color Blend Quinoa Org 16 oz,Packaged_Dry,5,5.89
210000056772,Soft & Scented Whipped Body Butter (Lavender & Sage)),reports_inventory_listings_assets,1,24.99
210000056776,activated charcoal NOW FOODS,Vitamins,2,21.99
210000056806,Crazy Rumors Vegan  Lip Balm Zodiac   Pisces .14oz,Packaged_H&B,3,4.19
210000056808,Crazy Rumors Vegan  Lip Balm Zodiac Cancer  .14oz,Packaged_H&B,4,4.59
210000056820,Frankferd Farms Flour Whole Wheat All-Purpose 2# Organic,Packaged_Dry,2,6.49
210000056840,xylichew pomegranate raspberry gum 12pcs,Packaged_Dry,10,1.99
210000056841,cloves 100vcps,Vitamins,5,14.99
210000056843,Let's Date Date Sugar 12 oz Org,Packaged_Dry,4,8.69
210000056845,Let's Date Date Syrup 14 oz Org,Packaged_Dry,5,7.49
210000056876,LaClare Farms Cheese Goat Cheddar,Milk,8,6.99
210000056878,LaClare Farms Cheese Goat Mozzarella,Milk,15,6.89
210000056897,vitamin D3 & K2  50mcg 60vcps,Vitamins,3,24.99
210000056899,melatonin 1mg 90tbs,Vitamins,2,7.49
210000056903,melatonin 5mg 90tbs,Vitamins,2,10.99
210000056932,ashwagandha 60vcps NOW FOODS,Vitamins,2,29.99
210000056936,echinacea elderberry tea 18 bags buddha tea,Beverages,1,6.99
210000056938,Fody Balsamic Ceasar Dressing No Onion No Garlic,Packaged_Dry,6,6.49
210000056956,Cadia  Maple Syrup Org Dark Robust 32oz,Packaged_Dry,1,24.79
210000056958,Bob's Muesli  18 oz,Packaged_Dry,2,6.69
210000056975,Oatly  Barista Oatmilk  32oz,Milk,5,5.49
210000056989,Funny Farm Goat Cheddar Macaroni & Cheese  Box,Packaged_Dry,12,4.59
210000057011,kratom red maeng da blister pack,Vitamins,4,5.99
210000057017,Chloe's Pomegrante Fruit Pops Frozen 4pk,Frozen,1,5.79
210000057019,lemonade strawberry OG 32oz Santa Cruz,Beverages,16,3.99
210000057033,Minerva Roll Butter Salted 2#,Milk,2,17.49
210000057035,Minerva Roll Butter UnSalted 2#,Milk,7,17.49
210000057065,Crazy Rumors Vegan  Lip Balm Zodiac Virgo .14oz,Packaged_H&B,3,4.19
210000057067,Crazy Rumors Vegan  Lip Balm Zodiac Leo  .14oz,Packaged_H&B,3,4.59
210000057069,Mad Hippie Facial Hydrating SPF 25,Packaged_H&B,4,20.99
210000057077,Nature's  Path Whole O's GF Org 11.5 oz,Packaged_Dry,6,6.69
210000057079,Jade and Pearl Sea Pearl Sponge Tampons Multi Pack,Bulk_H&B,1,27.19
210000057085,chia squeeze cherry love 3.5oz,Beverages,10,2.29
210000057097,soda blood orange italian OG,Beverages,7,5.19
210000057101,Cadia Coconut Milk Light 13.5 oz can,Packaged_Dry,7,2.69
210000057105,coconut water OG 1 liter cadia,Beverages,4,6.19
210000057126,wellness immunitric 90cps source naturals,Vitamins,2,9.50
210000057140,cranberry comfort tea OG 18bags,Beverages,4,6.99
210000057150,mullein 90 soft gels,Vitamins,4,16.99
210000057157,vitamin C crystals 3lb NOW FOODS,Vitamins,1,15.00
210000057159,fulvic acid 2oz trace minerals,Vitamins,4,28.99
210000057177,holy basil 60 caplets himalaya,Vitamins,1,21.99
210000057181,toothpaste bamboo sea salt mint himalaya,Packaged_H&B,2,7.89
210000057199,Sukin mask super green detox,Packaged_H&B,4,4.59
210000057203,barley grass powder 10oz,Vitamins,3,32.49
210000057219,testonsterone mega boost red 56sgls irwin,Vitamins,1,35.99
210000057223,kidney & liver cleanse 60liquigels,Vitamins,4,24.99
210000057237,multi women one daily 60tbs,Vitamins,1,39.99
210000057276,Full Circle Dish Cloths 3 ct Gray,Bulk_H&B,5,10.39
210000057334,Mighty Spark Ground Chicken Bruschetta 16 oz,Meat,4,7.69
210000057353,sparkling water blackberry lemonade can waterloo,Beverages,9,0.99
210000057359,Sophi Nail Polish French Latte,Packaged_H&B,2,7.99
210000057365,reishi rooibos orange 16 tea bags traditional medicinals,Beverages,1,6.99
210000057373,Crazy Rumors Vegan  Lip Tint Coral  .14oz,Packaged_H&B,3,5.29
210000057397,vit D 1000IU gummies 60 nature's plus,Vitamins,2,15.99
210000057403,kratom red bali powder 20g(.7oz) super speciosa,Vitamins,5,7.99
210000057417,Bob's Muesli  W/Fruit & Seeds 14 oz U,Packaged_Dry,6,8.99
210000057423,Solely Fruit Jerky Banana Cacao Org,Packaged_Dry,7,2.29
210000057425,Siete Refried Org Pinto Beans,Packaged_Dry,2,3.59
210000057427,Siete Refried Org Black Beans,Packaged_Dry,6,3.59
210000057429,Filippo Berio Basil Pesto Org,Packaged_Dry,7,6.99
210000057431,Filippo Berio Balsamic Vinegar Org,Packaged_Dry,1,7.29
210000057449,Pascha Chocolate Chips 85% Cacao Org,Packaged_Dry,12,15.49
210000057451,Pascha Chocolate Chips 55% Cacao Org,Packaged_Dry,12,11.99
210000057452,energy drink dragonfruit lemon odyssey,Beverages,4,3.99
210000057454,energy drink passionfruit orange odyssey,Beverages,12,3.99
210000057456,energy drink blackberry lemon odyssey,Beverages,9,3.99
210000057458,energy drink orange ginger odyssey,Beverages,8,3.99
210000057464,Crazy Rumors Vegan  Lip Balm Zodiac Sagittarius  .14oz,Packaged_H&B,3,4.19
210000057466,Crazy Rumors Vegan  Lip Balm Zodiac Capricorn  .14oz,Packaged_H&B,3,4.19
210000057468,Crazy Rumors Vegan  Lip Balm Zodiac Libra  .14oz,Packaged_H&B,4,4.59
210000057470,Crazy Rumors Vegan  Lip Balm Zodiac Scorpio  .14oz,Packaged_H&B,6,4.19
210000057474,bilberry complex 80mg 100 vcps NOW FOODS,Vitamins,2,34.99
210000057487,Yum Earth Sour Giggles Candy 5oz,Packaged_Dry,8,6.99
210000057503,Aloha Bay Rainbow Candle Tapers (4),Bulk_H&B,6,10.00
210000057509,Kite Hill Almond Yogurt Unsweet16 oz,Milk,2,6.49
210000057523,Cadia Carrot Coconut Soup Org 32,Packaged_Dry,8,3.99
210000057535,Woo Bamboo Toothpicks,Packaged_H&B,2,4.49
210000057543,Cadia Paper Towels Recycled Single,Bulk_H&B,21,2.59
210000057565,King Arthur Measure for Measure Flour  GF 48 oz,Packaged_Dry,2,15.29
210000057571,Wyndmere Mentally Sharp,Packaged_H&B,3,12.49
210000057573,Wyndmere Positively Motivating Oil Blend 22,Packaged_H&B,2,13.89
210000057575,wool crew heathered dove medium maggie's,Bulk_H&B,3,16.99
210000057579,wool crew heathered rosewood large maggie's,Bulk_H&B,2,16.99
210000057583,wool crew heathered cornflower large maggie's,Bulk_H&B,3,16.99
210000057585,wool snuggle heathered dove large socks maggie's,Bulk_H&B,1,16.99
210000057601,shatavari 60 vegan caplets himalaya,Vitamins,3,19.99
210000057605,ashwagandha powder 4oz himalaya,Vitamins,3,18.99
210000057615,cough syrup nighttime 4oz beekeeper's natural,Vitamins,2,15.99
210000057620,Blake's Vegetable Pot Pie  Org,Frozen,6,8.49
210000057624,Cadia Dish Soap Liquid Free & Clear Unscented  25 oz,Bulk_H&B,8,5.29
210000057626,multi every woman's 55+ one daily 48 vcps new chapter,Vitamins,1,49.99
210000057644,Caboo Bath Tissue Single Roll,Bulk_H&B,19,2.29
210000057646,Better Than Bouillon Organic Vegetable Base Bouillon 8 oz,Packaged_Dry,3,8.59
210000057648,Better Than Bouillon Organic Mushroom Base Bouillon 8 oz U,Packaged_Dry,3,7.69
210000057652,collagen peptides daily wellness chocolate 8oz great lakes collagen co,Beverages,3,28.99
210000057656,holy basil tea 18 bags Buddha tea,Beverages,1,6.99
210000057669,Panda Licorice  Stix Strawberry,Packaged_Dry,18,1.09
210000057683,Cadia Dish Soap Liquid  Citrus 25 oz,Bulk_H&B,10,5.19
210000057687,Just Date Syrup Pomegranate Molasses  Org 8.8 oz,Packaged_Dry,4,10.99
210000057689,Mary's Gone Crackers Cheeze & Herbs 4 oz,Packaged_Dry,5,6.49
210000057693,Wyke Farms Ivy's Reserve  Vintage Cheddar,Milk,7,8.79
210000057699,pumpkin seed flats GF 1oz ella's,Packaged_Dry,22,2.69
210000057707,Biokleen Liq. Laundry 32oz Citrus,Bulk_H&B,1,10.49
210000057715,Emmy's Coconut   Chocolate Chip Cookies Org,Packaged_Dry,7,6.59
210000057721,chamomile vanilla tea 20bags,Beverages,3,6.59
210000057723,Chocolove Dark Chocolate Mint Creme Bar  3 oz,Packaged_Dry,3,5.39
210000057725,Dr. Bronner's Magic  Chocolate Bar Cool Peppermint Cream,Packaged_Dry,16,5.99
210000057747,R.W. Garcia Chili Cheese Corn Chips,Chips&Cookie,11,5.79
210000057770,Maple Joe Organic Maple Sugar 7.76 oz,Packaged_Dry,9,9.79
210000057829,Tru Earth Laundry Detergent Strips 32 Loads Baby,Bulk_H&B,12,18.39
210000057831,Zoe Org Olive Oil 2.5 liter,Packaged_Dry,5,63.79
210000057847,niacin no flush 500mg 60tbs,Vitamins,3,15.99
210000057853,Watkins Green Sugar,Packaged_Dry,6,4.99
210000057865,Jovial  Cassava Penne GF K,Packaged_Dry,4,5.49
210000057867,Jovial  Cassava Spaghetti GF K,Packaged_Dry,8,4.99
210000057869,Maya Kaimal Everyday Dal Yellow Lentil +  Tomato + Garlic,Packaged_Dry,7,4.99
210000057871,Maya Kaimal Everyday Chana Chickpeas+  Potato + Warm Spices U,Packaged_Dry,5,5.29
210000057888,Evolution Salt Lamp Night Light Moon,Bulk_H&B,2,14.99
210000057892,Ambassador Brush Oak with Boar Bristle/Nylon Quills,Packaged_H&B,1,31.29
210000057897,bright day peach bergamot tea 16 bags yogi caffeine free,Beverages,7,5.39
210000057910,tepache traditional pineapple spice can,Beverages,10,3.29
210000057931,Cahokia Rice  White 32 oz  High Protein,Packaged_Dry,6,5.49
210000057933,Cahokia Rice  Brown 32 oz  High Protein,Packaged_Dry,6,5.49
210000057956,macadamia raw OG 8oz pouch boxford bakehouse,Packaged_Dry,12,17.79
210000057960,arm warmer ribbed raisin,Bulk_H&B,1,22.49
210000057962,arm warmer ribbed black,Bulk_H&B,1,22.49
210000057964,arm warmer ribbed blue,Bulk_H&B,3,22.49
210000057965,mocca energy gummies,Vitamins,1,3.49
210000057971,Wise Ways Lavender Body Dusting Powder,Packaged_H&B,1,10.49
210000057985,ABC Alternative Baking Company Oatmeal Chocolate Chip Gluten Cookie,Chips&Cookie,9,2.99
210000057989,nitric oxide pre-sport 60sgls irwin,Vitamins,2,28.99
210000057993,B12 mega one per day  60sgls irwin,Vitamins,3,24.99
210000057995,biotin 6000mcg  60sgls irwin,Vitamins,2,29.99
210000058001,D3 + K2 + turmeric 60sgls irwin,Vitamins,1,22.99
210000058003,multi adult  60sgls irwin,Vitamins,1,16.00
210000058007,dandelion root roasted OG tea 16bags traditional medicinals,Beverages,3,6.99
210000058024,Cadia Triple Berry Blend Org,Frozen,8,4.29
210000058032,matcha powder tea rishi 1.050z,Beverages,4,16.99
210000058045,cushion dress herringbone bl xl maggie's,Bulk_H&B,3,11.99
210000058072,Maple Joe Organic Maple Butter 7.76 oz,Packaged_Dry,2,8.89
210000058075,kava blackberry yuzu rtd can psychedelic water,Beverages,4,3.89
210000058077,kava hibiscus lime rtd can psychedelic water,Beverages,10,3.89
210000058100,Ark Naturals Pet Toothpaste Chewable,Bulk_H&B,2,17.69
210000058108,unPasteToothpaste Tabs Cinnamon,Packaged_H&B,1,5.49
210000058148,chia squeeze mango coconut 3.5oz mamma chia,Beverages,8,2.29
210000058150,Green2   Bath Tissue 12 2ply,Bulk_H&B,1,19.99
210000058160,propolis spray 4oz beekeeper's natural,Vitamins,1,16.99
210000058171,cold brew nitro coffee salted caramel  rtd 7oz rise brewing,Beverages,9,3.79
210000058175,kombucha jun blueberry basil 12oz,Beverages,5,5.99
210000058189,Ethique Balanced Hair Bar Pack,Packaged_H&B,1,12.99
210000058195,Patch Bandages Adhesive Strips Natural exp 3/23,Bulk_H&B,1,5.59
210000058217,ginger honey lemon crystals 10 sachets prince of peace,Beverages,5,4.49
210000058230,Tru Earth Laundry Detergent Eco Strips 32 Loads Fresh Linen,Bulk_H&B,5,18.39
210000058239,bean bush yellow gold rush OG seeds,Packaged_Dry,4,3.49
210000058253,marigold french red seeds,Packaged_Dry,5,2.69
210000058257,zinnia benary's giant blend seeds,Packaged_Dry,2,3.49
210000058259,arugula rocket OG seeds LARGE,Packaged_Dry,5,4.99
210000058261,basil italian genovese OG seeds LARGE,Packaged_Dry,3,5.99
210000058263,basil six blend OG seeds LARGE,Packaged_Dry,4,4.99
210000058285,Annie's Shells & Aged Cheddar Box,Packaged_Dry,4,3.89
210000058307,Saucha Uplifting Refreshing Vetiver Bar 1oz,Packaged_H&B,1,2.59
210000058312,Reviva Multi-Peptide Complex exp 5/25,Packaged_H&B,1,15.00
210000058316,"Vit D3 10,000 IU 100sgls source naturals",Vitamins,4,14.99
210000058320,Veggie Wash Spray Org 16oz,Bulk_H&B,1,6.99
210000058326,slippery elm strawberry  200 lozenges planetary formulas,Vitamins,1,18.49
210000058328,slippery elm tangerine 100 lozenges planetary formulas,Vitamins,5,10.99
210000058330,B-6 100mg 100tbs source naturals,Vitamins,1,8.99
210000058332,coral calcium magnesium  90cps source naturals,Vitamins,2,18.99
210000058334,Better Than Bouillon No Chicken Base Bouillon 8 oz,Packaged_Dry,2,6.99
210000058336,Santa Cruz Peanut Butter Crunchy Dark Roast Org 16oz,Packaged_Dry,4,9.19
210000058338,Feel Bar Sunbutta Chocolate Chip,Refrigerated,5,4.49
210000058340,Feel Bar Sea Salt  Caramel,Refrigerated,8,4.49
210000058342,Feel Bar Golden Goodness,Refrigerated,9,4.49
210000058344,Feel Bar Match Latte,Refrigerated,11,4.49
210000058360,Crazy Rumors Vegan  Lip Balm Zodiac Aquarius  .14oz,Packaged_H&B,3,4.19
210000058362,Crazy Rumors Vegan  Lip Balm Peppermint Twist  .14oz,Packaged_H&B,5,3.99
210000058372,GladRags Thong Panty Liners (3) Organic Un-Dyed,Bulk_H&B,3,25.99
210000058376,honees ginger drops,Vitamins,9,1.49
210000058384,oat milk powder OG 12oz,Beverages,3,9.99
210000058386,zinc glyconate 120 sgls NOW FOODS,Vitamins,1,14.99
210000058405,Muir Glen  Pizza Sauce Org,Packaged_Dry,1,3.49
210000058412,cotton sport crew white medium,Bulk_H&B,1,10.99
210000058416,cotton sport crew black extra large,Bulk_H&B,2,10.99
210000058420,cotton sport crew black medium,Bulk_H&B,1,10.99
210000058426,wool urban trail ankle dark green medium,Bulk_H&B,2,12.99
210000058428,wool urban trail ankle dark green large,Bulk_H&B,3,12.99
210000058430,wool urban trail ankle dark purple large,Bulk_H&B,1,12.99
210000058432,wool urban trail ankle dark purple medium,Bulk_H&B,1,12.99
210000058434,wool urban trail ankle dark black medium,Bulk_H&B,3,11.99
210000058436,wool urban trail ankle dark black large,Bulk_H&B,3,12.99
210000058472,Beequa Bakes English Muffins 4pack VEGAN,Bread,1,8.00
210000058507,vit C D3 Zinc 100vcps NOW FOODS,Vitamins,3,19.99
210000058513,Ecos Dishmate Liquid Dish soap Free & Clear 25oz,Bulk_H&B,4,5.89
210000058515,Tea Tree Therapy Eucalyptus Soap,Packaged_H&B,2,4.99
210000058519,Hawthorne Valley Sauerkraut 16oz,Milk,6,11.49
210000058526,fig bar raspberry single natures bakery,Packaged_Dry,8,1.39
210000058544,Cadia Avocado Oil,Packaged_Dry,4,13.39
210000058546,yerba mate peach revival can 15.5oz guayaki,Beverages,10,3.39
210000058553,Crazy Rumors Vegan  Lip Balm Coffee Bean  .14oz,Packaged_H&B,2,3.99
210000058555,Crazy Rumors Vegan  Lip Balm Cirtus Bergamot  .14oz,Packaged_H&B,1,3.99
210000058557,Crazy Rumors Vegan  Lip Balm Orange Creamsicle  .14oz,Packaged_H&B,2,3.99
210000058565,"Sunbeam Candles Beeswax Votive  Lmgrass, Sage, Ginger (orange)",Bulk_H&B,6,3.99
210000058579,Boulder Canyon Malt Vinegar Potato Chips,Chips&Cookie,6,4.79
210000058583,mullein x cough syrup 4oz nature's answer,Vitamins,4,21.99
210000058585,lion's mane herbal tea OG 20 bags bravo,Beverages,4,8.49
210000058590,B12 350mcg 60 raspberry gummies new chapter,Vitamins,1,14.90
210000058598,Sunbeam Candles 2 x 6 Manifestation Meditation,Bulk_H&B,1,20.00
210000058602,Sunbeam Candles 2 x 6 Manifestation Goddess,Bulk_H&B,2,20.00
210000058629,ruta graveolens 200ck,Vitamins,3,8.99
210000058662,brazil nuts raw  OG 5.3oz elan,Packaged_Dry,7,8.79
210000058692,liposomal vitamin c 120vcaps NOW FOODS,Vitamins,1,29.99
210000058694,vitamin e liquid 1oz NOW FOODS,Vitamins,2,11.99
210000058698,selenium 200mcg 180tbs NOW FOODS,Vitamins,1,19.99
210000058706,calcium & magnesium 90tbs megafood,Vitamins,2,39.99
210000058714,magnesium 200mg 180tbs nature's plus,Vitamins,3,29.99
210000058718,Chickapea Pasta Lasagne 8 oz,Packaged_Dry,6,4.99
210000058720,magnesium kalmassure 400mg 120vcps nature's plus,Vitamins,8,13.99
210000058730,Diffuser Bracelet Lotus,Packaged_H&B,2,24.79
210000058738,Simply Delish Jel Desert Unflavored,Packaged_Dry,7,2.99
210000058744,All Terrain Waterproof Bandages 20 ct,Packaged_H&B,2,2.99
210000058754,Cadia Pasta Sauce Arrbiata Org 24 oz,Packaged_Dry,3,5.19
210000058764,Louisville Vegan Jerky General Tso's 3oz,Packaged_Dry,9,7.49
210000058770,Wise Bar Cinnamon Turmeric,Milk,6,2.89
210000058774,Andalou Naturals Refresher Toner Blossom Leaf,Packaged_H&B,2,15.69
210000058791,cherries tart red OG 4oz pouch boxford bakehouse,Packaged_Dry,7,6.79
210000058795,cashews chocolate covered OG 6oz pouch boxford bakehouse,Packaged_Dry,9,10.99
210000058813,kombucha raspberry lemonade zero can humm,Beverages,1,2.60
210000058825,Solely Fruit Gummies Mango Guava Org,Packaged_Dry,2,4.49
210000058831,Diffuser Bracelet Sun & Moon,Packaged_H&B,1,24.79
210000058833,Diffuser Necklace Heart,Packaged_H&B,2,24.79
210000058848,warrior blend natural 375gm sunwarrior,Beverages,1,28.99
210000058850,warrior blend chocolate 375gm sunwarrior,Beverages,1,15.00
210000058852,Desert Essence  Whitening +Tea Tree  Mouthwash  16oz,Packaged_H&B,2,10.49
210000058854,Tru Earth Laundry Detergent Strips 32 Loads No Scent,Bulk_H&B,9,17.49
210000058858,Griffin Remedy Shampoo Clarifying  8 oz,Packaged_H&B,6,11.49
210000058860,Griffin Remedy Conditioner Clarifying  8 oz,Packaged_H&B,6,11.49
210000058870,Dr Tung's Toothpowder Chewable Tabs Mint Free,Packaged_H&B,1,6.50
210000058872,Dr Tung's Toothpowder Chewable Tabs Spearmint,Packaged_H&B,1,12.49
210000058916,CBD plus pain relief cream 2oz,Vitamins,3,39.99
210000058920,gymnema sylvestre ultra 60tbs,Vitamins,2,18.99
210000058924,Blue Mountain  Pistachio Butter Raw Org 16 oz,Packaged_Dry,3,32.99
210000058942,Jason Toothpaste Fluoride Free Peppermint,Packaged_H&B,3,8.59
210000058955,allergycalm 60tbs boiron,Vitamins,6,14.99
210000058964,antacid strawberry 60 chews wonderbelly,Vitamins,4,11.99
210000058975,Yum Earth Elderberry Lollipops 3.3oz Org,Packaged_Dry,8,6.79
210000058979,damiana leaf tea 18bags buddha tea,Beverages,2,8.49
210000058987,co q10 100mg 60sgls,Vitamins,1,29.99
210000058995,irish sea moss capsules bio nutrition,Vitamins,1,19.99
210000059004,arnica vegan OG 30x ollois,Vitamins,5,8.49
210000059006,nighty night valerian OG 16 tea bags traditional medicinals,Beverages,5,6.99
210000059010,Ethique Bar Discovery Pack for Touchy Scalps,Packaged_H&B,1,12.99
210000059012,Ethique Bar Discovery Pack for  Oily to Balanced Hair,Packaged_H&B,3,12.99
210000059018,Siete Refried Org Ranchero Beans,Packaged_Dry,6,3.99
210000059020,Siete Org Charro Beans,Packaged_Dry,4,3.99
210000059049,Hail Merry Cup Meyer Lemon 2 Pack,Refrigerated,2,1.99
210000059053,Hail Merry Cup Dark Chocolate Almond Butter  2pack exp 11/26/25,Refrigerated,1,1.99
210000059073,Auromere Neem Conditioner Bar 2.13oz,Packaged_H&B,5,20.90
210000059098,evening primrose 4oz nature's answer,Vitamins,1,29.99
210000059118,Cadia Pickle Kosher Baby Dills,Packaged_Dry,2,4.29
210000059120,Cadia Pickle Relish Dill,Packaged_Dry,4,2.99
210000059122,Cadia Pickle Kosher Dills Spears,Packaged_Dry,8,4.29
210000059144,Crazy Rumors Vegan  Lip Balm Honeycomb  .14oz,Packaged_H&B,3,3.99
210000059148,pumpkin seed hemp flats GF 4.8oz ella's,Packaged_Dry,6,7.99
210000059150,Diffuser Necklace Dragonfly,Packaged_H&B,2,24.79
210000059162,Wise Bar Lemon Ginger,Packaged_Dry,11,2.89
210000059173,Cadia Pomegranate Kernels Org,Frozen,5,5.19
210000059177,Jennie's Coconut  Bar Chocolate Goji Cranberries Org,Packaged_Dry,13,2.39
210000059179,Jennie's Coconut  Bar Chocolate w/ Cacao Nibs Org,Packaged_Dry,10,1.99
210000059189,Belgioioso Romano Cheese  Wedge 5 oz,Milk,8,3.49
210000059231,Chocolove Mini Rich Dark U,Packaged_Dry,12,3.09
210000059251,Boody Full Leggings Black XSmall,Bulk_H&B,4,23.00
210000059257,Boody Women's Ribbed Turtleneck Long Sleeve Black Small,Bulk_H&B,1,45.97
210000059263,Boody Women's V-Neck T-Shirt Black Medium,Bulk_H&B,1,29.99
210000059269,Boody Women's V-Neck T-Shirt Dark Marl Grey Large,Bulk_H&B,1,29.99
210000059275,Boody Tank Top Black XLarge,Bulk_H&B,1,13.99
210000059283,niacin no flush 25mg 90vcps NOW FOODS,Vitamins,1,7.50
210000059291,fig bar original whole wheat box nature's bakery,Packaged_Dry,4,6.99
210000059293,zero calorie vanilla cola soda can zevia,Beverages,14,1.59
210000059295,Urban Spa Nail Brush Classic,Packaged_H&B,2,5.99
210000059298,fig bar original whole wheat single natures bakery,Packaged_Dry,4,1.39
210000059304,kratom gummies blueberry extra strength 35mg 4pk super speciosa,Vitamins,4,11.99
210000059310,WYLD CBD + CBC Gummies 20 ct Peach,Packaged_H&B,2,34.99
210000059317,boswellia 100tbs source naturals,Vitamins,1,19.99
210000059319,beta sitosterol  113mg 90sgls source naturals,Vitamins,5,8.88
210000059321,genistein soy complex 60 source naturals,Vitamins,5,15.99
210000059325,biotin 5000mcg 120tbs source naturals,Vitamins,3,13.49
210000059327,niacinamide 500mg 60tbs,Vitamins,3,8.49
210000059340,cinnamon horchata stress tea OG 16 bags yogi caffeine free,Beverages,9,5.39
210000059342,blueberry sage stress tea OG 16 bags yogi caffeine free,Beverages,8,5.39
210000059350,Lundberg Ready  To Heat Coconut Rice Pilaf Org,Packaged_Dry,5,4.59
210000059356,Cadia Salsa  Medium 16 oz,Packaged_Dry,12,5.19
210000059364,Andalou Naturals Revitalizing Sleeping Mask  Deep Hydration,Packaged_H&B,1,17.99
210000059366,Andalou Naturals Face Lotion SPF 30 Mineral Sun Screen,Packaged_H&B,1,17.99
210000059368,Andalou Naturals Life Boosting Facial Serum,Packaged_H&B,1,29.99
210000059370,Andalou Naturals Mist  Moisture Boost,Packaged_H&B,1,12.99
210000059372,Andalou Naturals  Cleansing Gel Revitalizing,Packaged_H&B,1,15.99
210000059374,Andalou Naturals Nourishing Cleanser Balm Deep Hydration,Packaged_H&B,1,15.99
210000059398,Chocolove Mini Milk Chocolate Hazelnut U,Packaged_Dry,10,2.99
210000059411,tea green honey rtd just ice tea,Beverages,2,2.99
210000059447,steel libido x2 peak for men 75liquigels irwin,Vitamins,1,19.00
210000059457,Old Country Creamery Pet Milk 1/2 gallon,Milk,2,4.49
210000059473,Cadia Ketchup 20oz Org,Packaged_Dry,7,4.59
210000059477,milk thistle concentrate 90vcps,Vitamins,2,19.99
210000059482,Minerva  Butter Stick Garlic & Herb 8 oz,Milk,2,4.49
210000059492,Giovanni Hemp Shampoo Hydrating 13.5 oz,Packaged_H&B,2,13.69
210000059506,Cliganic Org Cotton Swabs 500,Packaged_H&B,1,6.29
210000059508,Cliganic Org Super Jumbo Cotton Balls100,Packaged_H&B,2,5.79
210000059514,taurine powder 8oz NOW FOODS,Vitamins,1,17.99
210000059516,NAC-acetyl cysteine 1000mg 60vcp NOW FOODS,Vitamins,1,17.99
210000059518,kombucha alive lemon lime 16oz Gt's,Beverages,8,4.69
210000059520,cotton ragg sock solid navy medium maggie's,Bulk_H&B,3,11.99
210000059524,Old Country Creamery Pet Milk gallon,Milk,1,7.49
210000059543,kombucha elderberry juniper 16oz gt's,Beverages,5,4.69
210000059563,vitex chasteberry 500mg 60ct,Vitamins,2,4.90
210000059573,Healthy Baking Energy Handle Bar Just Ginger,Chips&Cookie,1,2.89
210000059575,Healthy Baking Energy Bars Maxaroon Minty Chocolate,Chips&Cookie,8,2.89
210000059577,Healthy Baking Energy Bars Maxaroon Sea Salty Maple,Chips&Cookie,6,2.89
210000059579,Healthy Baking Energy Bars Maxaroon Ginger Pina Colada,Chips&Cookie,3,2.89
210000059586,Zum Room & Body Mist  Sandalwood-Citrus 4oz,Packaged_H&B,1,11.39
210000059588,Zum Laundry Soap  Frankincense & Myrrh 32 oz,Bulk_H&B,6,13.29
210000059590,Zum Laundry Soap  Sea Salt 32 oz,Bulk_H&B,7,13.29
210000059595,cashews roasted salted OG 8oz pouch boxford bakehouse,Packaged_Dry,6,10.99
210000059607,zeolite 2oz bucklebury,Vitamins,1,25.99
210000059610,vegajelly emollient 1oz,Packaged_H&B,6,2.49
210000059626,Simply Delish Jel Desert Orange,Packaged_Dry,5,2.99
210000059628,Simply Delish Keto Pudding Strawberry,Packaged_Dry,1,2.99
210000059631,lion's mane gummies,Vitamins,2,19.99
210000059633,cordyceps gummies,Vitamins,1,9.90
210000059639,reservatrol 500mg 30tbs source naturals,Vitamins,1,19.99
210000059643,magnesium ultra 120tbs source naturals,Vitamins,5,18.99
210000059645,L-lysine 500mg 200cps,Vitamins,3,19.99
210000059647,elderberry gummies source naturals,Vitamins,1,9.50
210000059649,Vit D3 vegan 2000 IU source naturals,Vitamins,1,18.99
210000059670,Jovial  Mac & Cheese White Cheddar Org GF,Packaged_Dry,5,5.39
210000059672,Jovial  Vegan Mac Org GF K,Packaged_Dry,12,4.89
210000059678,mullein complex 850mg 90tbs planetary herbals,Vitamins,2,21.99
210000059688,silver vertical spray 10ppm 1oz,Vitamins,3,9.99
210000059692,spirutein shaker nature's plus,Beverages,1,4.99
210000059696,magnesium citrate gummies 60 nature's plus,Vitamins,1,9.90
210000059698,nitric oxide PWR blod flow booster 60liquigels,Vitamins,1,5.00
210000059700,L citrulline + L arginine 60liquigels,Vitamins,1,14.00
210000059704,sensual woman 60liquigels,Vitamins,2,32.99
210000059708,charcoal activated capsules,Vitamins,2,15.99
210000059710,saffron extract bio nutrition,Vitamins,3,24.99
210000059712,berberine advanced capsules,Vitamins,3,29.99
210000059716,eye wellness w/zeaxanthin bio nutrition,Vitamins,1,16.00
210000059722,black walnut af 1oz nature's answer,Vitamins,4,15.99
210000059736,Oh MY ! Goat Milk Soap Fragrance Free,Packaged_H&B,6,8.59
210000059747,tea cherry sweet RTD leelanau,Beverages,1,3.49
210000059751,WYLD CBD + CBC Gummies  40 ct Peach,Packaged_H&B,1,52.49
210000059759,Frankferd Farms High Mountain  High Gluten Wheat Flour Org Central Milling (5#) on sale,Packaged_Dry,1,10.69
210000059763,Red's Burrito Bean & Rice  w/ Cheese Org,Frozen,12,3.69
210000059765,Red's Burrito  Cheese Quesadilla  Org,Frozen,8,3.69
210000059769,Cappello's Ravioli Spinach & Cheese GF,Frozen,8,11.89
210000059796,soda pomegrante italian OG 25.4oz cadia,Beverages,4,5.19
210000059802,fig bar raspberry box natures bakery,Packaged_Dry,2,6.99
210000059804,Old Country Creamery  Kefir Plain Quart,Milk,1,4.49
210000059808,rose absolute essential oil 1oz NOW FOODS,Packaged_H&B,4,17.99
210000059816,juice box apple OG 8-pack honest,Beverages,3,6.49
210000059818,juice box fruit punch OG 8-pack honest,Beverages,3,6.49
210000059826,Wild Planet  Wild Tuna Quinoa Salad,Packaged_Dry,7,5.99
210000059828,Wild Planet  Wild  Smoked Mackerel,Packaged_Dry,3,4.99
210000059839,mullein  af 1 oz nature's answer,Vitamins,4,16.99
210000059847,kombucha  strawberry brew dr,Beverages,8,3.99
210000059880,Tony's Chocolonely Dark Chocolate  Almond Sea Salt 6 oz K,Packaged_Dry,11,6.99
210000059913,northwest mix wild mushrooms dried OG 1oz Mycological,Packaged_Dry,3,14.59
210000059917,matsutake mushrooms wild dried  .5oz Mycological,Packaged_Dry,2,5.60
210000059919,shiitake mushrooms dried whole OG 1oz Mycological,Packaged_Dry,6,5.99
210000059922,nettle 90tbs planetary herbals,Vitamins,1,6.50
210000059924,We'moon Tarot,reports_inventory_listings_assets,6,45.00
210000059926,d mannose 500mg 60cps source naturals,Vitamins,3,24.99
210000059938,Follow Your Heart Vegenaise Avocado Oil Soy Free16 oz.,Milk,4,7.89
210000059940,Light Mountain Hair Color The Gray Black,Packaged_H&B,3,14.95
210000059952,Crazy Rumors Vegan  Lip Balm Candy Corn  .14oz,Packaged_H&B,1,3.99
210000059958,Auromere Mudbath  (E),Packaged_H&B,1,2.09
210000059964,R.W. Garcia Yellow Corn Chips,Chips&Cookie,6,5.39
210000059972,Beequa Bakes Puffed Einkorn Maple Cinnamon,Bread,1,6.00
210000059976,kombucha alive cola 16oz gt's,Beverages,8,4.69
210000059983,tierra verde split chicken breast,Meat,1,0.00
210000060001,wool snuggle reindeer dove medium socks maggie's,Bulk_H&B,1,16.99
210000060003,wool snuggle reindeer dove large socks maggie's,Bulk_H&B,1,16.99
210000060005,wool snuggle reindeer black large socks maggie's,Bulk_H&B,3,17.99
210000060032,mushroom blend coffee pkt OG om,Vitamins,10,2.99
210000060038,mushroom defense herbal tea 20 bags bravo,Beverages,6,8.49
210000060040,lion's mane OG 90cps,Vitamins,2,29.99
210000060042,Dr. Bronner's Magic Chocolate Bar Oat Milk Crunchy Hazelnut Butter,Packaged_Dry,20,5.99
210000060044,Dr. Bronner's Magic Chocolate Bar Oat Milk Creamy Mocha Latte,Packaged_Dry,32,5.99
210000060046,Dr. Bronner's Magic Chocolate Bar Oat Milk Golden Chai,Packaged_Dry,31,5.99
210000060063,Maya Kaimal Everyday Chana Chickpeas+  Tomato + Onions,Packaged_Dry,8,4.99
210000060065,vanilla OG 4oz singing dog,Packaged_Dry,8,17.99
210000060067,vanilla AF 2oz singing dog,Packaged_Dry,5,7.99
210000060075,sugar plum essential oil 1oz NOW FOODS,Packaged_H&B,1,9.50
210000060081,Tea Tree Therapy Mouthwash,Packaged_H&B,3,7.19
210000060083,Tea Tree Therapy Anticeptic Foot Powder  3 oz,Packaged_H&B,1,9.79
210000060097,lion's mane sparkling blue raspberry RTD can  odyssey,Beverages,6,3.99
210000060115,zero calorie creamy root beer soda can zevia,Beverages,6,1.59
210000060127,Panda Licorice  Chews Strawberry,Packaged_Dry,8,4.69
210000060131,collagen peptides caramel joint 8oz great lakes collagen,Beverages,2,21.99
210000060133,collagen chai 10oz great lakes collagen co,Beverages,2,28.99
210000060135,Method Dryer Sheets Beach Sage,Bulk_H&B,5,8.49
210000060256,Swoffle Gluten Free Stroopwafels Dark Chocolate Caramel Org,Packaged_Dry,19,1.99
210000060273,wool snuggle penguin taupe socks MEDIUM maggie's,Bulk_H&B,2,17.99
210000060285,Sunbeam Candles Beeswax Votive Gratitude (Dark Red),Bulk_H&B,2,3.99
210000060291,Quinn Pretzel Nuggets Pizza Cheezy Filled,Chips&Cookie,4,6.69
210000060315,Beequa Bakes Banana Bread Mini,Bread,2,4.50
210000060319,Feel Bar Vanilla Spice,Refrigerated,12,4.49
210000060323,mullein x multi symptom cough syrup 4oz nature's answer,Vitamins,2,21.99
210000060325,mushroom hot chocolate single packet om,Vitamins,3,2.99
210000060327,mushroom matcha single packet om,Vitamins,8,2.99
210000060341,mullein x multi throat spray 2oz nature's answer,Vitamins,1,18.39
210000060346,Andes Gifts Cusco Hat,Bulk_H&B,4,23.59
210000060348,Andes Gifts Hat Milkshake,Bulk_H&B,3,21.99
210000060350,Andes Gifts Hat Pacha,Bulk_H&B,2,23.59
210000060372,Andes Gifts Hat Cloud,Bulk_H&B,3,23.59
210000060378,Andes Gifts Ornament,Bulk_H&B,4,9.49
210000060380,Andes Gifts Gloves Milkshake,Bulk_H&B,2,21.99
210000060391,Eco Bags String Bag Tote Mango,Bulk_H&B,3,9.99
210000060393,Eco Bags Reusable Produce Bags 100% Cellulose (3),Bulk_H&B,1,14.59
210000060399,cordyceps OG 90cps,Vitamins,2,29.99
210000060401,mushroom master blend OG 90cps,Vitamins,2,19.90
210000060405,beauty powder citrus,Vitamins,1,16.00
210000060420,arm warmer sweater raisin,Bulk_H&B,2,24.99
210000060422,arm warmer sweater blue,Bulk_H&B,2,24.99
210000060424,arm warmer sweater black,Bulk_H&B,1,24.99
210000060426,beret camel maggie's,Bulk_H&B,4,19.99
210000060428,beret charcoal maggie's,Bulk_H&B,3,19.99
210000060430,beret blue maggie's,Bulk_H&B,3,19.99
210000060432,BWC  Eye & Face Makeup Remover,Packaged_H&B,3,9.89
210000060434,BWC  AHA Renewal Moisture Lotion,Packaged_H&B,1,16.99
210000060456,potassium gluconate 99mg NOW FOODS,Vitamins,2,9.99
210000060458,LaClare Farms Cheese Goat Chevre Garlic & Herb  4 oz,Milk,10,4.19
210000060495,mullein x kids cough syrup 4oz nature's answer,Vitamins,3,21.99
210000060499,Sunbeam Candles Beeswax Votive Meditation(Orange),Bulk_H&B,2,3.99
210000060511,candida kit,Vitamins,1,48.99
210000060513,cranberry 90vcps kroeger,Vitamins,2,16.99
210000060529,antacid watermelon pkt wonderbelly,Vitamins,1,1.60
210000060543,kratom and kava super feels shot,Vitamins,1,9.99
210000060547,Tony's Chocolonely Rainbow Tasting Pack 10.16 oz,Packaged_Dry,11,14.29
210000060555,Amy's Soup Thai Curry,Packaged_Dry,3,5.99
210000060557,Sunbeam Candles Manifestation  Healing  Votive  (Dark Green),Bulk_H&B,2,3.99
210000060559,Sunbeam Candles Beeswax Evergreen Tree (Natural),Bulk_H&B,5,18.00
210000060573,Bull Dog Beard Oil 1 oz,Packaged_H&B,3,11.39
210000060577,Urban Spa Sea Sponge,Packaged_H&B,1,10.39
210000060587,super omega 3 6 9 90sftgls NOW FOODS,Vitamins,2,18.99
210000060589,psyllium husk whole OG 12oz NOW FOODS,Beverages,2,17.99
210000060591,D-mannose urinary support  500mg 60 vcps NOW FOODS,Vitamins,2,14.99
210000060611,Sunbeam Candles Tapers BLUE,Bulk_H&B,6,10.29
210000060617,all seed cumin flats GF 4.8oz ella's,Packaged_Dry,2,7.99
210000060623,Ecos Toilet Bowl Cleaner Cedar,Bulk_H&B,1,5.29
210000060625,Red's Burrito Chicken Cilantro & Lime Org,Frozen,3,3.49
210000060628,palo azul blue tea 15bags magiktea,Beverages,3,12.99
210000060630,palo azul blue tea loose 2oz magiktea,Beverages,2,10.99
210000060634,Griffin Remedy Shampoo Volumizing 8oz,Packaged_H&B,5,11.49
210000060636,Griffin Remedy Shampoo Smooth & Glossy 8oz,Packaged_H&B,7,11.49
210000060638,Griffin Remedy Conditioner Volumizing  8 oz,Packaged_H&B,7,11.49
210000060640,Griffin RemedySmooth & Glossy Conditioner  8 oz,Packaged_H&B,5,11.49
210000060642,Heritage Black Castor Oil 8oz,Packaged_H&B,2,23.29
210000060644,blood tonic syrup 6oz,Vitamins,3,19.99
210000060646,cold care PM 16 tea bags traditional medicinals,Beverages,2,6.99
210000060649,elderberry honey tonic 4oz mickelberry,Vitamins,2,14.99
210000060651,elderberry immune support spray mickelberry,Vitamins,1,11.99
210000060653,throat and lung honey tonic 4oz mickelberry,Vitamins,2,25.99
210000060661,kid protein vanilla 4-pk orgain,Beverages,4,8.60
210000060669,Thunderbird Bar Snickerdoodle Cashew Tahini,Packaged_Dry,8,2.69
210000060671,Thunderbird Bar Yaupon Matcha Moringa,Packaged_Dry,6,2.49
210000060675,Thunderbird Bar Chili Pepita Pineapple,Packaged_Dry,8,2.49
210000060693,Goodles Mac and Cheese  Cheddy Mac,Packaged_Dry,9,4.89
210000060715,watermelon juice can alo,Beverages,11,2.69
210000060730,quercetin phytosomal  NOW FOODS,Vitamins,2,15.90
210000060732,rooibos reishi tea 24 bags NOW FOODS,Beverages,7,5.99
210000060733,wooden heart spoon small 7,Bulk_H&B,3,8.99
210000060735,wooden heart spoon large 12,Bulk_H&B,14,12.99
210000060737,black seed oil OG 4oz herb to body,Vitamins,3,21.99
210000060739,black seed oil OG 16oz herb to body,Vitamins,2,49.99
210000060744,felted wool heart small and medium each,Bulk_H&B,88,3.49
210000060755,love corn smoked bbq 4oz,Packaged_Dry,1,3.89
210000060771,black seed oil OG 2 oz herb to body,Vitamins,4,14.99
210000060775,Molly Suds  Dryer Sheets Lavender  120 ct,Bulk_H&B,6,15.99
210000060777,Andes Gifts Hat Kunu,Bulk_H&B,1,21.99
210000060781,Andes Gifts Hat Inca,Bulk_H&B,3,26.89
210000060788,Sunbeam Candles Beeswax  Wise Owl Black,Bulk_H&B,1,18.00
210000060808,Maya Kaimal Sauce Tikka Masala,Packaged_Dry,3,6.39
210000060812,bean bush royal burgundy OG seeds,Packaged_Dry,4,3.49
210000060818,pea sugar snap OG seeds,Packaged_Dry,4,3.49
210000060820,radish cherry belle seeds,Packaged_Dry,3,3.49
210000060822,celosia chief red flame,Packaged_Dry,2,2.99
210000060838,zinnia lilliput seeds,Packaged_Dry,3,3.49
210000060861,ashwagandha 120sgls,Vitamins,1,23.99
210000060865,Califia Creamer  Oat Barista Blend Org 32oz,Milk,5,6.69
210000060869,Dr. Bronner's Castile Soap Baby Mild 32oz Refill,Packaged_H&B,4,22.29
210000060871,Dr. Bronner's Castile Soap Almond 32oz Refill,Packaged_H&B,9,22.29
210000060873,Dr. Bronner's Castile Soap Citrus 32oz Refill,Packaged_H&B,10,22.29
210000060875,Dr. Bronner's Castile Soap Lavender 32oz Refill,Packaged_H&B,2,22.29
210000060877,Dr. Bronner's Castile Soap Rose 32oz Refill,Packaged_H&B,9,22.29
210000060879,Dr. Bronner's Castile Soap Eucalyptus 32oz Refill,Packaged_H&B,8,22.29
210000060881,Dr. Bronner's Castile Soap Peppermint 32oz Refill,Packaged_H&B,5,20.99
210000060887,nasturtium butterscotch seeds,Packaged_Dry,2,3.49
210000060899,bee SMALL felted wool each (no string),Bulk_H&B,10,3.99
210000060901,felted wool heart rainbow garland,Bulk_H&B,3,19.99
210000060905,Healthy Baking Energy Bars Maxaroon Chocolate Orange,Chips&Cookie,6,2.89
210000060907,Healthy Baking Energy Bars Maxaroon Curry Ginger,Chips&Cookie,14,2.89
210000060909,Healthy Baking Energy Bars Maxaroon Lemon Poppyseed,Chips&Cookie,2,2.89
210000060917,macadamia raw OG 4oz pouch boxford bakehouse,Packaged_Dry,3,9.99
210000060921,Jyoti  Saag Paneer 10 oz,Packaged_Dry,12,4.59
210000060927,Safe Catch Pink Salmon NS added 5 oz U,Packaged_Dry,7,6.49
210000060929,Sandy Smith aprons EGG,reports_inventory_listings_assets,2,24.00
210000060935,zinc 22.5mg 60cps,Vitamins,2,21.99
210000060937,D3 K2 5000IU 60cps,Vitamins,3,25.99
210000060961,goldenseal 50vcps,Vitamins,1,27.99
210000060963,magnesium chelate complex source naturals,Vitamins,1,9.29
210000060967,hop water mango single hop wtr,Beverages,7,1.99
210000060980,Mid-Day Squares Bar Cookie Dough,Bread,12,2.49
210000060988,Emily's Soaps Copaiba Balsam & Castor Oil Body Butter,Packaged_H&B,2,17.49
210000060996,Safe Catch Pink Salmon  5 oz U,Packaged_Dry,5,6.99
210000061017,triphala 4oz liquid,Vitamins,2,25.49
210000061023,kombucha pomelo pink lemonade 16oz gts,Beverages,7,4.69
210000061025,Yum Earth Jelly Beans 4 oz,Packaged_Dry,1,5.69
210000061047,Honey Pot Sensitive Foaming Wash,Packaged_H&B,2,12.29
210000061049,Honey Pot Sensitive Feminine Wipes 30 ct,Bulk_H&B,1,12.49
210000061051,Honey Pot Sensitive Feminine Wipes Travel Size,Packaged_H&B,5,8.99
210000061053,Honey Pot Anti-Itch Vulva Cream 1% Hydrocortisone 1oz exp 5/25,Packaged_H&B,2,8.90
210000061077,Pitaya Plus Acai Sorbet Org,Milk,7,8.69
210000061079,yerba mate berry lemonade can 15.5oz guayaki,Beverages,7,3.39
210000061081,cayenne 500mg 100vcps NOW FOODS,Vitamins,4,9.99
210000061083,Belvie Black Diamond 100% Dark Chocolate,Packaged_Dry,23,11.49
210000061085,Belvie 90% Dark  Chocolate Chocolat Noir,Packaged_Dry,13,11.49
210000061093,Solar Eclipse Glasses,Bulk_H&B,7,1.99
210000061095,zeolite 90cps bucklebury,Vitamins,3,29.99
210000061104,warrior mocha 375gm sunwarrior,Beverages,1,15.00
210000061108,collagen beauty greens pina colada 10.6oz  sunwarrior,Beverages,1,39.99
210000061109,d mannose pure powder,Vitamins,2,59.99
210000061111,CBD sleep gummies 2 pk cv sciences,Vitamins,7,3.50
210000061119,"Blackwood Canned Dog Food Turkey, Liver, & Pumpkin 13oz",Bulk_H&B,29,2.99
210000061121,strawberry oatmeal crumble box nature's bakery,Packaged_Dry,6,6.99
210000061123,Molly's Suds  Wool Dryer Balls  (3),Bulk_H&B,3,16.99
210000061125,Minerva  Butter Sticks Salted 8 oz,Milk,8,4.49
210000061127,Frankferd Farms Busy Day Bean Soup Mix 1#,Packaged_Dry,2,4.69
210000061133,Sunbeam Eggs  6ct Carton,Bulk_H&B,2,24.00
210000061135,red panax ginseng ultra strength 10x30,Beverages,4,17.99
210000061153,toothpaste travel size neem himalaya,Packaged_H&B,16,2.39
210000061177,Hippeas Vegan White Cheddar  Puffs 3.75 oz,Chips&Cookie,3,4.89
210000061184,Desert Essence Neem Toothpaste Fennel,Packaged_H&B,3,7.99
210000061190,Dr. Bronner's Organic Hair Creme Peppermint,Packaged_H&B,3,9.29
210000061192,Desert Essence Tea Tree Neem Toothpaste Fennel,Packaged_H&B,2,7.99
210000061196,Native Forest Artichoke Hearts Quartered 14 oz,Packaged_Dry,2,5.69
210000061198,Botanical Blessings Apothecary Whipped Tallow Balm 2oz,reports_inventory_listings_assets,3,22.00
210000061200,Botanical Blessings Apothecary Tallow Soap Bar,reports_inventory_listings_assets,7,6.99
210000061218,World's Best Cat Litter 8 lb,Bulk_H&B,2,16.99
210000061223,soursop living bitters OG 16oz herb to body,Vitamins,3,28.99
210000061225,felted wool ladybug small each,Bulk_H&B,15,3.99
210000061233,party smart 10 gummies himalaya,Vitamins,2,9.49
210000061240,dates dark chocolate almond stuffed 3.5oz,Packaged_Dry,4,5.69
210000061242,dates degletnoor dried OG 2oz mavuno,Packaged_Dry,7,4.29
210000061244,cold brew  espresso concentrate 32oz,Beverages,3,12.99
210000061254,All Terrain Herbal Eczema Soap Bar,Packaged_H&B,4,10.29
210000061256,Dr. Bronner's Castile Soap Tea Tree 32oz Refill,Packaged_H&B,10,22.29
210000061273,Lundberg Brown Rice & Quinoa w/Garlic & Shallots 8oz,Packaged_Dry,7,4.59
210000061279,Muscle MX CBD Lotion Restore Cooling 1.2 oz,Packaged_H&B,6,15.99
210000061289,sparkling water raspberry nectarine can waterloo,Beverages,15,0.99
210000061291,Little Caria Syrup Pomegranate Molasses  Org 11.6 oz,Packaged_Dry,8,9.49
210000061295,Green Valley Yogurt Plain LF 24 oz,Milk,7,7.69
210000061309,Vanilla Mozi Bite Proof Body Cream 4.2oz,Packaged_H&B,1,19.99
210000061311,colon cleanser bitters 16oz herb to body,Vitamins,3,26.99
210000061313,honey turmeric ginger moringa 16oz herb to body,Packaged_Dry,3,24.99
210000061346,citrus bergamot 60 capsules double wood,Vitamins,5,18.00
210000061348,Annie's Cheddar Squares Crackers,Packaged_Dry,6,6.39
210000061350,Aloha Bay Natural Coconut Tea Light Candles 12-pack Cream,Bulk_H&B,3,4.99
210000061358,meyer lemon blossom tea 20 bags stash,Beverages,3,4.99
210000061360,sesame seeds tuxedo shaker foods alive,Packaged_Dry,5,8.49
210000061362,stevia 50pkt stevita,Packaged_Dry,1,7.49
210000061365,NuGo Peanut cluster protein bar GF,Chips&Cookie,7,2.79
210000061371,Hema-Plex 60tbs nature's plus,Vitamins,2,24.99
210000061379,magnesium selenium zinc new chapter,Vitamins,2,27.99
210000061386,kava chill pills moon mint up side,Vitamins,6,16.99
210000061399,shilajit 60vcps bio nutrition,Vitamins,4,21.99
210000061415,Siete Grain Free  Cookies Mexican Vanilla Chocolate Chip,Packaged_Dry,4,4.69
210000061423,Painterland Sisters Skyr Yogurt Plain 24 oz Org,Milk,6,11.89
210000061429,Good Culture Sour Cream Org 16 oz,Milk,1,4.99
210000061453,felted mushroom single (no string),Bulk_H&B,7,3.99
210000061455,chaga herbal tea OG 20 bags bravo,Beverages,6,7.99
210000061459,ashwagandha 18 bags buddha tea,Beverages,4,7.99
210000061463,CBD sparkling water lemon wyld,Beverages,9,4.69
210000061467,Frankferd Farms Flour Whole Wheat All-Purpose 5# Organic,Packaged_Dry,2,14.89
210000061470,Solely Fruit Gummies Mango Passionfruit Org,Packaged_Dry,2,3.49
210000061481,kombucha sparkling mango gold can wildwonder,Beverages,14,4.19
210000061483,kombucha sparkling guava rose can wildwonder,Beverages,16,4.19
210000061487,balance mushroom coffee mix single pkt,Beverages,16,1.59
210000061491,Molly's Suds  Sink Scrub,Bulk_H&B,4,15.79
210000061497,proline 500mg 120 vcps NOW FOODS,Vitamins,1,18.99
210000061499,wheat germ oil NOW FOODS,Vitamins,3,12.00
210000061503,socks that protect oceans jellyfish MEDIUM,Bulk_H&B,2,14.99
210000061505,socks that save lgbtq lives pink lips MEDIUM,Bulk_H&B,3,14.99
210000061507,socks that save lgbtq lives footie unicorn MEDIUM,Bulk_H&B,3,13.99
210000061509,socks that protect owls footie MEDIUM,Bulk_H&B,1,13.99
210000061517,socks that give books SMALL,Bulk_H&B,2,14.99
210000061519,socks that give books MEDIUM,Bulk_H&B,4,14.99
210000061527,Johnny Pops Bars Tropical Paradise Punch Org,Milk,5,6.99
210000061535,vitamin K complex 60vcps nature's plus,Vitamins,3,19.99
210000061537,krill antarctic oil 500mg nature's plus,Vitamins,1,24.99
210000061539,suntheanine L-Theanine 200mg 60vcps nature's plus,Vitamins,3,22.99
210000061541,vitamin D with K 60 chewable nature's plus,Vitamins,3,14.49
210000061545,CoQ10  200mg beyond ubiquinol 30ct,Vitamins,2,34.00
210000061547,curcumin 500mg 60 nature's plus,Vitamins,3,32.99
210000061549,curcumin 1000mg 60 nature's plus,Vitamins,1,55.99
210000061551,magnesium kalmassure glycinate 90cps nature's plus,Vitamins,5,18.99
210000061553,CoQ10  100mg beyond ubiquinol 30ct,Vitamins,3,29.99
210000061555,CoQ10 50mg beyond ubiquinol 60ct,Vitamins,2,29.99
210000061556,prebiotic soda lemon ginger can culture pop,Beverages,8,2.39
210000061558,prebiotic soda orange mango can culture pop,Beverages,9,2.39
210000061562,reflux ease vanilla 60 chewables nature's plus,Vitamins,1,24.99
210000061570,Honey Mama's Cacao-Truffle Bar Chocolate Cake,Milk,17,5.59
210000061580,citrus max 90 pkt coromega,Vitamins,1,27.90
210000061583,Griffin Remedy  Shower Gel Lemon Verbena 8 oz,Packaged_H&B,10,6.99
210000061585,glass bottle empty amber w/DROPPER 1oz,Vitamins,10,1.69
210000061587,Natracare Cotton Panty Liners Wrapped  18ct,Bulk_H&B,4,4.79
210000061591,zero calorie cran raspberry soda can zevia,Beverages,12,1.59
210000061601,Lovo Chocolate Bar Hazel Nut Milk,Packaged_Dry,1,4.49
210000061616,beets for cardio peak performance 60 liquigels irwin,Vitamins,2,19.00
210000061618,sleep fit pm fat burner 60sgls irwin,Vitamins,2,22.99
210000061626,lion's mane sparkling strawberry watermelon RTD can  odyssey,Beverages,14,3.99
210000061628,watermelon juice OG 11.1oz allwello,Beverages,4,5.99
210000061630,umckaloabo 4oz la naturals,Vitamins,1,17.99
210000061632,paracide raw formula 90vcps la naturals,Vitamins,2,19.99
210000061634,parasite formula 1oz la naturals,Vitamins,3,17.99
210000061636,aller calm 1oz la naturals,Vitamins,2,15.99
210000061641,bitters mint spray 1oz la naturals,Vitamins,1,15.99
210000061643,kava gold raw formula 90vcps la naturals,Vitamins,2,25.99
210000061645,vitamin e 90vcps,Vitamins,1,19.99
210000061647,Bent Tree Coffee Modem 12 oz Whole Bean & ground,Coffee,2,14.99
210000061663,socks that save cats ankle SMALL,Bulk_H&B,1,13.99
210000061665,socks that support self checks MEDIUM,Bulk_H&B,1,14.99
210000061697,Stonefire Naan Mini Garlic 7oz,Bread,7,2.99
210000061725,Raw Revolution Peanut Butter Dark Chocolate & Sea Salt,Packaged_Dry,8,2.89
210000061727,honeybush tea OG celebration,Beverages,3,10.49
210000061729,hibiscus twist tea OG celebration,Beverages,4,7.19
210000061731,parsley leaf tea OG celebration,Beverages,4,7.69
210000061733,thyme leaf tea OG celebration,Beverages,3,10.49
210000061735,wild cherry bark tea OG celebration,Beverages,1,7.19
210000061739,white and green tea OG celebration,Beverages,1,7.99
210000061741,papaya leaf tea OG celebration,Beverages,5,6.69
210000061745,mullein leaf tea OG celebration,Beverages,4,7.99
210000061747,marshmallow leaf and root tea  OG 24bags celebration,Beverages,6,7.49
210000061749,kava kava pure blend 24bags  celebration,Beverages,6,14.69
210000061751,hyssop tea OG celebration,Beverages,2,8.99
210000061753,ginger peppermint tea OG celebration,Beverages,3,9.99
210000061761,calendula tea OG celebration,Beverages,4,8.79
210000061763,damiana leaf tea OG 24bags celebration,Beverages,4,7.49
210000061765,Brazi Bites Brazilian Cheese Garlic Asiago GF 11.5 oz,Bread,9,6.99
210000061769,Olyra Breakfast  Biscuits Dark Chocolate Sandwich Org,Packaged_Dry,4,6.19
210000061779,Olyra Breakfast  Biscuits Raspberry Sandwich Org,Packaged_Dry,5,6.19
210000061781,Wild Planet Skipjack  Tuna w/Olive Oil,Packaged_Dry,3,3.19
210000061804,Cadia Coffee Espresso Org Whole Bean 10oz,Coffee,1,8.99
210000061824,Cadia Honey Stick Org Raw,Packaged_Dry,29,0.39
210000061832,Crazy Rumors Vegan  Lip Balm Lucky Clover  .14oz,Packaged_H&B,2,4.59
210000061834,Crazy Rumors Vegan  Lip Balm Evil Eye  .14oz,Packaged_H&B,2,4.39
210000061836,Crazy Rumors Vegan  Lip Balm Hamsa  .14oz,Packaged_H&B,2,4.59
210000061840,ECO Dry Bike Lube 3.2oz,Bulk_H&B,1,7.59
210000061841,Go-Out capsules bell,Vitamins,3,12.90
210000061845,Frankferd Farms Flakes Spelt 1#,Packaged_Dry,3,4.69
210000061847,Evolution Salt Lamp Sphere White,Bulk_H&B,1,39.99
210000061853,charcoal activated powder 4oz herb to body,Vitamins,4,11.99
210000061855,sea moss purple Irish 4oz herb to body,Packaged_Dry,1,19.99
210000061857,sea moss Irish powder 4oz herb to body,Packaged_Dry,2,19.99
210000061865,sweet strawberry digestive tea 16 bags yogi caffeine free,Beverages,3,5.39
210000061875,D-Mannose 500mg 100 veg caps NOW FOODS,Vitamins,5,26.99
210000061877,Ingredients Matter Laundry Powder 30 Loads Fragrance Free,Bulk_H&B,6,14.99
210000061887,Ingredients Matter Laundry Powder  60 Loads Fragrance Free,Bulk_H&B,6,22.49
210000061889,Ingredients Matter Laundry Powder  60 Loads Lavender,Bulk_H&B,3,19.99
210000061899,Blue Dragon Egg Noodle Nests,Packaged_Dry,3,5.49
210000061905,chai latte classic OG 32oz yogi,Beverages,4,7.49
210000061910,BWC Beauty Without Cruelty Mascara Full Volume Black,Packaged_H&B,1,19.99
210000061912,cinnamon sugar trioOG 3.1oz,reports_inventory_listings_assets,1,6.89
210000061914,Chico Bag rePETe Sling obsidian,Bulk_H&B,1,11.49
210000061916,Chico Bag rePETe Sling sapphire,Bulk_H&B,2,11.49
210000061918,Chico Bag rePETe Sling sage,Bulk_H&B,1,11.49
210000061920,Chico Bag vita boysenberry,Bulk_H&B,1,9.99
210000061926,macadamia milk artisan 32oz Milkadamia,Beverages,5,7.99
210000061936,Violife Mexican Shreds,Milk,4,6.19
210000061958,valerian raw herb 90vcps la naturals,Vitamins,1,15.99
210000061960,spirulina 90vcps la naturals,Vitamins,2,17.99
210000061962,ashwagandha 90vcps la naturals,Vitamins,2,20.99
210000061966,adrenals 90vcps la naturals,Vitamins,2,25.99
210000061972,cayenne1oz la naturals,Vitamins,2,14.99
210000061974,echinacea goldenseal1oz la naturals,Vitamins,5,15.99
210000061978,fennel 1oz la naturals,Vitamins,2,14.99
210000061982,skullcap 1oz la naturals,Vitamins,2,14.99
210000061984,St John's wort1oz la naturals,Vitamins,2,15.99
210000061986,wild yam 1oz la naturals,Vitamins,1,15.99
210000061993,lozenges honey alpinola,Vitamins,1,4.50
210000061994,Nick's Sticks Beef  Sticks Grass Fed Spicy,Meat,7,3.69
210000061996,Nick's Sticks Beef  Sticks Grass Fed,Meat,16,3.79
210000061998,Orega spray,Vitamins,2,9.99
210000062000,Manitoba Harvest Granola  Hemp Blueberry Org,Packaged_Dry,5,7.99
210000062002,Safe Catch  Wild Ahi Yellow Fin Tuna,Packaged_Dry,5,4.99
210000062019,sea moss 120vcps,Vitamins,2,29.99
210000062027,Johnny Pops Bars Rainbow Org,Milk,5,6.49
210000062035,Chickapea Spaghetti Org 8 oz,Packaged_Dry,7,5.29
210000062039,apricots OG 4oz pouch boxford bakehouse,Packaged_Dry,4,6.39
210000062041,Navitas Hemp Protein Powder  Org  12 oz,Packaged_Dry,6,13.89
210000062047,Life-Flo Magnesium Lotion Unscented 8oz,Packaged_H&B,1,14.99
210000062062,lemon ginger juice OG 8.45 oz,Beverages,6,4.79
210000062067,Cadia Seasoned Black Bean Org,Packaged_Dry,5,2.29
210000062069,Califia Coconut Milk Unsweet Org 48oz,Milk,3,8.29
210000062073,kombucha infused sparkling water meyer lemon can,Beverages,11,2.29
210000062092,Sunbeam Candles Everything Under the Sun,Bulk_H&B,1,14.00
210000062096,Sunbeam Candles Amber Jar Citronella,Bulk_H&B,5,13.69
210000062100,inositol 500mg 100cps NOW FOODS,Vitamins,2,14.99
210000062108,Jolly Llama  Sorbet Pops Strawberry,Milk,1,5.29
210000062112,Pitaya  Acai Blueberry Smoothie Pops,Milk,1,7.39
210000062114,Suzie's Saltine Crackers,Packaged_Dry,13,6.49
210000062120,Tru Earth Toilet Bowl Cleaner  Strips,Bulk_H&B,6,10.29
210000062128,Aura Cacia Anise Essential Oil .5oz,Packaged_H&B,1,7.99
210000062132,Tea Kettle Brush,Bulk_H&B,2,4.69
210000062134,pita chips garlic 6.5oz pita crunch,Chips&Cookie,10,4.99
210000062136,Simply Delish Jel Desert Raspberry,Packaged_Dry,5,2.99
210000062142,Mineral Fusion Eye Pencil Azure,Packaged_H&B,1,18.89
210000062144,SS Mesh Tea Strainer W/Tea Pot Handle,Bulk_H&B,3,8.19
210000062151,lion's mane 60vcps youth theory,Vitamins,2,20.99
210000062153,Tru Earth Laundry Detergent Strips 32 Loads Lilac,Bulk_H&B,14,17.49
210000062157,HMB 500mg 120vcps NOW FOODS,Vitamins,3,39.99
210000062159,HMB 90gm powderNOW FOODS,Vitamins,3,32.99
210000062165,vitamin pill case plastic container,Vitamins,3,2.99
210000062184,Johnny Pops Ice Cream Bars Dark Chocolate,Milk,5,5.99
210000062186,prebiotic soda watermelon can culture pop,Beverages,6,2.39
210000062188,Portland Pet Food Dog Treats Pumpkin Biscuits  5 oz,Bulk_H&B,2,8.79
210000062190,Cadia Apple Sauce Gravenstein Org 24oz,Packaged_Dry,10,5.69
210000062192,mullein x cough syrup nighttime 4oz nature's answer,Vitamins,3,24.99
210000062200,Belvie  85% Dark  Chocolate Black Pearl of the Mekong,Packaged_Dry,12,11.49
210000062218,vegajelly emollient 4oz,Packaged_H&B,1,9.49
210000062221,bladder health 60vcps,Vitamins,1,34.99
210000062224,mycobrew cocoa pkt,Vitamins,16,1.99
210000062228,mycobrew matcha pkt,Vitamins,18,1.99
210000062230,mycobrew coffee pkt,Vitamins,12,1.99
210000062232,cough syrup ivy leaf,Vitamins,3,13.99
210000062239,tri enza pomegranate lemonade chewable enzymes,Vitamins,3,29.90
210000062241,bitters citrus spray 1oz la naturals,Vitamins,2,15.99
210000062245,pine power plus 8oz,Vitamins,1,39.99
210000062246,allercleanse extra strength,Vitamins,1,9.50
210000062247,prebiotic resistant starch fiber,Vitamins,3,19.99
210000062250,vitamin c 1000mg,Vitamins,1,15.99
210000062252,echinacea goldenseal raw formula 90vcps la naturals,Vitamins,1,26.99
210000062254,turmeric raw formula 90vcps la naturals,Vitamins,3,29.99
210000062260,Amy's Soup Pasta Fagioli,Packaged_Dry,7,5.39
210000062262,Amy's Soup Vegetable Jambalaya,Packaged_Dry,11,5.99
210000062266,Green Belly Hot Sauce,Packaged_Dry,7,7.19
210000062268,Yellow Belly Hot Sauce,Packaged_Dry,5,7.19
210000062276,rapid nasal and sinus support hybrid ar 30,Vitamins,3,29.99
210000062279,calming care pet CBD 10mg,Bulk_H&B,1,21.99
210000062281,hip and joint pet CBD 10mg,Bulk_H&B,3,19.99
210000062287,Jovial GF Brown Rice Mafalda,Packaged_Dry,16,6.59
210000062289,Goodles Mac and Cheese  Vegan Be Heroes GF,Packaged_Dry,9,6.19
210000062299,socks that save lgbtq lives footie unicorn SMALL,Bulk_H&B,2,13.99
210000062305,kids socks that protect polar bears PRESCHOOL,Bulk_H&B,1,12.99
210000062307,kids socks that protect polar bears YOUTH,Bulk_H&B,1,12.99
210000062321,lemon mint juice OG 8.45 oz,Beverages,1,4.79
210000062326,ashwagandha  500mg 60cps natural relief,Vitamins,9,5.00
210000062328,Blood Pressure 60cps natural relief,Vitamins,2,34.99
210000062335,calcium plus ionic fizz mixed berry 7.41 oz pure essence,Vitamins,3,34.99
210000062337,magnesium plus ionic fizz raspberry lemonade 7.41 oz pure essence,Vitamins,3,28.99
210000062339,magnesium plus ionic fizz orange vanilla 7.41 oz pure essence,Vitamins,4,28.99
210000062341,Mary's Gone Crackers Superseed Seaweed & Black Sesame Seeds 4 oz,Packaged_Dry,4,5.99
210000062343,honey ginger instant crystal tea 40pouches box,Beverages,3,8.99
210000062355,Mineral Fusion Eye Pencil Touch,Packaged_H&B,1,18.89
210000062357,Mineral Fusion Nail Polish Ice Breaker,Packaged_H&B,2,9.59
210000062365,Field Day Shampoo Frangrance Free,Packaged_H&B,6,7.99
210000062367,Mineral Fusion Nail Polish Pefect Storm,Packaged_H&B,1,9.59
210000062369,Mineral Fusion Nail Polish Mint To Be,Packaged_H&B,3,9.59
210000062371,Mineral Fusion Nail Polish Olive You,Packaged_H&B,2,9.59
210000062373,Mineral Fusion Nail Little Black Dress,Packaged_H&B,1,9.59
210000062375,Field Day Conditioner Frangrance Free,Packaged_H&B,4,7.99
210000062383,Wholesome Sweeteners Blue Agave Syrup Org Raw Regenerative 18.5oz,Packaged_Dry,5,5.79
210000062399,Full Circle Tenacious C Cast Iron Brush,Bulk_H&B,2,13.49
210000062403,mushroom wellness blend 18 bags buddha tea,Beverages,2,9.99
210000062405,mushroom mycoshield licorice root spray host defense,Vitamins,1,9.99
210000062407,mushroom mycoshield peppermint spray host defense,Vitamins,2,9.99
210000062409,mushroom mycoshield citrus spray host defense,Vitamins,1,9.99
210000062411,mushroom mycoshield cinnamon spray host defense,Vitamins,2,9.99
210000062442,Good Time  Mushroom Coffee Dark (30),Coffee,10,22.49
210000062444,Good Time  Mushroom Coffee Earth (30),Coffee,11,22.49
210000062446,Good Time  Mushroom Coffee Dark (5),Coffee,9,6.19
210000062448,Good Time  Mushroom Coffee Earth (5),Coffee,10,6.19
210000062451,honey ginger soda can wehrloom,Beverages,3,3.39
210000062452,honey cream soda can wehrloom,Beverages,5,3.39
210000062477,mental focus blend oil 1oz NOW FOODS,Packaged_H&B,4,12.99
210000062480,felted wool eyeball freshener ornament,Bulk_H&B,9,6.99
210000062482,bee LARGE felted wool freshener ornament on a STRING,Bulk_H&B,8,6.99
210000062484,mushroom toadstool red felted wool freshener ornament on a STRING,Bulk_H&B,16,6.99
210000062490,socks that protect national parks MEDIUM,Bulk_H&B,3,14.99
210000062500,socks that protect national parks camper MEDIUM,Bulk_H&B,3,14.99
210000062512,wooden cat spoon small 7,Bulk_H&B,2,8.99
210000062521,kombucha mixed berry no sugar single can,Beverages,2,2.30
210000062523,kombucha sparkling strawberry passion can wildwonder,Beverages,10,4.19
210000062532,Malk Almond Milk Unsweet Org 28oz,Milk,1,7.39
210000062536,Articpure Krill Oil 500 MG,Vitamins,2,49.99
210000062538,quiet moon snack 4oz Eden,Packaged_Dry,4,5.49
210000062545,turkey tail mushroom powder 100gm host defense,Vitamins,3,28.99
210000062551,stamets 7 mushroom powder 100gm host defense,Vitamins,1,29.99
210000062555,Amy's Chili Three Bean Vegetable Org,Packaged_Dry,21,7.19
210000062557,Goodles Mac and Cheese  Down the Hatch,Packaged_Dry,5,4.99
210000062559,Impossible Beef Hot Dogs Plant Based,Refrigerated,1,8.69
210000062561,Maya Kaimal Vegetable Tikka Masala,Packaged_Dry,4,4.99
210000062563,Maya Kaimal Korma Vegetable Curry,Packaged_Dry,3,4.99
210000062567,Tabatchnick Split Pea Soup Org,Frozen,12,3.59
210000062575,kava orange vanilla rtd can psychedelic water,Beverages,10,3.89
210000062577,Mineral Fusion Nail Polish Deep Dive,Packaged_H&B,3,9.59
210000062579,Mineral Fusion Nail Gel Top Coat,Packaged_H&B,1,9.59
210000062583,Sunbeam Candle Grande Rose(Black),Bulk_H&B,4,29.00
210000062591,Sunbeam Candles Beeswax Pillar  Black 2x6,Bulk_H&B,6,16.00
210000062593,Sunbeam Pumpkin Jack-o-Lantern BLACK,Bulk_H&B,3,20.00
210000062595,Mineral Fusion Nail Polish Remover,Packaged_H&B,2,9.59
210000062597,E-Cloth Window Dusting Cloth,Bulk_H&B,2,7.49
210000062599,Crazy Rumors Vegan  Lip Balm  Happy Juju 4 Pack  .14oz,Packaged_H&B,2,13.99
210000062601,Johnny Pops Bars Red White & Boom Org,Milk,4,6.99
210000062603,Wildly Organic Red Palm Oil,Packaged_Dry,2,8.29
210000062605,Theo Chocolate Dark 70%  Peppermint Crunch,Packaged_Dry,1,4.99
210000062617,Purely Elizabeth  Double Chocolate Cookie Granola GF,Packaged_Dry,1,8.49
210000062621,lion's mane mushroom powder 200gm host defense,Vitamins,1,39.99
210000062623,turkey tail mushroom powder 200gm host defense,Vitamins,1,39.99
210000062635,socks that protect bees MEDIUM,Bulk_H&B,1,14.99
210000062639,Laubscher Swiss Cheese Slices 1.5#,Milk,4,9.89
210000062643,hydration berry acai pkt single liquid iv,Beverages,4,1.99
210000062649,blueberries dried wild OG 4oz pouch boxford bakehouse,Packaged_Dry,10,7.99
210000062655,Food For Life Ezekiel Flax Bread,Bread,4,7.89
210000062657,extra strength testosterone up V2 60 liquigels irwin,Vitamins,1,29.00
210000062659,vitality and recovery testosterone up men 60 & up 60 liquigels irwin,Vitamins,1,32.00
210000062661,stored belly fat burner with caloriburn 40liquigls irwin,Vitamins,5,24.00
210000062671,Andes Gifts Alpaca Ear Warmer,Bulk_H&B,2,18.89
210000062673,felted wool ghost white freshener ornament friendsheep,Bulk_H&B,2,6.99
210000062675,felted wool screaming ghost black freshener ornament,Bulk_H&B,3,6.99
210000062677,felted wool skeleton muertos freshener ornament,Bulk_H&B,4,6.99
210000062679,unicorn or llama wool felt freshener ornament,Bulk_H&B,7,6.99
210000062681,prebiotic soda wildberries can culture pop,Beverages,5,2.39
210000062688,oat milk OG 32 oz mooala,Beverages,4,5.59
210000062713,7th Heaven Chocolate Bar Oat Milk  Hazelnut Cream,Packaged_Dry,2,6.29
210000062717,Lundberg Rice White  Turmeric & Ginger,Packaged_Dry,1,5.19
210000062721,D3  K2  120vcps NOW FOODS,Vitamins,1,14.99
210000062727,bladderwrack low alcohol 1oz natures answer,Vitamins,7,8.50
210000062729,arnica montana  arthritis care,Vitamins,2,13.99
210000062731,ubiquinol 100mg 60sgls,Vitamins,2,46.99
210000062735,Aura Cacia Lunar Diffuser,Packaged_H&B,2,43.69
210000062737,Aura Cacia Orbit Diffuser,Packaged_H&B,1,28.79
210000062752,CBD sleep ez pillowz slumber berry 30 vegan gummies,Vitamins,8,26.99
210000062759,Let's Date Date Paste 14.1 oz Org,Packaged_Dry,7,6.99
210000062761,Madhava's Toasted Sesame Oil 8.45 oz.,Packaged_Dry,1,9.49
210000062763,Desert Essence Tea Tree Spearmint Mouthwash Alcohol Free 8oz,Packaged_H&B,3,7.79
210000062765,ginseng revitalizer 90tbs planetary,Vitamins,2,29.99
210000062767,echinacea defense 90tbs planetary,Vitamins,1,14.90
210000062771,Natren Yogurt Starter,Milk,2,17.69
210000062773,Ice Chips candy cane,Packaged_Dry,3,5.99
210000062775,Pure Anatolia  Org Sundried Tomatoes  Halves 3.17 oz,Packaged_Dry,2,6.79
210000062777,wool snuggle lone deer black MEDIUM socks maggie's,Bulk_H&B,1,16.99
210000062785,Mary's Gone Crackers  Original 4 oz,Packaged_Dry,6,5.59
210000062787,Raw Revolution Peanut Butter & Sea Salt,Packaged_Dry,13,2.69
210000062789,Peak Protein Bar Almond Butter Amaretti,Packaged_Dry,8,3.29
210000062791,Peak Protein Bar Chocolate Peanut  Butter Crunch,Packaged_Dry,9,3.19
210000062793,cold brew  seasonal concentrate 32oz,Beverages,4,12.99
210000062801,Nuts for Cheese  Un-Brie-Lievable Cheese Org Vegan,Milk,2,8.99
210000062812,Old Country Creamery Raspberry yogurt,Milk,3,2.99
210000062820,Oh MY ! Goat Milk Lotion Fragrance Free 2OZ,Packaged_H&B,4,6.79
210000062822,Oh MY ! Goat Milk Lotion Sugar & Fig 2oz,Packaged_H&B,4,6.79
210000062824,Oh MY ! Goat Milk Foaming Hand Soap Cherry Blossom,Packaged_H&B,4,8.99
210000062826,Oh MY ! Goat Milk Foaming Hand Soap Lavender,Packaged_H&B,3,9.09
210000062828,Oh My!  Natural Boar Bristle Shave Brush,Packaged_H&B,3,11.89
210000062830,Oh My!  Natural Shave Soap Puck Bay Rum,Packaged_H&B,1,9.89
210000062832,Oh My!  Goat Milk Shave Soap Puck Fragrance Free,Packaged_H&B,2,9.89
210000062834,Oh My!  Goat Milk Beard Balm Fragrance Free,Packaged_H&B,2,14.79
210000062836,Ithaca Hummus Lemon Garlic 10 oz,Milk,6,5.49
210000062852,multi adult ultra ll daily 180tbs nature's plus,Vitamins,1,74.99
210000062854,apricot seed organic traditions,Packaged_Dry,2,14.49
210000062856,supergreens pear 3.5oz,Beverages,3,14.99
210000062858,turmeric latte mix 3.5oz,Beverages,3,15.99
210000062866,Mineral Fusion Nail Polish Flirtini,Packaged_H&B,1,9.59
210000062870,Mineral Fusion Nail Polish Arm Candy,Packaged_H&B,2,9.59
210000062874,Mineral Fusion Nail Polish Base Coat,Packaged_H&B,2,9.59
210000062876,Walkers Shortbread  Rounds GF,Packaged_Dry,5,6.59
210000062877,cold brew espresso RTD glass bottle equator,Beverages,10,4.59
210000062879,cold brew vanilla RTD glass bottle equator,Beverages,6,4.59
210000062883,mullein  flower oil1 oz nature's answer,Vitamins,2,13.99
210000062885,cayenne 90 cps natures answer,Vitamins,3,14.99
210000062887,King Arthur  Fudge Brownie Mix GF,Packaged_Dry,2,8.49
210000062889,Moon Valley Organic Shampoo Bar Lemongrass,Packaged_H&B,1,8.89
210000062890,kollagel collagen,Vitamins,3,39.99
210000062892,collagen marine pure,Vitamins,2,29.99
210000062894,collagen marine with hyaluronic acid,Vitamins,3,31.99
210000062896,banana milk OG 32 oz mooala,Beverages,4,5.49
210000062897,soursop juice with pulp 16.57oz nilo,Beverages,13,4.69
210000062898,wellness rescue shot vive,Beverages,6,3.99
210000062903,Earth Balance Buttery Spread Soy Free with Olive Oil,Milk,3,7.99
210000062907,vanilla with whole bean OG 5oz singing dog,Packaged_Dry,6,24.99
210000062909,honey root beer soda can wehrloom,Beverages,6,3.39
210000062911,honey infused tea apples cinnamon in a jar wehrloom,Beverages,1,12.99
210000062913,honey infused tea lemon ginseng in a jar wehrloom,Beverages,5,12.99
210000062921,Bamboo 3Piece Spoon Set,Bulk_H&B,3,6.69
210000062925,teeccino Irish cream 10bags,Beverages,5,6.99
210000062927,Sunbeam Candles 2 x 6 Manifestation Birthday,Bulk_H&B,2,20.00
210000062929,Aura Cacia Mineral Bath Tranquil Chamomile,Packaged_H&B,5,4.59
210000062946,Giovanni Mens 2 n 1 Shampoo & Conditioner 16.9 oz,Packaged_H&B,2,12.59
210000062950,Green Generation Bamboo Bath Tissue 12 Pack 3 Ply,Bulk_H&B,6,21.99
210000062952,Green Generation Bamboo Facial Tissue Cube 12 Pack 3 Ply,Bulk_H&B,1,3.49
210000062964,Hempress Hemp pantliners 20ct,Packaged_H&B,3,5.89
210000062968,candy cane blend essential oil 1oz NOW FOODS,Packaged_H&B,5,13.99
210000062971,Old Country Creamery Kefir Blueberry Quart,Milk,1,4.49
210000062975,Wyndmere Aroma Therapy Charcoal Bracelet Black 22,Packaged_H&B,2,12.69
210000062979,Sunbeam Candles Ceramic Pine Needles,Bulk_H&B,1,24.00
210000062984,Evolution Salt Himalayan Salt Shaker,Packaged_Dry,10,2.99
210000062988,Sjaaks Dark Chocolate Peanut Butter Tree,Packaged_Dry,1,8.29
210000062991,peanut Mexican chocolate 3.5 oz Q's nuts,Packaged_Dry,4,2.50
210000063001,magnesium complex new chapter,Vitamins,6,24.99
210000063003,vitamin C fermented 60 new chapter,Vitamins,2,38.99
210000063009,B 6 NOW FOODS,Vitamins,4,8.99
210000063021,vitamin C chewable 500mg source naturals,Vitamins,1,14.99
210000063025,immuno shield 100sgls irwin,Vitamins,1,27.99
210000063029,vitamin C plus urgent rescue sgels irwin,Vitamins,2,25.99
210000063031,female balance 60sgls irwin,Vitamins,4,36.99
210000063033,healthy brain 60liquigels,Vitamins,2,39.99
210000063035,shatavari 60liquigels irwin,Vitamins,2,28.99
210000063043,Earth Therapeutics Pumice Stone,Packaged_H&B,1,6.39
210000063045,Hakubaku  Soba Noodles Org,Packaged_Dry,10,4.89
210000063047,Bass Bamboo Comb Fine/Wide Tooth Wet/Dry,Packaged_H&B,2,12.29
210000063051,Andes Gifts Hat Cascade,Bulk_H&B,3,21.99
210000063053,Portland Pet Food Dog Treats Bacon Biscuits  5 oz,Bulk_H&B,1,8.79
210000063055,Urban Spa Massaging Hair Brush,Packaged_H&B,1,7.99
210000063063,Madhava's Agave Nectar Amber 17 oz.,Packaged_Dry,1,6.49
210000063073,Celestial Tea Infuser,Bulk_H&B,1,7.39
210000063075,Golden Healing  Salve 2oz,Packaged_H&B,2,5.89
210000063077,Bent Tree Coffee Colombia 12 oz. Winter Whole Bean & ground,Coffee,3,14.99
210000063079,Oh MY ! Goat Milk Lotion Fragrance Free 12oz,Packaged_H&B,3,13.29
210000063081,Oh MY ! Goat Milk Lotion Frankincense & Myrrh 2oz,Packaged_H&B,3,6.79
210000063091,burdock tea OG celebration,Beverages,1,7.19
210000063095,HIC  Herb/Tea Infuser Pod,Bulk_H&B,2,8.29
210000063099,saw palmetto 1oz la naturals,Vitamins,1,15.99
210000063103,black walnut green 1oz la naturals,Vitamins,1,14.99
210000063106,gluten detox spray 1oz liddell labs,Vitamins,1,5.00
210000063118,sea moss 60 capsules  herb to body,Vitamins,3,16.99
210000063122,lecithin powder phosphatidylcholine  4oz herb to body,Vitamins,3,9.99
210000063124,Emily's Soaps Sole Repair Butter,Packaged_H&B,1,17.49
210000063131,kombucha mojito can mor,Beverages,8,3.49
210000063135,pineapple juice with pulp 10.8oz alo,Beverages,16,2.69
210000063137,mango juice with pulp 10.8oz alo,Beverages,12,2.69
210000063139,peach juice with pulp 10.8oz alo,Beverages,18,2.69
210000063144,macadamia nuts roasted salted OG mavuno,Packaged_Dry,1,6.99
210000063147,bio strath 8.4 oz,Vitamins,2,29.99
210000063150,swiss kriss herbal laxative flakes 1 1/2 oz,Vitamins,2,6.99
210000063152,turmeric living bitters 16oz herb to body,Vitamins,4,26.99
210000063154,mullein 1oz la naturals,Vitamins,1,14.99
210000063156,bilberry 1oz la naturals,Vitamins,5,14.99
210000063168,get it done motivation kit bach,Vitamins,2,24.99
210000063170,passion fruit juice 33.8oz ceres,Beverages,11,6.89
210000063187,C blend tea celebration,Beverages,1,9.99
210000063191,chamomile 1oz la naturals,Vitamins,1,14.99
210000063193,honey infused tea jasmine rose in a jar wehrloom,Beverages,6,12.99
210000063212,silica complex 180tbs NOW FOODS,Vitamins,3,32.99
210000063214,Sno Pac Butternut Squash Org,Frozen,10,3.89
210000063216,Berlin Alb Gold Spaghetti Whole spelt Org,Packaged_Dry,3,7.59
210000063236,Sunbeam Candle Petite Rose (Pink),Bulk_H&B,1,14.00
210000063238,Sunbeam Candle Grande Rose (Pink),Bulk_H&B,2,29.00
210000063241,mushrooms wild porcini dried 2oz mikuni,Packaged_Dry,7,11.50
210000063243,mushrooms wild lobster dried 2oz mikuni,Packaged_Dry,4,11.69
210000063245,mushrooms black trumpet dried 2oz mikuni,Packaged_Dry,2,11.69
210000063253,Birdie & Louie Cat Food  Tuna Tuesday Can 3 oz,Bulk_H&B,7,1.79
210000063257,Blue Buffalo Cat Food Wilderness Salmon 5.5 oz,Bulk_H&B,24,2.89
210000063263,lychee juice with pulp 10.8oz alo,Beverages,18,2.69
210000063270,maple cinnamon sprouted crisps OG 8oz foods alive,Packaged_Dry,7,7.99
210000063272,daily gentle cleanse 60liquigels,Vitamins,1,25.99
210000063276,folate 60vcps nature's plus,Vitamins,2,11.99
210000063278,cranberry 500mg 60cps nature's plus,Vitamins,1,18.99
210000063280,iron hema plex liquid 8.5oznature's plus,Vitamins,2,19.99
210000063282,curcumin lozenges nature's plus,Vitamins,4,26.99
210000063284,Old Country Creamery  Whole Milk Quart (32oz),Milk,3,2.69
210000063294,Sunbeam Candles Beeswax Small Pink Heart,Bulk_H&B,8,6.99
210000063306,ginger honey turmeric lemon crystals 10 sachets prince of peace,Beverages,6,4.49
210000063308,silver thoat spray multi symptom 10ppm 2oz,Vitamins,3,19.99
210000063310,GLP-1(ozempic) support 90cps youth theory,Vitamins,2,29.99
210000063313,prenatal vitamins mama knows best oceanblue,Vitamins,1,10.00
210000063315,Oceanblue Omega 750mg 30 ct,Vitamins,4,6.00
210000063317,omega everyday 90sgls oceanblue,Vitamins,4,11.50
210000063319,DHA 1000mg brain fuel 60sgls oceanblue,Vitamins,6,11.50
210000063321,omega everyday mini 60sgls oceanblue,Vitamins,5,7.50
210000063323,EPA 1000mg mood food 60sgls oceanblue,Vitamins,4,18.99
210000063327,K2D3 gummy peach 60 youth theory,Vitamins,1,20.99
210000063338,Eco Vessel  Boulder Aqua Breeze 24 oz,Bulk_H&B,1,22.09
210000063340,Mineral Fusion Nail Polish Love Potion,Packaged_H&B,1,9.59
210000063347,calcium magnesium complete 1:1 120tbs trace minerals,Vitamins,4,24.99
210000063351,cotton allergy crew natural x-large maggie's,Bulk_H&B,2,8.99
210000063355,cotton allergy crew black x-large maggie's,Bulk_H&B,3,7.99
210000063357,wool felted monarch butterfly ornament freshener,Bulk_H&B,5,11.99
210000063359,wool felted human heart ornament freshener,Bulk_H&B,3,11.99
210000063361,socks that support mental health clouds MEDIUM,Bulk_H&B,2,14.99
210000063375,socks that protect turtles MEDIUM,Bulk_H&B,1,14.99
210000063377,tongkat Ali longjack 60 capsules  herb to body,Vitamins,3,17.99
210000063379,red panax ginseng royal gelly 10x10,Beverages,6,7.29
210000063383,core cleanser digest strawberry 375gm sunwarrior,Beverages,2,19.00
210000063385,Ecolove Family Shampoo 17.6 oz,Packaged_H&B,3,12.59
210000063387,Ecolove Family Conditioner 17.6 oz,Packaged_H&B,2,12.59
210000063393,7th Heaven Chocolate Bar Oat Milk  Caramel & Sea Salt,Packaged_Dry,6,6.29
210000063395,7th Heaven  Oat Milk  Peanut Butter Cups,Packaged_Dry,5,3.19
210000063397,So Delicious  Ice Cream Bar Vanilla SF,Milk,6,7.29
210000063399,felted wool heart mini ornament set of 5,Bulk_H&B,1,19.99
210000063401,"felted baby easter bunny rabbit brown, grey or white",Bulk_H&B,1,6.49
210000063403,felted easter peep bunny rabbit pink,Bulk_H&B,3,3.99
210000063405,felted easter egg with floral design,Bulk_H&B,4,3.99
210000063407,Jeni's Ice Cream  Biscuits & Peach Jam,Milk,4,9.39
210000063417,Hawaiian ginger tonic goldthread,Beverages,12,4.99
210000063421,herbalozenge elderberry zinc 18 loz bag zand,Vitamins,7,4.49
210000063431,zinnia cut and come again seeds,Packaged_Dry,6,2.69
210000063451,onion red flat OG seeds,Packaged_Dry,4,2.69
210000063457,parsnip all American seeds,Packaged_Dry,4,2.69
210000063467,Honey Mama's Cocoa Truffle Bar Peanut Butter Cup,Milk,14,5.59
210000063471,Chickapea Pasta Dish Pepper & Parmesan,Packaged_Dry,8,4.99
210000063488,Nuts for Cheese Dip  Artichoke Jalapeno  Vegan,Milk,5,2.99
210000063494,lip balm vanilla OG singing dog,Packaged_H&B,3,2.79
210000063496,vanilla pure 2oz singing dog,Packaged_Dry,4,7.29
210000063500,"Once Upon A Farm  Immunity Apple, Cherry & Elderberry",Milk,8,3.99
210000063503,Mineral Fusion Nail Polish Remover (Mini),Packaged_H&B,1,6.99
210000063505,Mad Hippie Blemish Cream,Packaged_H&B,4,14.89
210000063509,mushroom chaga protect mix single pkt,Beverages,10,1.69
210000063513,The Coconut  Cult Yogurt  Chocolate Mousse,Milk,4,10.89
210000063517,mocca energy dark chocolate orange gummies,Vitamins,5,3.49
210000063519,mocca energy salted caramel gummies,Vitamins,1,3.49
210000063536,multi mushroom gummies,Vitamins,2,19.99
210000063544,Accure Cream Soothing Day,Packaged_H&B,1,18.89
210000063548,Bon Ami Polisher & Cleanser,Bulk_H&B,5,2.99
210000063550,Giovanni  Shampoo Dry Powder 1.35 oz,Packaged_H&B,5,12.49
210000063552,The Coconut  Cult Yogurt  Strawberry,Milk,5,10.89
210000063554,Cadia Hash Browns 16 oz.,Frozen,11,3.99
210000063556,Cadia Organic  Honey Raw 12 oz,Packaged_Dry,6,8.99
210000063558,choline 300mg 100cps now foods,Vitamins,3,15.99
210000063563,NAC pro 60vcps nature's plus,Vitamins,3,13.99
210000063565,quercetin activated 50cps,Vitamins,2,19.99
210000063567,lymph support tea bio nutrition,Beverages,1,13.99
210000063569,pineapple extract cleansing tea bio nutrition,Beverages,3,8.99
210000063571,Tcho Chocolate Dark Duo 2.5 oz,Packaged_Dry,11,6.19
210000063577,Eden Spicy Nori Strips,Packaged_Dry,10,9.39
210000063581,Botanical Blessings Apothecary Magnesium Spray 2oz,reports_inventory_listings_assets,2,12.00
210000063592,sweet minis GF 4oz ella's,Packaged_Dry,6,7.99
210000063598,papaya puree OG 16oz,Beverages,2,12.49
210000063600,sesame minis GF 4oz ella's,Packaged_Dry,2,7.99
210000063602,Zellie's Gum Cherry Berry w/xylitol 100 pcs,Packaged_Dry,7,13.49
210000063604,very veggie low salt 32oz knudsen,Beverages,5,5.99
210000063606,elderberry echinacea juice OG 32oz knudsen,Beverages,1,10.99
210000063629,wormwood 1oz la naturals,Vitamins,2,15.99
210000063631,lustrous hair for women la naturals,Vitamins,3,23.99
210000063633,Alden's Ice Cream  Marionberry Swirl 48 oz,Milk,1,13.99
210000063635,Alden's Sorbet Bar Limoncello Org. 4 pack,Milk,1,6.99
210000063641,complete nutrition meal shake chocolate single owyn,Beverages,15,2.99
210000063653,chamomile tea celebration,Beverages,6,6.69
210000063655,enzyme complex vegetarian 90vcps futurebiotics,Vitamins,1,16.99
210000063657,lion's mane powder 4oz herb to body,Packaged_Dry,5,19.99
210000063661,Chico Bag vita dandelion,Bulk_H&B,1,11.49
210000063675,spirulina 500mg 200vcps now foods,Vitamins,2,17.99
210000063677,Birdie & Louie Cat Food 12- 3 oz Cans,Bulk_H&B,5,21.99
210000063679,Jeni's Ice Cream  Brown Butter Almond Brittle,Milk,5,9.39
210000063681,Lundberg  Chili Crisp Jasmine Rice,Packaged_Dry,4,4.69
210000063683,Doughlicious Gelato Truffles Chocolate,Milk,2,6.49
210000063685,Doughlicious Gelato Truffles  Mint Chocolate Chips,Milk,1,6.49
210000063687,Natural Catch  Wild Yellow Fin Tuna Filets,Packaged_Dry,11,6.49
210000063689,Natural Catch  Wild Albacore Tuna Filets,Packaged_Dry,5,5.99
210000063695,kombucha sparkling raspberry lychee can wildwonder,Beverages,12,4.19
210000063699,Elmhurst Coconuts & Cashews Milk Unswt 32 oz,Milk,5,7.49
210000063701,Elmhurst Pistachio Barista 32 oz,Milk,2,7.49
210000063705,My Mochi Ice Cream  Strawberry,Milk,6,3.29
210000063707,My Mochi Ice Cream  Mango,Milk,3,6.49
210000063715,Wise Ways All Heal Salve 2oz,Packaged_H&B,3,14.39
210000063719,pecan maple bourbon 1.8 oz Q's nuts,Packaged_Dry,1,2.50
210000063727,cashew rosemary sea salt 2.25 oz Q's nuts,Packaged_Dry,2,2.50
210000063731,cozy cardamom immune + sleep 16 bags yogi,Beverages,10,5.39
210000063733,constipation support 16 bags yogi,Beverages,6,5.39
210000063734,tea sparkling adaptogen raspberry can 12oz,Beverages,10,2.99
210000063744,Yum Earth Antioxidant Pops Org,Packaged_Dry,6,6.49
210000063750,Short Creek Farm Classic Salami 5oz,Meat,1,8.89
210000063756,Short Creek Farm Hard Cider Salami 5oz,Meat,2,8.89
210000063758,Short Creek Farm Roni Salami 5oz,Meat,1,7.99
210000063762,Short Creek Farm Sausage Maine Apple 12oz,Meat,5,8.49
210000063764,Short Creek Farm Sausage Nor'east Bangers 12oz,Meat,7,8.49
210000063766,Short Creek Farm Sausage  Beer Brats 12oz,Meat,4,8.49
210000063768,Just Egg Folded Plant Eggs,Frozen,1,7.79
210000063774,coconut shreds 7oz woodstock,Packaged_Dry,4,3.99
210000063776,Large Swift-Lite/De Lites Charcoals,Bulk_H&B,6,2.49
210000063777,Epiphany Mushrooms MEDLEY,Produce,2,8.99
210000063778,Epiphany Mushrooms LION'S MANE,Produce,7,8.99
210000063782,lion's mane mushrooms dried sliced OG .65oz Mycological,Packaged_Dry,2,5.39
210000063784,Caboo Bath Tissue 4 Pack,Bulk_H&B,1,7.69
210000063786,Caboo Paper Towel Roll Single,Bulk_H&B,2,5.29
210000063814,"I & Love & You  Dog Food  Chicken, Sweet Potato & Bone Broth 4#",Bulk_H&B,4,25.89
210000063816,I & Love & You  Dog Food  Chicken & Duck 4#,Bulk_H&B,4,9.00
210000063822,I & Love & You  Dog Food  Beef Booyah Stew  13 oz Can,Bulk_H&B,6,3.69
210000063826,I & Love & You  Dog Food  Gobble It Up  Stew  13 oz Can,Bulk_H&B,10,3.69
210000063828,I & Love & You  Dog Food  Cluckin Good   Stew  13 oz Can,Bulk_H&B,12,3.69
210000063830,I & Love & You  Dog Food  Moo Moo Venison  13 oz Can,Bulk_H&B,9,3.69
210000063832,I & Love & You  Cat Food  Salmon Pate Can 3 oz,Bulk_H&B,13,1.39
210000063834,I & Love & You  Cat Food  Beef Right Meow Pate  Can 3 oz,Bulk_H&B,13,1.39
210000063836,I & Love & You  Cat Food  Chicky-Da-Lish Can 3 oz,Bulk_H&B,3,1.39
210000063842,I & Love & You  Cat Food  Oh My Cod Pate  Can 3 oz,Bulk_H&B,1,1.39
210000063844,I & Love & You  Dog Chew  Beef  Ear Candy,Bulk_H&B,2,15.89
210000063848,I & Love & You  Dog Chew  Beef  Gullet Stik,Bulk_H&B,1,6.99
210000063850,psychedelic good mood mix fruit punch single packet,Beverages,24,1.99
210000063854,Actual Veggies Burger Black Bean 4 Burgers,Frozen,5,8.39
210000063861,Zum all purpose cleaner Sea Salt 16oz,Bulk_H&B,6,7.29
210000063863,Zum all purpose cleaner Lavender 16oz,Bulk_H&B,7,7.29
210000063865,Zum all purpose cleaner Sweet Orange 16oz,Bulk_H&B,6,7.29
210000063869,turmeric 2oz global healing,Vitamins,3,24.99
210000063873,Clean Age Deodorant Citrus 3.4 oz / 100 ml,Packaged_H&B,1,13.29
210000063877,Lotus Foods Ramen Wide White Rice 4 Pack K,Packaged_Dry,4,7.59
210000063879,Stacy's White Flour Tortillas Org,Bread,5,7.99
210000063887,magnesium L-Threonate 90cps megafood,Vitamins,1,45.99
210000063889,socks that protect flamingos SMALL,Bulk_H&B,2,14.99
210000063891,socks that protect bald eagles MEDIUM,Bulk_H&B,1,14.99
210000063893,cherries dark chocolate OG 4 oz Next,Packaged_Dry,5,6.59
210000063896,prebiotic soda grape can culture pop,Beverages,5,2.39
210000063898,prebiotic soda black cherry can culture pop,Beverages,2,2.39
210000063906,socks that protect butterflies ankle MEDIUM,Bulk_H&B,1,13.99
210000063908,socks that save dogs ankle MEDIUM,Bulk_H&B,5,13.99
210000063910,socks that save dogs ankle SMALL,Bulk_H&B,1,13.99
210000063918,Hakubaku  Udon Noodles Org,Packaged_Dry,8,4.99
210000063920,Woodstock Org  Capers 3.5oz,Packaged_Dry,6,3.49
210000063922,Heavenly Organics Cardamon Raw Honey 12oz. Org,Packaged_Dry,6,9.99
210000063928,currants OG 4oz pouch boxford bakehouse,Packaged_Dry,7,4.59
210000063936,yuzu juice sparkling 8.45oz kimino,Beverages,7,4.39
210000063938,momo juice sparkling 8.45oz kimino,Beverages,2,4.39
210000063941,pistachios rosemary garlic no shell OG 5oz Nichols Farms,Packaged_Dry,9,9.99
210000063945,pistachios sea salt roasted no shell OG 6oz Nichols Farms,Packaged_Dry,15,9.99
210000063947,pistachios sea salt roasted in shell OG 16oz Nichols Farms,Packaged_Dry,5,9.99
210000063950,iced tea black lemon 16.9oz asceptic saint james,Beverages,7,3.39
210000063972,apple juice OG 96oz north coast,Beverages,3,17.99
210000063981,socks that protect elephants MEDIUM,Bulk_H&B,2,14.99
210000063983,socks that protect elephants SMALL,Bulk_H&B,1,14.99
210000063987,Clif Protein  Bar Chocolate Peanut Butter,Packaged_Dry,8,2.99
210000063989,Clif Protein  Bar Almond Salted Caramel,Packaged_Dry,3,2.99
210000063991,Baby Mum Mum Teething Biscuit  Banana,Packaged_Dry,3,1.59
210000063992,chai masala star anise 3oz,Beverages,2,15.99
210000063994,chai masala traditional 3oz,Beverages,1,17.99
210000063999,beet cherry juice OG 8.45 oz,Beverages,7,4.79
210000064003,spiruteinookies & cream 1.15 lbs nature's plus,Beverages,3,25.99
210000064005,NAC pro 1200 60cps nature's plus,Vitamins,3,12.99
210000064007,green tea 750mg 60vcps nature's plus,Vitamins,2,11.00
210000064009,dreaminol berry chewable 90tbs,Vitamins,1,19.99
210000064011,Desert Essence Deodorant Lemongrass,Packaged_H&B,2,11.69
210000064013,Doctor in the Kitchen Flackers Cheeze-Pleaze 5oz,Chips&Cookie,2,5.99
210000064021,Seaweed Bath Co. Kids Mineral Sunscreen,Packaged_H&B,3,19.99
210000064023,Humble Deodorant Palo Santo Paper,Packaged_H&B,6,10.99
210000064025,Humble Deodorant Sensitive Lavender Paper,Packaged_H&B,7,10.99
210000064027,Humble Deodorant Black Spruce Paper,Packaged_H&B,2,10.99
210000064029,Humble Deodorant Rockrose Paper,Packaged_H&B,7,10.99
210000064031,Honey Pot Herbal Infused Organic Pads/Wings 16 Super,Packaged_H&B,3,9.99
210000064033,Honey Pot Herbal Infused Organic Pads/Wings 16 Super,Packaged_H&B,3,9.99
210000064035,Babo  Daily Sheer Face Lotion SPF 40 Mineral Sun Screen,Packaged_H&B,3,25.99
210000064039,Hu Chocolate Bar Simple Milk 1 oz U,Packaged_Dry,8,3.79
210000064041,Hu Chocolate Bar Salty Dark 1 oz U,Packaged_Dry,11,3.79
210000064043,Otto's Naturals Ultimate Cookie  Mix,Packaged_Dry,5,8.39
210000064049,Conte's Potoato Onion Cheese Pierogies GF,Bread,5,8.39
210000064053,Woodstock Farms Acai Smoothie Packs,Frozen,9,8.69
210000064055,Bonne Maman Strawberry Fruit Spread  U,Packaged_Dry,2,6.99
210000064071,Lundberg  Spanish Rice,Packaged_Dry,8,4.59
210000064079,elderberry sea moss 60 capsules  herb to body,Vitamins,3,16.59
210000064081,soursop living bitters mixed berry OG 8oz herb to body,Vitamins,3,28.99
210000064083,glass bottle empty amber w/MISTER spray 4oz,Vitamins,14,2.69
210000064085,wormwood kit Kroeger,Vitamins,2,67.99
210000064087,wormwood combination 100vcps kroeger,Vitamins,2,16.99
210000064093,rosy mood 16 tea bags traditional medicinals,Beverages,6,6.99
210000064099,mushroom tea calm lion's mane 2.12 oz four sigma,Beverages,9,9.99
210000064101,mushroom tea focus lion's mane 2.12 oz four sigma,Beverages,9,9.99
210000064105,hair skin nails 90cps NOW FOODS,Vitamins,1,29.99
210000064109,D'Vash Fiber Bar Pecan Cacao,Packaged_Dry,35,1.99
210000064111,Ginger People Ginger Lemon Chews 3oz,Packaged_Dry,5,4.19
210000064113,Honey Mama's Protein Crunch Bar Chocolate Cookie 1.25 oz,Milk,11,3.19
210000064119,Jeni's Ice Cream  Dark Chocolate,Milk,3,9.39
210000064125,belt bag obsidian Chico Bag,Bulk_H&B,3,19.99
210000064127,belt bag sage green Chico Bag,Bulk_H&B,3,19.99
210000064129,throat soothers pastilles packet .42 oz St. Claire's,Vitamins,47,1.49
210000064131,peppercorn ginder tellicherry 1.76oz frontier,reports_inventory_listings_assets,3,7.99
210000064132,blue clarage corn tortillas 11oz 12 count Maize & Co,Bread,7,8.49
210000064138,pastilles watermelon 50gm,Vitamins,1,11.99
210000064140,dieter's slimming herbal tea 20 bags bravo,Beverages,3,6.99
210000064142,silver 3 piece travel kit,Vitamins,2,26.99
210000064143,electrolyte drink mango asceptic nooma,Beverages,11,2.69
210000064145,electrolyte drink blueberry peach asceptic nooma,Beverages,3,2.69
210000064149,protein OG plain unsweetened whey 12 oz tera's,Beverages,1,32.99
210000064151,brownie double chocolate single nature's bakery,Packaged_Dry,5,1.39
210000064153,grapeseed oil 32oz NOW FOODS,Packaged_H&B,1,26.99
210000064157,sweet tea prebiotics halfday,Beverages,6,2.99
210000064163,Zum Goat Milk Bar Soap  Frankincense & Myrrh 3 oz,Bulk_H&B,3,6.29
210000064165,Zum Goat's Milk Bar Soap  Sea Salt 3 oz,Bulk_H&B,5,6.19
210000064167,ginger lemon chews prince of peace 4oz,Packaged_Dry,6,3.59
210000064169,ginger lychee chews prince of peace 4oz,Packaged_Dry,4,3.59
210000064171,ginger mango chews prince of peace 4oz,Packaged_Dry,1,3.59
210000064175,mushroom d-stress strawberry lavender can melting forest,Beverages,19,4.19
210000064177,mushroom energy strawberry lemonade can melting forest,Beverages,12,4.19
210000064179,mushroom energy mango guava can melting forest,Beverages,3,4.19
210000064183,mushroom d-stress coconut pineapple can melting forest,Beverages,13,4.19
210000064185,mushroom energy black cherry can melting forest,Beverages,15,4.19
210000064187,mushroom energy orange cream can melting forest,Beverages,11,4.19
210000064191,Bionaturae Sourdough Spaghetti Org K,Packaged_Dry,3,4.59
210000064201,FireTree 40% Cocoa Milk Chocolate Bar 2.47 oz,Packaged_Dry,1,5.89
210000064203,FireTree Cocoa Oat Chocolate Bar 2.47 oz,Packaged_Dry,5,5.89
210000064209,Giovanni Hemp Hydrating Hair Shine Spray,Packaged_H&B,4,11.89
210000064211,Giovanni Hemp Conditioner Hydrating 13.5 oz,Packaged_H&B,2,15.49
210000064215,belt bag jasper maroon Chico Bag,Bulk_H&B,3,19.99
210000064217,belt bag sapphire Chico Bag,Bulk_H&B,3,19.99
210000064223,ezee recovery tea reishi mushroom bell lifestyle,Beverages,1,5.00
210000064229,migraine headache therapy homeopathic,Vitamins,3,11.99
210000064231,The Unscented Company 135oz,Bulk_H&B,1,25.99
210000064233,Andalou Men Smooth Glide Shave Cream,Packaged_H&B,1,9.99
210000064235,vit D 1000IU 60 nature's plus,Vitamins,3,15.99
210000064239,Giovanni KidsTaming Cream 6 oz,Packaged_H&B,1,10.29
210000064241,almond milk vanilla unsweetened OG 32 oz mooala,Beverages,7,5.59
210000064243,fruit puffs strawberry OG .9oz made in nature,Packaged_Dry,1,3.50
210000064256,Bent Tree Coffee Earthquaker 12 oz Whole Bean & ground,Coffee,1,14.99
210000064260,bacopa 90vcps la naturals,Vitamins,1,19.99
210000064268,horsechestnut1oz la naturals,Vitamins,2,14.99
210000064270,milk thistle OG 1oz la naturals,Vitamins,3,14.99
210000064281,nettles 75vcps la naturals,Vitamins,2,14.99
210000064284,NMN 500,Vitamins,4,49.99
210000064286,GLP-1 Pro,Vitamins,2,49.99
210000064288,NAD+ blood sugar support NMN berberine ALA,Vitamins,3,49.99
210000064290,NR300 resveratrol NAD longevity,Vitamins,2,49.99
210000064292,calcium magnesium  120 vcps nature's answer,Vitamins,2,36.99
210000064294,B12 methyl liquid spray,Vitamins,2,22.99
210000064296,toxin binder global healing,Vitamins,3,34.99
210000064298,oxy powder global healing,Vitamins,2,29.99
210000064300,microsomal foreign protein cleanse  global healing,Vitamins,3,46.99
210000064304,thyro nourish 120cps ridgecrest herbals,Vitamins,2,43.99
210000064308,ashwagandha stress wellness 60v capsules,Vitamins,3,22.99
210000064310,emotional 60v capsules,Vitamins,2,22.99
210000064312,everyday immune cleanse nasal spray,Vitamins,1,6.00
210000064314,allercleanse deep nasal spray,Vitamins,4,5.00
210000064316,cough & congestion spray homeopathic .67oz TRP,Vitamins,1,9.99
210000064320,mucus & sinus spray homeopathic .67oz TRP,Vitamins,3,12.99
210000064322,kid's toothpaste cool mint 4oz himalaya,Packaged_H&B,3,5.99
210000064324,toothpaste neem pomegranate 5.29oz himalaya,Packaged_H&B,2,7.89
210000064328,toothpaste whitening hydroxyapatite himalaya,Packaged_H&B,4,11.99
210000064332,coffee latte vanilla 11oz waiakea,Beverages,2,4.39
210000064334,Jovial  Brown Rice Stelline GF K,Packaged_Dry,11,4.99
210000064336,L-tryptophan 1000mg 60vcps NOW FOODS,Vitamins,1,37.99
210000064340,beet root 180tbs NOW FOODS,Vitamins,2,23.99
210000064350,Glutenull  Cookie Buckwheat Chocolate,Packaged_Dry,17,7.59
210000064352,Eden Sauerkraut Org 18 oz,Packaged_Dry,9,5.99
210000064354,lion's mane hydration cherry limeade single pkt fungies,Beverages,11,1.79
210000064356,lion's mane hydration strawberry lemonade single pkt fungies,Beverages,5,1.79
210000064358,lion's mane hydration watermelon single pkt fungies,Beverages,8,1.79
210000064360,lion's mane cinnamon tincture fungies,Vitamins,2,19.99
210000064364,Aura Cacia & Frankincense ORGANIC Roll On,Packaged_H&B,2,8.59
210000064370,Maeve   Chocolate Bar Kettle Chips,Packaged_Dry,1,5.79
210000064374,Maeve   Chocolate Bar Lemon Twister,Packaged_Dry,1,5.79
210000064384,socks that save lgbtq lives popsicles SMALL,Bulk_H&B,1,14.99
210000064386,socks that protect songbirds footie MEDIUM,Bulk_H&B,3,13.99
210000064388,socks that protect songbirds footie SMALL,Bulk_H&B,2,13.99
210000064390,socks that protect foxes footie SMALL,Bulk_H&B,2,13.99
210000064392,socks that protect foxes footie MEDIUM,Bulk_H&B,1,13.99
210000064394,socks that save lgbtq lives footie rainbows MEDIUM,Bulk_H&B,1,13.99
210000064396,socks that save lgbtq lives footie rainbows SMALL,Bulk_H&B,2,13.99
210000064402,CBN stay asleep huckleberry 20mg 6 gummies charlotte's web,Vitamins,2,7.99
210000064407,love my legs 60liquigels irwin,Vitamins,3,37.99
210000064409,Griffin Remedy Shampoo Scalp Therapy  8 oz,Packaged_H&B,6,11.49
210000064411,Griffin Remedy Scalp Therapy Conditioner 8oz,Packaged_H&B,5,11.49
210000064425,soursop leaves herb to body,Packaged_Dry,3,10.99
210000064427,Thyme Out For Pets 8oz,Packaged_H&B,2,16.29
210000064431,Sunbeam Candles 2 /3 Manifestation Birthday,Bulk_H&B,2,20.00
210000064439,joint collagen tbs,Vitamins,3,39.99
210000064441,graviola soursop 1 oz,Vitamins,3,21.99
210000064450,Kerrygold Butter Salted 2 Sticks,Milk,21,7.29
210000064459,cashew nut mix glazed honey cinnamon 1.5oz sahale,Packaged_Dry,1,1.50
210000064472,almonds roasted salted OG 7oz woodstock,Packaged_Dry,8,9.99
210000064473,mela watermelon passion fruit water,Beverages,20,3.49
210000064478,ella's all seed caraway rye flats GF 4.8oz,Packaged_Dry,2,7.99
210000064482,reshape 60 caps,Vitamins,6,42.99
210000064484,clarity 30 gummies,Vitamins,3,39.99
210000064486,peace 30 gummies,Vitamins,3,39.99
210000064488,mood water peach ginger recess,Beverages,2,3.19
210000064490,mood water tropical bliss recess,Beverages,12,3.19
210000064496,collagen beauty 80liquigels irwin,Vitamins,4,34.99
210000064498,ashwagandha brain  healthy mood 60 liquigels irwin,Vitamins,2,36.99
210000064500,"Chocolove Pecans, Cookies & Sea Salt  3.2 oz",Packaged_Dry,9,4.79
210000064502,Chocolove Walnuts & Sea Salt  3.2 oz,Packaged_Dry,16,4.79
210000064504,Chocolove Pistachios & Sea Salt  3.2 oz,Packaged_Dry,11,5.39
210000064511,zum dryer balls aroma blend,Packaged_H&B,2,15.99
210000064513,Delgrosso Pasta Sauce Marinara Org,Packaged_Dry,4,4.99
210000064515,honey sourwood 8oz jar wehrloom,Packaged_Dry,4,11.99
210000064516,apricots dried organic portion packs bag of 5 sunny fruit,Packaged_Dry,6,8.59
210000064518,figs smyrna dried organic portion packs bag of 5 sunny fruit,Packaged_Dry,4,5.99
210000064520,mangoes dried organic portion packs bag of 5 sunny fruit,Packaged_Dry,8,5.99
210000064522,stevia chai 2oz NOW FOODS,Packaged_Dry,1,11.59
210000064526,slender sticks pomegranate berry NOW FOODS,Beverages,1,7.99
210000064528,slender sticks tropical punch NOW FOODS,Beverages,1,7.99
210000064530,rosemary tea OG celebration,Beverages,2,7.39
210000064532,Thai Crystal Deodorant Stone Velvet Pouch 2oz,Packaged_H&B,2,3.29
210000064536,revitalize 60cps healthplus,Vitamins,1,18.00
210000064538,apricots organic traditions,Packaged_Dry,1,7.99
210000064546,stress ease calm ashwaghanda 16 tea bags traditional medicinals,Beverages,6,6.99
210000064550,Felicia Buckwheat Rigatoni,Packaged_Dry,8,5.59
210000064552,Felicia Red Lentil Penne GF Org,Packaged_Dry,6,5.59
210000064556,Little Sesame Hummus Smooth Classic,Milk,9,5.39
210000064560,Little Sesame Hummus Herby Jalapeno,Milk,2,5.39
210000064564,Perfect Bar Peanut Butter  4 Pack,Refrigerated,2,12.99
210000064571,sage leaf tea 18 bags buddha,Beverages,2,6.99
210000064575,magnesium beets COQ10 60 liquigels irwin,Vitamins,1,34.99
210000064577,magnesium milk thistle 60 liquigels irwin,Vitamins,1,34.99
210000064582,Gueyette Creamed Honey CINNAMON,Packaged_Dry,2,9.99
210000064588,pecans cinnamon churro 3oz evie's,Packaged_Dry,8,6.99
210000064590,pecans brown butter rum  3oz evie's,Packaged_Dry,9,6.99
210000064592,pecans salty & sweet  3oz evie's,Packaged_Dry,9,6.99
210000064596,inflamma less 80liquigels,Vitamins,3,34.99
210000064598,Edward & Sons  Rice Snaps Tamari Sesame U,Packaged_Dry,11,4.49
210000064604,Natracare Ultra Extra  Pads Normal w/ wings12 ct.,Bulk_H&B,1,7.29
210000064610,Perfect Bar Chocolate Chip Cookie Dough Single,Refrigerated,5,3.69
210000064612,Natracare Ultra Extra  Pads Super w/ wings 10ct.,Bulk_H&B,4,5.69
210000064618,just water 33.8oz asceptic,Beverages,7,2.59
210000064630,pecan milk unsweetened vanilla OG pecana,Beverages,11,5.99
210000064632,pecan milk unsweetened original OG pecana,Beverages,8,5.99
210000064634,pecan milk praline OG pecana,Beverages,9,5.99
210000064638,ginseng american raw la naturals,Vitamins,1,23.99
210000064640,hawthorn vcps la naturals,Vitamins,1,13.99
210000064644,shilajit extract 4oz herb to body,Vitamins,3,17.99
210000064646,tongkat ali powder 4oz herb to body,Vitamins,4,18.99
210000064648,peanut flaming 3.25 oz Q's nuts,Packaged_Dry,11,2.50
210000064650,cashews flaming 3.25 oz Q's nuts,Packaged_Dry,9,2.50
210000064654,cashew basil sage 4.5 oz Q's nuts,Packaged_Dry,1,4.90
210000064656,socks that protect bats ankle SMALL,Bulk_H&B,2,13.99
210000064658,socks that protect bats ankle MEDIUM,Bulk_H&B,2,13.99
210000064660,socks that give books planets MEDIUM,Bulk_H&B,1,14.99
210000064664,socks that protect pandas MEDIUM,Bulk_H&B,1,14.99
210000064674,Johnny Pops Ice Cream  Bar Strawberry  Creme,Milk,5,5.99
210000064678,Woodstock Org Roasted Red Peppers,Packaged_Dry,6,7.49
210000064697,leggings blackout ankle MEDIUM maggie's,Bulk_H&B,2,45.99
210000064699,leggings blackout ankle SMALL maggie's,Bulk_H&B,2,42.99
210000064701,leggings blackout ankle LARGE maggie's,Bulk_H&B,2,45.99
210000064703,leggings blackout ankle XTRA LARGE maggie's,Bulk_H&B,1,42.99
210000064705,leggings blackout ankle XX-TRA LARGE maggie's,Bulk_H&B,2,42.99
210000064707,leggings blackout shorts LARGE maggie's,Bulk_H&B,4,33.99
210000064709,leggings blackout shorts SMALL maggie's,Bulk_H&B,1,33.99
210000064720,wool felted Sally ornament freshener,Bulk_H&B,2,15.99
210000064726,plums dried organic portion packs bag of 5 sunny fruit,Packaged_Dry,5,5.99
210000064732,magnesium citrate glycinate megafood,Vitamins,1,26.99
210000064734,sparkling water lychee soda can sanzo,Beverages,24,2.39
210000064738,sparkling water mango soda can sanzo,Beverages,24,2.39
210000064740,footie lightweight gold MEDIUM maggie's,Bulk_H&B,4,8.49
210000064742,footie lightweight gold LARGE maggie's,Bulk_H&B,3,8.49
210000064744,footie lightweight red MEDIUM maggie's,Bulk_H&B,3,8.49
210000064746,footie lightweight red LARGE maggie's,Bulk_H&B,3,8.49
210000064748,footie lightweight denim MEDIUM maggie's,Bulk_H&B,2,8.49
210000064750,footie lightweight natural MEDIUM maggie's,Bulk_H&B,3,8.49
210000064752,footie lightweight natural LARGE maggie's,Bulk_H&B,2,8.49
210000064753,Catherine Sourdough Bread CLASSIC,Bread,4,9.99
210000064756,Good Karma Flax Milk  Unsweet + Protein 64oz,Milk,6,7.29
210000064758,Laubscher Provolone  Cheese Slices 1.5#,Milk,6,8.99
210000064762,alfalfa  650mg 250 tabs NOW FOODS,Vitamins,1,16.99
210000064764,Cappello's Cheddar Biscuits GF,Bread,5,10.99
210000064778,Nick's Sticks Turkey Sticks Grass Fed,Meat,10,3.69
210000064782,Quinn Pretzel Sticks Peanut Butter,Chips&Cookie,6,6.69
210000064784,Quinn Pretzel Sticks Peanut Butter + Honey,Chips&Cookie,7,6.69
210000064786,Genial Day Liners Anion 18 CT Liners,Bulk_H&B,3,6.79
210000064788,Genial Day Postpartum Flow Pads 6 CT,Bulk_H&B,5,5.69
210000064790,Genial Day Super Absorbent Heavy Flow 8 CT Pads,Bulk_H&B,2,5.69
210000064792,The Humble Co. Dental Floss Picks Mint 50 Ct,Packaged_H&B,4,4.29
210000064794,The Humble Co. Dental Floss Picks Charcoal 50 Ct,Packaged_H&B,4,4.49
210000064800,The Humble Co. Kids Rainbow Vegan Toothbrush,Packaged_H&B,4,2.89
210000064802,The Humble Co. Dental Tablets Fuoride-Free,Packaged_H&B,4,9.39
210000064806,The Humble Co. Cotton Swabs Bamboo 100ct,Packaged_H&B,6,3.29
210000064810,Molly's Suds  Baby Laundry Powder 120 Loads,Bulk_H&B,1,26.99
210000064812,Plantation Blackstrap Molasses 15 oz.,Packaged_Dry,10,6.99
210000064814,Bar Harbor Clam Chowder,Packaged_Dry,3,6.99
210000064819,seasonal support Allurtica 10 cps Utzy,Vitamins,10,5.99
210000064821,seasonal support Allurtica 40 cps Utzy,Vitamins,2,17.99
210000064823,melatonin micro low dose 120 cps Utzy,Vitamins,3,19.99
210000064825,nattokinase 60 cps Utzy,Vitamins,2,14.90
210000064827,magnesium & inositol drink mix strawberry 7.3oz Utzy,Vitamins,3,34.99
210000064829,tongkat ali extract 1oz,Vitamins,3,39.99
210000064830,bar soap goat's milk cedarwood 5oz honey sweetie acres,Packaged_H&B,2,8.99
210000064832,bar soap goat's milk lavender 5oz honey sweetie acres,Packaged_H&B,2,8.99
210000064834,bar soap goat's milk poison ivy jewelweed 5oz honey sweetie acres,Packaged_H&B,1,9.99
210000064836,bar soap goat's milk cherry almond 5oz honey sweetie acres,Packaged_H&B,2,8.99
210000064838,bar soap goat's milk unscented facial avocado honey sweetie acres,Packaged_H&B,4,8.99
210000064840,bar soap goat's milk dragon's blood 5oz honey sweetie acres,Packaged_H&B,3,9.99
210000064842,bar soap goat's milk frank myrrh 5oz honey sweetie acres,Packaged_H&B,3,9.99
210000064844,lotion goat's milk cherry almond 8oz honey sweetie acres,Packaged_H&B,1,16.99
210000064846,lotion goat's milk lavender 8oz honey sweetie acres,Packaged_H&B,3,16.99
210000064848,lotion goat's milk unscented 4oz honey sweetie acres,Packaged_H&B,2,8.99
210000064850,prebiotic soda lemon lime can culture pop,Beverages,1,1.60
210000064852,bar soap goat's Tahiti Treat 5oz honey sweetie acres,Packaged_H&B,3,9.99
210000064856,camilia tumy 10 dose boiron,Vitamins,1,9.99
210000064864,Aura Cacia Citronella Oil 15mL/ 0.5 oz,Packaged_H&B,3,3.59
210000064870,bar soap goat's milk tahiti treat 5oz honey sweetie acres,Packaged_H&B,4,8.99
210000064872,bar soap goat's milk unscented 5oz honey sweetie acres,Packaged_H&B,1,8.99
210000064878,agua de kefir guava paloma can gt's,Beverages,9,3.89
210000064880,My Mochi Ice Cream  Cookies & Cream 1.5,Milk,16,0.99
210000064882,Cranberry juice OG 16oz harney & sons,Beverages,11,2.79
210000064884,Old Country Creamery Whole Milk Pint 16oz,Milk,4,2.19
210000064886,multi source of life liquid gold 30ml,Vitamins,45,2.99
210000064888,multi women her journey 30tbs,Vitamins,1,17.99
210000064890,multi women her journey 30tbs,Vitamins,3,17.99
210000064892,felted wool pumpkin,Bulk_H&B,8,3.49
210000064894,Foods Alive  Power 4 Protein Powder  8 oz,Packaged_Dry,4,8.99
210000064896,Heavenly Organics White Himalayan Raw Honey 22oz.,Packaged_Dry,8,13.69
210000064898,wooden branch spoon small 7,Bulk_H&B,3,8.99
210000064900,power pak berry canister trace minerals,Vitamins,6,39.99
210000064902,trace mineral drops .5oz trace minerals,Vitamins,3,8.49
210000064904,concentrace daily mineral powder trace minerals,Vitamins,6,38.99
210000064906,zerolyte orange pkt single,Vitamins,59,0.99
210000064912,zerolyte citrus pkt single,Vitamins,63,0.99
210000064914,zerolyte mango pkt single,Vitamins,38,0.99
210000064916,zerolyte watermelon pkt single,Vitamins,68,0.99
210000064918,zerolyte berry lemonade pkt single,Vitamins,58,0.99
210000064926,bamboo matcha tea whisk in clear plastic case or cardboard tube,Beverages,3,17.99
210000064928,peppermint tea OG 16 bags yogi caffeine free,Beverages,9,5.39
210000064930,calm child 4oz planetary,Vitamins,1,24.99
210000064936,rest in peach can liquid death,Beverages,1,1.99
210000064943,chaga mushroom powder 100gm host defense,Vitamins,2,28.99
210000064947,psychedelic good mood mix watermelon single packet,Beverages,27,1.99
210000064963,grapefruit seed extract 1oz mary ruth's,Vitamins,1,14.99
210000064964,epic protein complete coffee single pkt sprout living,Beverages,9,3.99
210000064966,epic protein complete chocolate maca single pkt sprout living,Beverages,18,3.99
210000064968,epic protein complete original single pkt sprout living,Beverages,23,3.99
210000064970,epic protein complete vanilla lucuma single pkt sprout living,Beverages,25,3.99
210000064976,Better Than Bouillon Organic  Beef Base Pho 8 oz,Packaged_Dry,5,9.79
210000064978,Garofalo  Capellini 16 oz,Packaged_Dry,23,3.29
210000064980,Rawmio Chocolate Bar Oat Milk 50%,Packaged_Dry,7,5.99
210000064982,Rawmio Chocolate Bar Coconut Milk 45%,Packaged_Dry,7,5.99
210000064986,Rawmio Chocolate Bar Dark Date 65%,Packaged_Dry,2,5.99
210000064988,Violife Dip French Onion,Milk,2,5.99
210000064990,d stress yuzu lime can melting forest,Beverages,9,4.19
210000064992,Lewis Labs Nutritional Yeast Flakes,Packaged_Dry,3,29.99
210000064994,honey mushroom 16oz herb to body,Packaged_Dry,7,26.99
210000064998,tea concentrate peach mango tazo,Beverages,1,5.00
210000065006,tea dandelion blueberry vanilla OG 10bags teecino,Beverages,1,6.99
210000065008,Cadia Rice Arborio White 16 oz Org,Packaged_Dry,6,4.99
210000065014,water plus pouch htwo,Beverages,6,3.49
210000065016,water lemonade pouch htwo,Beverages,8,3.49
210000065017,water nightlyfe pouch htwo,Beverages,3,3.49
210000065019,Eco Tools Foot Brush & Pumice Stone,Packaged_H&B,1,5.29
210000065021,ginger mint tea OG 24 bags NOW FOODS,Beverages,3,5.99
210000065023,wool snuggle berry stripe navy socks MEDIUM maggie's,Bulk_H&B,1,17.99
210000065025,wool snuggle berry stripe navy socks LARGE maggie's,Bulk_H&B,1,17.99
210000065027,wool snuggle polar bear stripe black LARGE maggie's,Bulk_H&B,2,17.99
210000065029,wool snuggle polar bear stripe taupe LARGE maggie's,Bulk_H&B,1,17.99
210000065031,wool snuggle polar bear stripe taupe MEDIUM maggie's,Bulk_H&B,6,17.99
210000065035,wool snuggle berry stripe natural socks MEDIUM maggie's,Bulk_H&B,2,17.99
210000065037,wool snuggle twinkle toes green socks MEDIUM maggie's,Bulk_H&B,5,17.99
210000065039,wool snuggle twinkle toes green socks LARGE maggie's,Bulk_H&B,2,17.99
210000065041,wool snuggle twinkle toes wine socks MEDIUM maggie's,Bulk_H&B,5,17.99
210000065043,wool snuggle twinkle toes wine socks LARGE maggie's,Bulk_H&B,1,17.99
210000065047,Ethique Purple Shampoo Bar 3.9 oz,Packaged_H&B,1,17.99
210000065049,Pizza Girl Vodka Pasta Sauce Org,Packaged_Dry,1,10.99
210000065051,Tcho Chocolate Perfect  Matcha 8oz,Packaged_Dry,8,4.99
210000065053,l-theanine  100mg 180vcps,Vitamins,2,32.99
210000065055,water acai pouch htwo,Beverages,6,3.49
210000065057,water plus peach mango pouch htwo,Beverages,1,3.49
210000065063,kava gold 1oz la naturals,Vitamins,1,17.99
210000065069,Tree Hugger Bubblegum Filled Pops,Packaged_Dry,11,0.49
210000065071,figs walnut balls sunny fruit,Packaged_Dry,1,6.49
210000065073,dates dried organic portion packs bag of 5 sunny fruit,Packaged_Dry,5,5.99
210000065075,YS Organic  Honey Raw 14 oz #12A,Packaged_Dry,3,7.19
210000065081,slender stick pomegranate berry single packet NOW FOODS,Beverages,12,0.69
210000065083,slender stick tropical punch single packet NOW FOODS,Beverages,12,0.69
210000065085,slender stick acai lemonade single packet NOW FOODS,Beverages,12,0.69
210000065087,lozenges orange vitamin C herbion,Vitamins,7,3.49
210000065089,throat spray ivy leaf,Vitamins,1,7.99
210000065093,socks that give books planets SMALL,Bulk_H&B,2,14.99
210000065101,socks that protect sloths LARGE,Bulk_H&B,3,14.99
210000065105,YS Organic  Honey Raw 22 oz #12B,Packaged_Dry,5,10.49
210000065108,Mary's Gone Crackers  Original 7 oz U,Packaged_Dry,10,8.49
210000065110,Olyra Bites Dates & Honey Org,Packaged_Dry,2,5.69
210000065112,CBD sparkling raspberry wyld,Beverages,20,4.69
210000065119,Wildly Organic Coconut Milk Powder 16 oz,Packaged_Dry,3,11.99
210000065121,Yum Earth Halloween Variety Bag 50 Pack Org,Packaged_Dry,3,27.99
210000065129,Maeve Blackberry Bramble Chocolate Bon Bon,Packaged_Dry,1,10.99
210000065133,Maeve Pink Bubbly Chocolate Bon Bon,Packaged_Dry,2,10.99
210000065135,Theo Chocolate Hazel Nut Crisp 1.7oz,Packaged_Dry,1,4.99
210000065139,Emily's Bar None Dish Soap,Bulk_H&B,2,9.29
210000065141,apple cider spiced 16.8oz reed's,Beverages,9,5.69
210000065143,empty roll on amber glass 10ml,Vitamins,95,1.29
210000065145,green tea toasted rice 16 tea bags traditional medicinals,Beverages,4,6.99
210000065147,cranberry spice tea OG 16 bags yogi,Beverages,7,5.39
210000065149,psychedelic good mood mix grape single packet,Beverages,5,1.99
210000065151,psychedelic good mood mix strawberry kiwi single packet,Beverages,5,1.99
210000065153,We'moon Cards 6 count 2026,reports_inventory_listings_assets,5,13.95
210000065165,energy pineapple mango odyssey,Beverages,4,3.99
210000065167,Little Secrets Chocolate Party Pack 25 Bars,Packaged_Dry,1,21.99
210000065169,Truly Indian Vegetable Samosa,Frozen,8,8.99
210000065171,Truly Indian Roti Wrap  Cottage Cheese & Green Pepper,Frozen,1,3.49
210000065173,Truly Indian Roti Wrap  Tandoori Spiced Potato,Frozen,14,3.99
210000065181,dreamroot tart cherry syrup 12oz sage village,Beverages,3,21.99
210000065185,Amy's Soup  Black Bean,Packaged_Dry,13,5.99
210000065189,Ener-B raspberry lemonade sugar free pkt,Beverages,26,0.69
210000065197,sereni zen stress management 60cps ridgecrest herbals,Vitamins,2,24.99
210000065201,dream on zen 60cps ridgecrest herbals,Vitamins,1,28.99
210000065207,yerba mate bravo mango can 15.5oz guayaki,Beverages,20,3.39
210000065209,iced tea white lotus mango16.9oz  saint james,Beverages,6,3.39
210000065211,Emmy's Peanut Butter Cookies Org,Packaged_Dry,3,6.99
210000065213,cotton crew tri-pak navy natural black LARGE maggie's,Bulk_H&B,3,21.99
210000065215,cotton scallop quarter sock blush MEDIUM maggie's,Bulk_H&B,1,8.99
210000065217,cotton scallop quarter sock turmeric MEDIUM maggie's,Bulk_H&B,1,8.99
210000065219,cotton scallop quarter sock bay MEDIUM maggie's,Bulk_H&B,2,8.99
210000065221,cotton scallop quarter sock white MEDIUM maggie's,Bulk_H&B,4,8.99
210000065243,elderberry syrup pumpkin spice local 12oz sage village,Beverages,2,11.90
210000065248,rosemary margarita can melting forest,Beverages,24,4.19
210000065252,citrus spritz can melting forest,Beverages,12,4.19
210000065256,matcha tea set 7 piece the first matcha dark blue box with pink fan on it,Beverages,1,36.99
210000065261,black seed oil 3.4oz talya,Vitamins,3,15.99
210000065264,kombucha lavender bliss can,Beverages,4,4.39
210000065268,kombucha blue dream can,Beverages,3,3.20
210000065273,proud source spring water 16 oz,Beverages,12,0.99
210000065275,Solely Fruit Gummies Mango Guava Org  .7 oz,Packaged_Dry,1,1.19
210000065277,Tony's Chocolonely Tiny Dark Chocolate,Packaged_Dry,143,0.69
210000065283,tongkat ali 60tbs source naturals,Vitamins,3,43.99
210000065287,magnesium glycinate chelate 120tbs healthy origins,Vitamins,5,26.99
210000065289,black seed oil 8.45oz talya,Vitamins,4,24.99
210000065291,black seed oil 60sftgls talya,Vitamins,3,18.99
210000065293,"Sunbeam Candles Beeswax Votive Frankincense, Bergamont &Orange (dark red)",Bulk_H&B,1,3.99
210000065295,Sunbeam Candles Jar Autumn Porridge,Bulk_H&B,2,13.19
210000065297,Sunbeam Candles Jar Farmhouse Cider,Bulk_H&B,2,13.19
210000065299,Sunbeam Candles Jar Pumpkin & Spice,Bulk_H&B,3,13.19
210000065304,Chickapea Pasta Dish Creamy Garlic,Packaged_Dry,3,4.99
210000065306,Field Day Aluminum Foil 50 sq. ft.,Bulk_H&B,34,4.99
210000065308,Birchbender Pancake & Waffle Mix Sweet Potato  GF,Packaged_Dry,4,4.99
210000065310,Birchbender Pancake & Waffle Mix   GF Org,Packaged_Dry,5,4.99
210000065322,CBD sparkling water blackberry wyld,Beverages,10,4.69
210000065324,pressed juicery strawberry basil lemonade 15.2 oz,Beverages,2,6.89
210000065328,pressed juicery strawberry orange mango smoothie 15.2 oz,Beverages,3,5.60
210000065330,pressed juicery probiotic blackberry lemonade 15.2 oz,Beverages,2,6.89
210000065332,pressed juicery daily roots ginger 15.2 oz,Beverages,1,6.89
210000065340,pressed juicery daily citrus orange turmeric 15.2 oz,Beverages,6,6.89
210000065342,mushroom mylk hot cocoa  calm 6.35 oz four sigma,Beverages,5,15.99
210000065344,mushroom dark hot cocoa calm 6.35 oz four sigma,Beverages,2,15.99
210000065346,Seventh Generation  Toilet Cleaner 24 oz,Bulk_H&B,5,6.49
210000065350,Actual Veggies Burger Purple Roots 4 Burgers,Frozen,2,8.59
210000065354,Ancient Harvest Quinoa White Org  27 oz,Packaged_Dry,3,11.99
210000065356,Ancient Harvest Quinoa Harmony Org 14.4 oz,Packaged_Dry,6,8.99
210000065358,Caulipower Cauliflower Pizza Margherita,Frozen,3,9.19
210000065364,Caulipower Cauliflower Pizza  Bites 4 Cheese 7.5oz.,Bread,4,7.99
210000065370,Pamela's GF Pancake & Baking Mix 4 lb.,Packaged_Dry,1,10.99
210000065380,Skinny Pop White Cheddar Popcorn 6 Bags,Chips&Cookie,2,4.50
210000065386,Red's Meat Lover's Sausage  & Egg Burrito,Frozen,2,3.49
210000065400,Chico Bag Vita Red,Bulk_H&B,2,9.99
210000065408,wormwood 180vcps OWH,Vitamins,3,39.99
210000065410,damiana root 90vcps,Vitamins,2,29.99
210000065412,valerian hops 1oz OWH,Vitamins,3,21.99
210000065414,milk thistle triple detox 60sgls irwin,Vitamins,2,29.99
210000065415,popcorn reindeer crunch  9oz poppy,Chips&Cookie,8,7.50
210000065417,popcorn peppermint bark  7.5oz poppy,Chips&Cookie,4,9.49
210000065421,popcorn salted caramel  7.5oz poppy,Chips&Cookie,12,7.49
210000065423,popcorn Asheville mix  6oz poppy,Chips&Cookie,4,7.49
210000065433,Minerva  Butter Sticks Unsalted 8 oz,Milk,6,4.49
210000065435,strawberries dried organic portion packs bag of 5 sunny fruit,Packaged_Dry,8,5.99
210000065437,Siete  Chamoy Botana Sauce 10 oz,Packaged_Dry,5,6.99
210000065439,Siete  Traditional Botana Sauce 8.5  oz,Packaged_Dry,3,6.99
210000065440,wool crew mushrooms MEDIUM woolen kin,Bulk_H&B,3,23.99
210000065446,wool crew bee LARGE woolen kin,Bulk_H&B,2,23.99
210000065448,wool crew bee SMALL woolen kin,Bulk_H&B,2,23.99
210000065450,wool crew bee MEDIUM woolen kin,Bulk_H&B,2,23.99
210000065452,wool crew arctic night LARGE woolen kin,Bulk_H&B,2,23.99
210000065454,wool crew arctic night EXTRA LARGE woolen kin,Bulk_H&B,1,23.99
210000065456,Barbara's  Cheese Puff Original,Chips&Cookie,5,4.69
210000065458,Olyra Bites Baked Apple Cinnamon Org,Packaged_Dry,3,6.19
210000065460,Olyra Breakfast  Biscuits Vanilla Sandwich Org,Packaged_Dry,7,5.49
210000065462,The Foraging Fox Ketchup 10.5 oz,Packaged_Dry,5,8.49
210000065466,The Foraging Fox Mayo Smoked Jalapeno 9.2 oz,Packaged_Dry,2,3.00
210000065468,The Foraging Fox Mayo Avocado & Lemon 9.2 oz,Packaged_Dry,2,3.00
210000065472,Molly's Suds Dryer Sheets Unscented 120 Pack,Bulk_H&B,4,14.59
210000065478,Pacha Buckwheat English Muffins GF Original Org,Bread,9,10.29
210000065487,Heavenly Organics Espresso Honey Pattie,Packaged_Dry,2,0.49
210000065489,Mrs. Andersons Mini Tool Set,Bulk_H&B,1,6.69
210000065491,Burt's Bees Even Tone Liquid Exfoliant,Packaged_H&B,1,13.19
210000065493,Grain Zero Granola Bites Cranberry,Packaged_Dry,1,3.99
210000065494,almonds raw Italian OG 26oz rawguru,Packaged_Dry,7,15.99
210000065495,hemp seed butter OG 8oz dastony,Packaged_Dry,2,13.99
210000065499,goji berries dark chocolate cocoa dusted 2oz rawmio,Packaged_Dry,9,4.99
210000065501,macadamia dark chocolate cocoa dusted 2oz rawmio,Packaged_Dry,3,5.49
210000065503,almonds sprouted dark chocolate cocoa dusted OG 2oz rawmio,Packaged_Dry,8,5.49
210000065505,magnesium glycinate 90sgls NOW FOODS,Vitamins,1,17.99
210000065507,digestive optimal 90vcps NOW FOODS,Vitamins,2,21.99
210000065509,monk fruit OG 2oz now foods,Packaged_Dry,2,10.99
210000065511,Christmas morning 18bags stash,Beverages,1,4.99
210000065514,blueberry pomegranate kombucha can elixir,Beverages,4,4.39
210000065516,grapefruit kombucha can elixir,Beverages,10,4.39
210000065518,pineapple ginger kombucha can elixir,Beverages,2,4.39
210000065520,kombucha lavender lemonade can elixir,Beverages,6,4.39
210000065525,protein plant  vanilla 4-pk pirq,Beverages,1,10.99
210000065529,chestal melt pellets boiron,Vitamins,2,15.99
210000065531,"Red's Sausage, Egg & Cheese Burrito",Frozen,1,3.49
210000065533,Birchbender Pancake & Waffle Mix   Ube Mochi GF,Packaged_Dry,1,4.99
210000065536,Carrots 1 lb. Bag,Produce,25,1.59
210000065538,Lakanto Monkfruit Sweetener with Erythritol  8.29 oz,Packaged_Dry,8,6.49
210000065540,Lakanto Monkfruit Sweetener with Allulose  8 oz,Packaged_Dry,7,6.99
210000065544,Veggies Made Great Muffins Banana Chocolate Chip GF,Bread,3,7.49
210000065546,Veggies Made Great Muffins Blueberry GF,Bread,4,7.49
210000065556,detox dharma tea OG 18bags,Beverages,2,6.99
210000065558,leggings base layer black XX LARGE maggie's,Bulk_H&B,2,27.99
210000065562,B.T.R. Nation  Protein Bar Cinnamon Cashew Crunch,Packaged_Dry,4,2.29
210000065572,mango power juice OG 32oz,Beverages,2,11.99
210000065575,eye drops organic tears 10ml,Vitamins,1,24.99
210000065577,wonderbelly multi symptom vanilla bean,Vitamins,1,15.99
210000065581,Crunchy Ra Ra Yogurt 5.6oz Strawberry,Milk,12,4.19
210000065583,Crunchy Ra Ra Yogurt 5.6oz Mango,Milk,12,4.19
210000065584,cocoa powder belgian 10oz,Beverages,4,13.99
210000065586,drinking chocolate belgian 10oz,Beverages,10,12.99
210000065588,pqq energy NOW FOODS,Vitamins,1,26.99
210000065590,Hu Dark Chocolate Baking Chips  Org,Packaged_Dry,18,10.49
210000065592,mullein x respiratory nac zinc nature's answer,Vitamins,2,24.99
210000065596,Ergo Form Back Brush 18,Packaged_H&B,1,11.99
210000065598,almond milk unsweetened OG 32 oz mooala,Beverages,3,5.59
210000065600,Grin Adult Toothbrush Soft,Packaged_H&B,1,8.99
210000065613,calm belly relaxed mind 2oz equinox,Vitamins,1,26.99
210000065615,moon time cramp support equinox,Vitamins,2,14.99
210000065618,apple cider gummies irwin,Vitamins,4,14.99
210000065624,milk thistle detox gummies irwin,Vitamins,4,19.99
210000065626,stress defy gummies irwin,Vitamins,2,19.99
210000065628,testosterone up gummies irwin,Vitamins,4,19.99
210000065633,Aleias Stuffing Mix GF Cook Top,Bread,3,5.19
210000065635,rescue sleep spray bach,Vitamins,1,28.99
210000065637,mood and stress gummies bach,Vitamins,2,24.99
210000065639,flower essence star of Bethlehem bach,Vitamins,1,24.99
210000065641,flower essence sweet chestnut bach,Vitamins,2,24.99
210000065643,CBN stay asleep huckleberry 20mg 30 gummies charlotte's web,Vitamins,1,37.99
210000065645,Color Garden Natural Sugar Crystals Red,Packaged_Dry,2,7.49
210000065653,Pure Indian Black Salt Fine 4.5 oz,Packaged_Dry,3,5.59
210000065655,Pure Indian Organic Jaggery (Sugar) 1.1 lbs,Packaged_Dry,3,9.29
210000065657,Pure Indian Fermented Garlic Pickle 9  oz Org,Packaged_Dry,3,12.39
210000065659,Pure Indian Tamarind  Paste 11 oz Org,Packaged_Dry,3,12.39
210000065661,mushroom bitters OG 16oz herb to body,Vitamins,3,29.99
210000065667,Sandy Smith Half Apron,reports_inventory_listings_assets,2,22.50
210000065671,Perfect Bar Fruit Crisp Mixed Berry Single,Refrigerated,1,3.89
210000065674,coconut water short single can C2O,Beverages,2,1.59
210000065677,mug manipura mandala green,Beverages,4,8.99
210000065681,mug dragon,Beverages,2,10.99
210000065683,trivet cast iron,Beverages,7,5.99
210000065687,teapot cast iron purple,Beverages,3,32.99
210000065691,Better With Buckwheat Crackers Everything GF,Packaged_Dry,5,6.19
210000065695,Safe Catch  Wild Yellow Fin Tuna Spicy,Packaged_Dry,8,4.29
210000065697,Tcho Chocolate Lemon Twist 2.1 oz,Packaged_Dry,1,3.99
210000065699,Crunchy Ra Ra Yogurt 5.6oz Sprinkles,Milk,12,4.19
210000065701,Crunchy Ra Ra Yogurt 5.6oz Choco Banana,Milk,10,4.19
210000065703,pear juice OG knudsen,Beverages,6,8.89
210000065711,Cookie Pal Dog Biscuits Peanut Butter 10oz,Bulk_H&B,2,6.99
210000065713,kombucha black cherry no sugar single can,Beverages,6,2.99
210000065717,wool felted  Santa Jack Skellington ornament freshener,Bulk_H&B,3,16.99
210000065719,wool socks Mongolia sheep's wool  ALL SIZES silk road,Bulk_H&B,6,13.99
210000065729,Endangered Species  Milk  Chocolate Be Mine Mix,Packaged_Dry,1,6.99
210000065731,soy milk powder OG 14oz NOW FOODS,Beverages,2,10.99
210000065733,aloe drink original OG 20 oz organi,Beverages,2,6.99
210000065737,manuka honey cough syrup 4oz,Vitamins,3,15.39
210000065739,hope & joy kit bach,Vitamins,2,24.99
210000065748,cotton geometric sock black large maggie's,Bulk_H&B,1,15.99
210000065750,cotton geometric sock natural large maggie's,Bulk_H&B,2,15.99
210000065752,wool felted books  ornament freshener,Bulk_H&B,1,14.99
210000065753,card mini dragonfly,Bulk_H&B,11,4.29
210000065755,card mini moon,Bulk_H&B,7,4.29
210000065757,card mini penguins,Bulk_H&B,1,4.29
210000065759,card mini rose,Bulk_H&B,2,4.29
210000065761,card mini sonwflake,Bulk_H&B,2,4.29
210000065763,card mini butterfly,Bulk_H&B,11,4.29
210000065765,hamsa hand greeting card,Bulk_H&B,8,8.49
210000065767,card tree of life,Bulk_H&B,3,8.49
210000065769,lavender greeting card,Bulk_H&B,7,8.49
210000065771,floral heart greeting card,Bulk_H&B,2,8.49
210000065777,Sunbeam Candles Jar Gingerbread,Bulk_H&B,1,13.19
210000065779,Sunbeam Candles Jar Sugar Plum,Bulk_H&B,2,13.19
210000065783,Sunbeam Candles Beeswax Angel,Bulk_H&B,1,19.00
210000065787,Sunbeam Candles Brown Pine Cone Large,Bulk_H&B,2,23.00
210000065789,Artisan Tropic Crackers  Chile Lime Grain Free,Packaged_Dry,7,4.99
210000065791,Artisan Tropic Crackers  Sea Salt  Grain Free,Packaged_Dry,3,4.99
210000065793,bar soap goat's milk peppermint 5oz honey sweetie acres,Packaged_H&B,2,8.99
210000065801,teapot cast iron turqouise,Beverages,1,32.99
210000065803,chopsticks twisted swirl stainless steel 5 piece set,Beverages,4,4.99
210000065805,chopsticks Frank LLoyd Wright 5 piece set,Beverages,8,4.99
210000065807,chopsticks cats porcelain 5 piece set,Beverages,4,9.99
210000065809,chopsticks crane porcelain 5 piece set,Beverages,1,9.99
210000065810,hydration tablet watermelon plink,Beverages,6,1.39
210000065812,hydration tablet pomegranate,Beverages,15,1.39
210000065814,Chocolove Strong Dark w/Hawaiian Sea Salt,Packaged_Dry,10,5.39
210000065816,cotton geometric sock black MEDIUM maggie's,Bulk_H&B,1,15.99
210000065818,cotton geometric sock natural MEDIUM maggie's,Bulk_H&B,2,15.99
210000065820,Chocolove  Rich Dark  65%,Packaged_Dry,5,4.79
210000065822,adult multiple life force energy activator 90tbs source naturals,Vitamins,2,38.99
210000065824,tea ezee digestion bell lifestyle,Beverages,2,12.99
210000065826,winter chickadee greeting card,Bulk_H&B,1,8.49
210000065828,winter tree greeting card,Bulk_H&B,3,8.49
210000065830,cottage moth greeting card,Bulk_H&B,3,8.49
210000065832,two cats greeting card,Bulk_H&B,1,8.49
210000065834,heart love greeting card,Bulk_H&B,5,8.49
210000065836,card mini candy canes,Bulk_H&B,6,4.29
210000065838,card mini honey bee,Bulk_H&B,7,4.29
210000065840,card mini owl,Bulk_H&B,5,4.29
210000065842,card mini sea turtle,Bulk_H&B,6,4.29
210000065844,card mini colorful heart,Bulk_H&B,1,4.29
210000065861,graviola soursop capsules bio nutrition,Vitamins,2,22.99
210000065863,lavender chamomile tea 2oz canister,Beverages,3,15.49
210000065865,pistachios garlic herb no shell OG 5oz Nichols Farms,Packaged_Dry,4,7.99
210000065869,Little Caria Halva With Cocoa  15.2 oz,Packaged_Dry,4,5.79
210000065871,dreambloom tart cherry lavender syrup 12oz sage village,Beverages,3,21.99
210000065873,Nuts for Cheese  Black Garlic Cheese Org Vegan,Milk,3,8.99
210000065875,Bee Lucia Wellness Candles Enlightened,Bulk_H&B,1,12.30
210000065877,Bee Lucia Wellness Candles Inspired,Bulk_H&B,3,12.30
210000065879,Bee Lucia Wellness Candles Uplifted,Bulk_H&B,1,12.30
210000065881,Bee Lucia Wellness Candles Awakened,Bulk_H&B,2,12.30
210000065883,Bee Lucia Wellness Candles Loved,Bulk_H&B,1,12.30
210000065885,Bee Lucia Wellness Candles Relaxed,Bulk_H&B,1,12.30
210000065887,Bee Lucia Wellness Candles Evergreen Forest (limited),Bulk_H&B,2,12.30
210000065889,Bee Lucia Wellness Candles Orange Allspice (limited),Bulk_H&B,3,12.30
210000065891,socks that save dogs surfing pups MEDIUM,Bulk_H&B,3,14.99
210000065893,socks that give books heiroglyphics MEDIUM,Bulk_H&B,4,14.99
210000065895,socks that protect bison MEDIUM,Bulk_H&B,2,14.99
210000065897,socks that protect bison SMALL,Bulk_H&B,1,14.99
210000065899,drinking chocolate instant hot or cold belgian 10oz,Beverages,17,12.99
210000065901,wool low cut crew white alpine forest deer LARGE woolen kin,Bulk_H&B,2,24.99
210000065903,wool low cut crew black boho swirl LARGE woolen kin,Bulk_H&B,3,21.99
210000065905,wool low cut crew black boho swirl MEDIUM woolen kin,Bulk_H&B,3,21.99
210000065907,wool low cut crew black boho swirl SMALL woolen kin,Bulk_H&B,1,21.99
210000065908,Living City Honey 10 oz.,Packaged_Dry,1,13.99
210000065910,wool low cut crew black cat purrs and petals SMALL woolen kin,Bulk_H&B,1,21.99
210000065912,wool low cut crew black cat purrs and petals MEDIUM woolen kin,Bulk_H&B,2,21.99
210000065914,wool low cut crew black cat purrs and petals LARGE woolen kin,Bulk_H&B,2,21.99
210000065925,energy drink pink lemonade odyssey,Beverages,5,3.99
210000065927,Organic Valley Cheese Stringles Mozzarella 8 pack,Milk,9,7.89
210000065931,water sparkling blackberry raspberry single can nixie,Beverages,24,0.99
210000065935,teeccino vanilla nut 11oz,Beverages,1,15.99
210000065936,toothbrush bamboo rainbow LGBTQ equality,Packaged_H&B,3,5.99
210000065938,toothbrush bamboo ocean conservation,Packaged_H&B,3,5.99
210000065942,alpha lipoic acid 600mg 60vcaps NOW FOODS,Vitamins,3,27.99
210000065946,cat's claw extract 120vcps Now Foods,Vitamins,2,9.90
210000065948,mela watermelon ginger fruit water,Beverages,2,3.49
210000065952,Actual Veggies Burger California 4 Burgers,Frozen,6,8.89
210000065956,alpha choline brain  healthy muscle 60 liquigels irwin,Vitamins,2,43.99
210000065958,nettles 1oz la naturals,Vitamins,3,14.99
210000065964,Uglies Kettle Potato Chips  BBQ 6 oz,Chips&Cookie,7,4.69
210000065965,banana water cocoa vanilla OG can 11.2 oz banagua,Beverages,14,3.99
210000065967,banana water strawberry OG can 11.2 oz banagua,Beverages,15,3.99
210000065969,lozenges lemon ginger propolis beekeeper's natural,Vitamins,4,8.99
210000065971,ginger fiery shot greenhouse,Beverages,3,3.79
210000065977,Lion's Mane tea can wehrloom,Beverages,8,3.99
210000065981,protein plant  strawberry single pirq,Beverages,12,2.79
210000065983,lion's mane1oz nature's answer,Vitamins,3,28.99
210000065985,umcka original af syrup 2oz,Vitamins,2,32.99
210000065987,reishi 2oz planetary herbals,Vitamins,5,14.99
210000065989,oil of oregano .4oz planetary herbals,Vitamins,3,21.99
210000065991,wild cherry bark syrup children's 4oz planetary herbals,Vitamins,6,15.99
210000065993,chaga 2oz planetary herbals,Vitamins,5,14.99
210000065995,Dumplimg Daughter Ginger Soy Sauce,Packaged_Dry,4,6.99
210000065997,mug with lid and infuser crane 15oz,Beverages,2,13.99
210000065999,mug with lid and infuser dragonfly 15oz,Beverages,2,13.99
210000066001,mug manipura mandala orange,Beverages,4,8.99
210000066003,chopsticks and bowl bunny set,Beverages,3,14.99
210000066005,salt and pepper shakers cats,Beverages,1,13.99
210000066007,trinket dish incense holder hamsa hand,Beverages,3,10.99
210000066009,incense holder moon rabbits,Beverages,1,6.99
210000066011,incense holder blue dragon,Beverages,1,6.99
210000066013,tea cup crane yunomi 9oz,Beverages,6,4.99
210000066014,honey drops superfood mushroom 5 drops the apothecary,Vitamins,4,4.99
210000066016,lozenges cherry vitamin C herbion,Vitamins,6,3.49
210000066018,children's cough syrup herbion,Vitamins,3,11.99
210000066020,children's multi vitamin gummies herbion,Vitamins,3,17.99
210000066022,cough drops ivy leaf honey lemon,Vitamins,5,3.49
210000066024,rosemary sprouted crisps OG 8oz foods alive,Packaged_Dry,2,7.99
210000066026,yerba mate extract af 1 oz,Vitamins,1,19.99
210000066028,mullein x lozenges nature's answer,Vitamins,2,9.99
210000066030,multi men's real food nature's answer,Vitamins,2,39.99
210000066031,cotton scallop quarter sock lavender MEDIUM maggie's,Bulk_H&B,2,8.99
210000066033,Maeve  Chocolate Bon Bon of Desire,Packaged_Dry,1,26.69
210000066035,Maeve  Chocolate Bon Bons Chocolate for Lovers,Packaged_Dry,1,25.69
210000066038,bean yard long seeds,Packaged_Dry,2,4.49
210000066040,cucumber gherkin OG seeds,Packaged_Dry,4,4.49
210000066042,lettuce easy leaf OG seeds,Packaged_Dry,5,3.49
210000066044,pea snow mammoth seeds,Packaged_Dry,1,3.49
210000066046,squash winter kabocha,Packaged_Dry,5,5.99
210000066048,tomatillo purple  OG seeds,Packaged_Dry,5,2.99
210000066050,tomato bush beefy purple OG seeds,Packaged_Dry,3,4.49
210000066051,Rose Bouqet Body Soap 5 oz New Day Organics,Packaged_H&B,3,15.99
210000066053,Lavender Pine Body Soap 5 oz New Day Organics,Packaged_H&B,1,15.99
210000066055,Naked Triple Butter Body Soap 5 oz New Day Organics,Packaged_H&B,3,15.99
210000066057,Healing Hands Balm .85 oz New Day Organics,Packaged_H&B,1,14.99
210000066059,scabiosa fata morgana seeds,Packaged_Dry,5,3.49
210000066061,Lip Rescue Balm .18oz New Day Organics,Packaged_H&B,2,17.99
210000066063,zinnia peruvian blend seeds,Packaged_Dry,5,3.49
210000066065,Evening Peace Body Oil 2 oz New Day Organics,Packaged_H&B,2,38.99
210000066067,Morning Joy Body Oil 2 oz New Day Organics,Packaged_H&B,2,38.99
210000066069,Winter Soltice Body Oil 2 oz New Day Organics,Packaged_H&B,2,38.99
210000066071,Sore Muscle & Joint Rub New Day Organics,Packaged_H&B,4,27.99
210000066073,Lavender & Tea tree Deodorant New Day Organics,Packaged_H&B,1,16.99
210000066075,Unscented Deodorant New Day Organics,Packaged_H&B,1,16.99
210000066077,Charcoal Deodorant New Day Organics,Packaged_H&B,1,16.99
210000066081,Essential Facial Cream 1 oz New Day Organics,Packaged_H&B,1,59.00
210000066083,Glow Facial Serum1 oz New Day Organics,Packaged_H&B,1,49.00
210000066089,Yum Earth Red Fruit Chews Org 5 oz,Packaged_Dry,14,6.99
210000066091,Natural Heaven Hearts of Palm Angel Hair,Packaged_Dry,2,3.99
210000066093,go green juice OG 32oz,Beverages,1,11.99
210000066096,pineapple juice pure 32oz renew,Beverages,1,9.99
210000066099,Maeve Chocolate Truffle Bar Valentine's Forbidden Fruit,Packaged_Dry,7,7.39
210000066101,Maeve Chocolate Truffle Bar Valentine's Heat & Honey,Packaged_Dry,7,7.39
210000066103,Maeve Chocolate Truffle Bar Valentine's PB Banana Affair,Packaged_Dry,4,7.39
210000066105,Winter Solstice Body Soap 5 oz New Day Organics,Packaged_H&B,2,16.99
210000066107,Maeve Chocolate Valentine's Rose is a Heart,Packaged_Dry,1,12.49
210000066109,Maeve Chocolate Valentine's Night Chocolate Box,Packaged_Dry,4,14.29
210000066111,Olive Wood Soap Tray New Day Organics,Packaged_H&B,1,10.00
210000066117,Meliora Dish Soap Block  Lemon 7 oz,Bulk_H&B,3,10.99
210000066119,Meliora Dish Soap Block  Unscented 7 oz,Bulk_H&B,2,10.99
210000066121,green ritual shot greenhouse,Beverages,4,3.79
210000066122,glp1 booster powder unflavored 5.7oz supergut,Vitamins,3,39.99
210000066126,Clio Mini Greek Yogurt Bars Strawberry 8 Pack,Milk,2,6.89
210000066130,Anne's Toum Dip Herby Za'atar,Milk,6,7.29
210000066132,pharmaGABA 250mg  60vcpsNOW FOODS,Vitamins,3,39.99
210000066134,acid relief with enzymes 60tbs NOW FOODS,Vitamins,1,19.99
210000066136,Divina Olives Sliced Frescantro,Packaged_Dry,6,6.99
210000066138,Divina Olives Sliced Castelvetrano,Packaged_Dry,1,7.49
210000066140,NAC-acetyl cysteine 600mg 120vcp NOW FOODS,Vitamins,3,23.99
210000066144,Miss Jones Baking  Co. Cooke  Dough Jumbo Triple Chocolate Chip,Bread,3,8.99
210000066146,omega 3 fish oil 60tbs megafood,Vitamins,1,39.99
210000066147,latte pistachio milk tache,Beverages,22,5.39
210000066149,pistachio milk barista unsweetened 32oz tache,Beverages,8,6.99
210000066153,matcha latte mix 5.3 oz organic traditions,Beverages,3,15.99
210000066155,cherries tart dried organic portion packs bag of 5 sunny fruit,Packaged_Dry,3,6.99
210000066157,persimmon dried organic portion packs bag of 5 sunny fruit,Packaged_Dry,4,6.99
210000066161,cotton crew lightweight turmeric MED maggie's,Bulk_H&B,1,8.99
210000066163,cotton crew lightweight infinity blue LARGE maggie's,Bulk_H&B,3,8.99
210000066167,footie navy solid 9-11 maggie's,Bulk_H&B,3,7.99
210000066169,card mini monarch butterfly milkweed,Bulk_H&B,14,4.29
210000066171,card mini pink lotus,Bulk_H&B,1,4.29
210000066173,card mini mermaid,Bulk_H&B,4,4.29
210000066175,card mini ladybug,Bulk_H&B,4,4.29
210000066177,card mini sunflower bouquet,Bulk_H&B,3,4.29
210000066179,card mini bluebird,Bulk_H&B,4,4.29
210000066181,card mini fireflies,Bulk_H&B,11,4.29
210000066183,card mini red tulips,Bulk_H&B,4,4.29
210000066185,card mini red tulip field,Bulk_H&B,6,4.29
210000066189,soaring eagle greeting card,Bulk_H&B,4,8.49
210000066191,monarch milkweed greeting card,Bulk_H&B,6,8.49
210000066193,peacock pair greeting card,Bulk_H&B,5,8.49
210000066195,dragonfly greeting card,Bulk_H&B,4,8.49
210000066197,pink rose i love you greeting card,Bulk_H&B,5,8.49
210000066201,wild mushroom greeting card,Bulk_H&B,5,8.49
210000066203,owlets greeting card,Bulk_H&B,6,8.49
210000066205,fireflies greeting card,Bulk_H&B,5,8.49
210000066207,crescent moon greeting card,Bulk_H&B,3,8.49
210000066209,red roses greeting card,Bulk_H&B,5,8.49
210000066217,Simply Sheep Yogurt  Vanilla 5.3 oz,Milk,2,3.09
210000066219,Simply Sheep Yogurt  Peach Mango 5.3 oz,Milk,3,3.09
210000066223,mood power lemon citrus single pkt recess,Beverages,13,1.99
210000066225,dandelion latte OG 7.9oz teecino,Beverages,5,19.99
210000066227,veg cayenne juice OG 8.45 oz,Beverages,3,4.79
210000066243,mugwort 4oz herb to body,Packaged_Dry,4,9.99
210000066245,plush pansies MEDIUM woolen kin,Bulk_H&B,1,22.99
210000066247,kaleidoscope wool socks MEDIUM woolen kin,Bulk_H&B,1,25.99
210000066249,cranberry delight wool socks MEDIUM woolen kin,Bulk_H&B,2,25.99
210000066251,cranberry delight wool socks LARGE woolen kin,Bulk_H&B,3,25.99
210000066255,dark chocolate hearts 2oz rawmio,Packaged_Dry,14,4.99
210000066257,chocolate hearts raw oatmilk 2oz rawmio,Packaged_Dry,7,4.99
210000066259,chocolate hearts mint 2oz rawmio,Packaged_Dry,13,4.99
210000066261,better biome bar original sunbiotics,Vitamins,7,3.99
210000066265,vit B nano dropper 2oz rawguru,Vitamins,6,23.99
210000066267,socks that save cats green MEDIUM,Bulk_H&B,4,14.99
210000066269,socks that save cats green SMALL,Bulk_H&B,1,14.99
210000066270,Reveal Cat Food Dry Whitefish Grain Free 3lb,Bulk_H&B,2,17.99
210000066272,Reveal Cat Food Dry Chicken Grain Free 3lb,Bulk_H&B,5,16.99
210000066274,Andalou Naturals Cleansing Milk Apricot,Packaged_H&B,1,15.99
210000066276,Bianco Dinapoli New York Pizza Sauce Org,Packaged_Dry,8,4.29
210000066277,kava spirit alcohol free 16oz kavahol,Beverages,4,39.99
210000066279,Against The Grain GF Bagel Everything,Bread,3,6.79
210000066281,Reveal Cat Food Wet Chicken Breast Grain Free 2.47 oz,Bulk_H&B,33,1.99
210000066283,Reveal Cat Food Wet Tuna Filet Grain Free 2.47 oz,Bulk_H&B,23,1.99
210000066287,Woodstock Ravioli Spinach & Cheese Org 20 oz,Frozen,13,12.99
210000066289,Little Secrets Wafer Dark Chocolate   Minis,Packaged_Dry,9,0.89
210000066291,Little Secrets Wafer Milk Chocolate   Minis,Packaged_Dry,30,0.99
210000066293,bentonite 60vcps,Vitamins,2,23.99
210000066295,Cookie Pal Dog Biscuits Sweet Potato Flaxseed 10oz,Bulk_H&B,4,6.99
210000066297,Bixty Liberty Dry Dog Food  Lamb 4lb,Bulk_H&B,1,20.99
210000066299,banana water blueberry OG can 11.2 oz banagua,Beverages,13,3.99
210000066303,Field Day Cracker Golden Rounds,Packaged_Dry,11,4.99
210000066305,Sunbeam Candles Natural Pillar 2x6,Bulk_H&B,3,16.00
210000066307,Sunbeam Candles Beeswax Natural Pillar 3x4,Bulk_H&B,2,20.00
210000066311,"Sunbeam Candles Beeswax Votive Orange, Grapefruit & Cedarwood (Bright Red)",Bulk_H&B,10,3.99
210000066313,cold care 16 tea bags traditional medicinals,Beverages,3,6.99
210000066319,Lifeway Kefir Plain Org  32 oz,Milk,6,7.39
210000066321,Maya Kaimal Madras Potato Curry,Packaged_Dry,4,4.99
210000066323,soursop graviola powder 4oz herb to body,Vitamins,3,16.99
210000066325,Light Mountain  Henna Dark Brown,Packaged_H&B,1,9.99
210000066327,Aura Cacia Mineral Bath Energizing Lemon,Packaged_H&B,3,4.59
210000066329,chlorophyll mega 100mg 90vcps world organic,Vitamins,3,15.99
210000066331,Shoyeido Medium Cloth Sachet,Bulk_H&B,2,11.49
210000066333,Shoyeido Small Cloth Sachet,Bulk_H&B,1,6.69
210000066335,silver thoat spray multi symptom 10ppm 1oz,Vitamins,2,14.99
210000066337,B12 5000mcg 2oz veggimins,Vitamins,4,24.99
210000066341,Botanical Blessings Apothecary Tallow Lip Balm,reports_inventory_listings_assets,6,6.00
210000066343,Bianco Dinapoli Whole Tomatoes Org,Packaged_Dry,6,6.99
210000066345,Bottle Brush Full Circle,Bulk_H&B,2,10.39
210000066347,pistachios jalapeno lime no shell OG 5oz Nichols Farms,Packaged_Dry,7,8.99
210000066349,kombucha sparkling cherry lemonade can wildwonder,Beverages,15,4.19
210000066351,Living City Relish,Packaged_Dry,1,7.99
210000066353,boron 2oz global healing,Vitamins,2,34.99
210000066355,detoxadine iodine 2oz global healing,Vitamins,2,29.99
210000066357,sparkling water yuzu soda can sanzo,Beverages,24,2.39
210000066359,sparkling water pomelo soda can sanzo,Beverages,4,2.39
210000066365,kombucha grapefruit can humm,Beverages,1,3.39
210000066367,manuka honey cherry drops,Vitamins,5,8.99
210000066371,Zum Room & Body Mist Lemongrass 4oz,Packaged_H&B,3,11.49
210000066373,Zum Room & Body Mist Amber 4oz,Packaged_H&B,2,11.49
210000066375,menthol crystals herb to body,Packaged_Dry,2,10.99
210000066377,pumpkin seeds spicy OG 4 oz eden,Packaged_Dry,10,4.79
210000066379,white mulberry leaf herbal tea OG 20 bags bravo,Beverages,3,6.99
210000066381,osha 1oz la naturals,Vitamins,2,16.99
210000066389,Bionaturae Fusilli GF Org 12 oz U,Packaged_Dry,11,6.69
210000066391,Aiva Black Beluga Lentils 4#,Packaged_Dry,1,29.49
210000066393,Aiva Black Beluga Lentils 1#,Packaged_Dry,2,7.39
210000066395,reishi rooibos honey tea can wehrloom,Beverages,6,3.99
210000066397,honey infused tea herbal berry in a jar wehrloom,Beverages,4,12.99
210000066399,Emperor's Kitchen Miso Tamari Org. 5 oz,Packaged_Dry,6,6.29
210000066401,Emperor's Kitchen Toasted Sesame Oil Org 5 oz,Packaged_Dry,7,7.29
210000066405,Woodstock Farms Okra Sliced,Frozen,5,3.69
210000066407,Tcho Chocolate Dark & Salty 2.5 oz,Packaged_Dry,3,6.19
210000066409,Compostic Freezer Bags Gallon Compostable 10 ct,Bulk_H&B,12,6.49
210000066411,Compostic Gallon  Bags Compostable 20 ct,Bulk_H&B,6,8.89
210000066413,Compostic  Quart Bags Compostable 20 ct,Bulk_H&B,8,5.59
210000066415,Compostic Quart Bags Compostable 20 ct,Bulk_H&B,11,6.29
210000066417,Compostic Cling Wrap  Compostable 150 ft,Bulk_H&B,12,8.99
210000066419,cold brew velvet mocha RTD glass bottle equator,Beverages,8,4.59
210000066423,juice box berry lemonade OG 8-pack honest,Beverages,3,6.79
210000066425,s'mores tea 16 bags yogi,Beverages,14,5.39
210000066427,tropical spice tea 16 bags yogi,Beverages,9,5.39
210000066429,cherry berry tea 16 bags yogi,Beverages,13,5.39
210000066431,honey chamomile tea 16 bags yogi,Beverages,13,5.39
210000066433,magnesium l-theanine powder 4.9oz new chapter,Vitamins,2,52.99
210000066435,Made Good  Granola Squares Dark Chocolate Box,Packaged_Dry,4,5.49
210000066437,Made Good  Organic Granola Bites Trail Mix Box,Packaged_Dry,6,4.69
210000066439,Navitas  Acai Berry Bites 8 oz,Packaged_Dry,7,11.99
210000066441,Truly Indian  Chutney Crispy Chili Mango,Frozen,4,6.49
210000066451,footie bunny MEDIUM  maggie's,Bulk_H&B,1,9.99
210000066453,footie moon LARGE  maggie's,Bulk_H&B,3,9.99
210000066455,footie moon MEDIUM  maggie's,Bulk_H&B,3,9.99
210000066459,Birchbender Blueberry Muffin Mix Org,Packaged_Dry,3,7.99
210000066461,Birchbender Chocolate Chip Muffin Mix Org,Packaged_Dry,5,7.99
210000066463,Birchbender Brownie Mix Org,Packaged_Dry,1,6.99
210000066465,Dave's Killer Bread P B & Chocolate  Bites Org,Packaged_Dry,6,9.29
210000066467,basil blend OG seeds,Packaged_Dry,3,2.99
210000066470,Frankferd Farms RYE FLOUR 2LBS.,Packaged_Dry,1,6.49
210000066472,OSI Magnesium Body Butter Lemongrass,Packaged_H&B,4,26.69
210000066474,OSI Magnesium Body Lotion Melatonin Lavender,Packaged_H&B,1,17.29
210000066476,holy basil af 1 oz natures answer,Vitamins,2,18.99
210000066478,ginger honey plum crystals,Beverages,5,4.69
210000066480,green kick tea OG 24 bags NOW FOODS,Beverages,6,5.99
210000066482,vit C liposomal 120tbs,Vitamins,4,29.99
210000066484,ashwagandha gummies zero sugar megafood,Vitamins,2,26.99
210000066492,tea cup koi yunomi 9oz,Beverages,2,4.99
210000066494,matcha bowl white procelain,Beverages,3,12.99
210000066496,tea cup dragon with lid and saucer,Beverages,4,11.99
210000066498,tea cup koi celadon with lid and saucer,Beverages,3,11.99
210000066500,chopsticks koi porcelain 5 piece set,Beverages,4,9.99
210000066502,mug moon rabbit,Beverages,3,9.99
210000066504,teacup cast iron purple,Beverages,4,7.99
210000066506,matcha tea whisk stand,Beverages,3,6.99
210000066508,matcha tea whisk set scoop and stand mini white,Beverages,2,18.99
210000066510,matcha tea whisk set scoop and stand pink,Beverages,3,22.99
210000066512,trinket dish incense holder hamsa hand,Beverages,4,10.99
210000066514,incense holder toadstool,Beverages,1,6.99
210000066516,incense holder tree of life,Beverages,8,6.99
210000066520,origami paper double sided bold colors,Beverages,1,2.99
210000066522,origami paper pastel colors,Beverages,5,2.99
210000066524,Tree Hugger Fantistic Fruit Bubblegum each,Packaged_Dry,59,0.49
210000066526,sea moss super 60 capsules  herb to body,Vitamins,2,16.99
210000066528,shilajit resin 1oz herb to body,Vitamins,2,26.99
210000066530,wool felted blue swallowtail butterfly ornament freshener,Bulk_H&B,6,11.99
210000066532,Dave's Killer Bread  Bold Buffalo  Bites Org,Packaged_Dry,7,7.49
210000066536,turmeric  juice OG 8oz ginger people,Beverages,6,9.99
210000066538,matcha strawberry RTD matcha love,Beverages,8,3.39
210000066540,Tucson Tamale Green Chile & Cheese Tamale GF 10 oz,Frozen,5,8.89
210000066542,Terlato Pomodora  Sauce   24 oz,Packaged_Dry,5,9.99
210000066544,Terlato Original Pizza Sauce  Sauce   12 oz,Packaged_Dry,4,7.99
210000066546,Terlato Vodka  Sauce   24 oz,Packaged_Dry,1,9.99
210000066548,Terlato Tomato Basil Sauce   24 oz,Packaged_Dry,1,10.49
210000066550,Terlato Giardiniera  Sauce   24 oz,Packaged_Dry,6,9.99
210000066551,matcha tea original sparkling bottle RTD,Beverages,6,3.99
210000066558,psychedelic good mood mix citrus single packet,Beverages,1,1.99
210000066562,prunes dried OG 9oz looney pruney,Packaged_Dry,12,5.99
210000066564,Alba Botanica Sunblock SPF 50 Mineral Face,Packaged_H&B,2,15.99
210000066565,plant based milk blend chocolate OG 32oz,Beverages,6,7.99
210000066567,plant based milk blend original OG 32oz,Beverages,6,7.99
210000066569,probiotic sparkling apple can  Dr d's,Beverages,4,3.39
210000066571,probiotic sparkling tart cherry can  Dr d's,Beverages,7,3.39
210000066573,probiotic sparkling concord grape can  Dr d's,Beverages,3,3.39
210000066577,green premium tea OG 20 bags stash,Beverages,4,5.79
210000066579,earl grey tea OG 16bags stash,Beverages,3,5.79
210000066581,lemon ginger tea OG 16 bags stash,Beverages,5,5.79
210000066583,mint blend tea OG 16 bags stash,Beverages,2,5.79
210000066585,chamomile tea OG 16 bags stash,Beverages,5,5.79
210000066587,turmeric chai tea OG 16 bags stash,Beverages,4,5.79
210000066589,Frontier Vanilla Extract Madagascar 4 oz,Packaged_Dry,11,26.99
210000066591,Painterland Sisters SkyrYogurt  Blueberry Lemon 5.3 oz Org,Milk,7,3.49
210000066593,Simply Sheep Yogurt  Honey Fig 5.3 oz,Milk,2,3.09
210000066595,prebiotic soda raspberry lemonade can culture pop,Beverages,16,2.39
210000066597,beet root 60 caplets himalaya,Vitamins,3,22.99
210000066599,dandelion 60 caplets himalaya,Vitamins,3,15.99
210000066601,protein powder creatine vegan vanilla 20 servings,Beverages,6,39.99
210000066603,protein powder creatine vegan chocolate 20 servings,Beverages,5,39.99
210000066605,protein powder creatine vegan vanilla single pkt,Beverages,7,2.99
210000066607,protein powder creatine vegan chocolate single pkt,Beverages,17,2.99
210000066609,sleep blackberry 30 gummies,Vitamins,2,37.99
210000066611,calm lemon berry 30 gummies,Vitamins,3,37.99
210000066613,Cbd  100mg softgels 30,Vitamins,2,79.99
210000066615,oral care pet CBD 10mg,Bulk_H&B,3,21.99
210000066617,digestive care pet CBD 10mg,Bulk_H&B,3,21.99
210000066619,Catherine Sourdough Chocolate Fudge Brownies,Bread,4,4.59
210000066621,4th & Heart Ghee Original  Pink Sea Salt 9 oz,Packaged_Dry,2,14.49
210000066623,4th & Heart Ghee Original Spray 9 oz,Packaged_Dry,5,10.99
210000066625,Simpli Gigante Beans 12 oz,Packaged_Dry,6,7.99
210000066627,footie daisy MEDIUM  maggie's,Bulk_H&B,5,9.99
210000066629,footie daisy LARGE  maggie's,Bulk_H&B,2,9.99
210000066631,cotton crew lightweight lavander LARGE maggie's,Bulk_H&B,5,8.99
210000066633,footie tab natural LARGE  maggie's,Bulk_H&B,3,9.99
210000066635,footie tab natural MEDIUM  maggie's,Bulk_H&B,6,9.99
210000066637,American buzz mint 16 oz harney & sons,Beverages,13,2.79
210000066639,Chico bag Vita repete arctic,Bulk_H&B,2,13.99
210000066641,zero soda cherry cola single can nixie,Beverages,7,2.59
210000066643,zero soda strawberry cream single can nixie,Beverages,2,2.59
210000066645,zero soda classic cola 4-pk nixie,Beverages,6,9.99
210000066647,Zum Room & Body Mist  Lavender 4oz,Packaged_H&B,2,11.39
210000066649,Tate's Bake Shop Oatmeal Rasin Cookies GF 7 oz,Chips&Cookie,4,7.39
210000066651,Tate's Bake Shop Soft Baked Double Chocolate Chip Cookies 8 oz,Chips&Cookie,6,7.59
210000066653,Tate's Bake Shop White Chocolate Macadamia Nut Cookies GF 7 oz,Chips&Cookie,4,7.39
210000066657,Pacific Chicken Noodle Soup 32oz,Packaged_Dry,4,5.99
210000066659,Pacific Chicken & Wild Rice Soup 32oz,Packaged_Dry,8,5.99
210000066661,almonds probiotic jalapeno lime single pkt sprout living,Packaged_Dry,4,3.79
210000066663,almonds probiotic Italian truffle single pkt sprout living,Packaged_Dry,10,3.79
210000066665,epic protein mindful matcha single pkt sprout living,Beverages,15,4.39
210000066667,epic protein pro collagen single pkt sprout living,Beverages,16,4.39
210000066669,epic protein real sport single pkt sprout living,Beverages,15,4.39
210000066671,epic protein pro collagen 336 gm sprout living,Beverages,3,39.99
210000066673,epic protein green kingdom single pkt sprout living,Beverages,15,3.99
210000066675,epic protein complete vanilla lucuma 1lb sprout living,Beverages,3,34.99
210000066677,epic protein complete chocolate maca 1lb sprout living,Beverages,3,34.99
210000066679,card mini hummingbird & flowers,Bulk_H&B,2,4.29
210000066681,greeting card dragon,Bulk_H&B,6,8.49
210000066683,greeting card hummingbird trio,Bulk_H&B,6,8.49
210000066685,greeting card sea turtle hatchlings,Bulk_H&B,5,8.49
210000066689,greeting card happy birthday,Bulk_H&B,4,8.49
210000066691,greeting card swallowtail butterfly,Bulk_H&B,5,8.49
210000066693,greeting card honey bee,Bulk_H&B,4,8.49
210000066695,Sunbeam Candles Beeswax Lavender & Sage Pillar 3x4,Bulk_H&B,2,24.00
210000066697,Sunbeam Candles Beeswax Lavender & Sage Pillar 2x3,Bulk_H&B,1,12.00
210000066699,Sunbeam Candles Beeswax Lemongrass Sage & Ginger 2x6 pillar,Bulk_H&B,2,18.00
210000066701,Sunbeam Candles Beeswax Lemongrass Sage & Ginger 2x3 Pillar,Bulk_H&B,3,12.00
210000066703,Sunbeam Candles Beeswax Lime Grapefruit & Rosemary Pillar 3x4,Bulk_H&B,1,24.00
210000066705,Sunbeam Candles Beeswax Lime Grapefruit & Rosemary 2x6 pillar,Bulk_H&B,3,18.00
210000066707,Sunbeam Candles Beeswax Lime Grapefruit & Rosemary Pillar 2x3,Bulk_H&B,1,12.00
210000066709,Sunbeam Candles Beeswax Orange Grapefruit& Cedarwood Pillar 3x4,Bulk_H&B,1,24.00
210000066711,Sunbeam Candles Beeswax Orange Grapefruit & Cedarwood Pillar 2x6,Bulk_H&B,2,18.00
210000066715,Sunbeam Candles Votive Lime Grapefruit & Rosemary,Bulk_H&B,10,3.99
210000066716,lion's mane tincture 2oz epiphany,Vitamins,2,29.99
210000066718,cordyceps tincture 2oz epiphany,Vitamins,3,29.99
210000066720,cordyceps capsules 60caps epiphany,Vitamins,3,42.99
210000066722,lion's mane capsules 60caps epiphany,Vitamins,3,42.99
210000066724,mushroom matcha adaptogenic  instant coffee melting forest,Beverages,4,18.99
210000066726,mushroom adaptogenic  instant coffee melting forest,Beverages,4,18.99
210000066728,bilberries tea 24bags celebration herbals,Beverages,6,13.49
210000066730,emotional ups and downs rescue kit bach,Vitamins,2,24.99
210000066732,marshmallow tea 18 bags Buddha tea,Beverages,2,7.99
210000066734,ginger snap sprouted crisps OG 8oz foods alive,Packaged_Dry,5,7.99
210000066736,Peaceful Fruits  Fruit Strips  Blueberry,Packaged_Dry,10,1.29
210000066737,Living City Verde Vibes Salsa,Produce,2,0.00
210000066744,Terlato Arrabbiata  Sauce   24 oz,Packaged_Dry,6,9.99
210000066746,Xochitl White Corn Chips 10 oz,Chips&Cookie,2,4.89
210000066748,lavender tea OG 18bags buddha,Beverages,4,7.99
210000066750,Kind  Breakfast Protein Peanut Butter  Box,Packaged_Dry,6,9.49
210000066752,Kind  Breakfast Protein Peanut Butter Banana Dark Chocolate Box,Packaged_Dry,3,8.99
210000066754,Kind  Breakfast Protein  Dark Chocolate Cocoa Box,Packaged_Dry,2,8.99
210000066756,Kind  Breakfast Protein  Blueberry Almond Box,Packaged_Dry,5,8.99
210000066758,Kind  Breakfast Protein  Almond Butter Box,Packaged_Dry,5,8.99
210000066760,Kind  Breakfast Protein  Apple Cinnamon  Box,Packaged_Dry,4,8.99
210000066762,Kind  Breakfast Protein  Honey Oat Box,Packaged_Dry,5,8.99
210000066764,Califia Soy Milk Unsweet Org 48oz,Milk,6,7.49
210000066766,Simple Mills Cracker Sour Cream & Onion Popmmms GF,Packaged_Dry,6,5.49
210000066768,Simple Mills Cracker Almond Cheddar Cheese GF Family Size,Packaged_Dry,6,7.79
210000066770,Bob's Golden  Cous Cous,Packaged_Dry,3,7.99
210000066772,kratom signature reserve 100g(3.52oz) super speciosa,Vitamins,1,29.99
210000066776,banana water OG 16.9oz  can Woodstock,Beverages,1,3.49
210000066779,juice box single apple honest,Beverages,4,0.99
210000066781,blueberry juice 32oz knudsen,Beverages,8,9.99
210000066783,tart cherry liquid 8oz nature's answer,Vitamins,1,24.99
210000066785,immunity boost vitamin c shot vive,Beverages,7,3.99
210000066787,raisins thompson OG 8.5oz Woodstock,Packaged_Dry,6,6.49
210000066789,cold brew black OG rise brewing,Beverages,11,3.79
210000066791,Just Date Date Sweetened Chocolate Chips 7 oz Org,Packaged_Dry,5,12.29
210000066793,Mary's Gone Crackers Smoked Gouda Cheeze  4 oz,Packaged_Dry,5,5.99
210000066795,Woodstock Sundried Tomato in Olive Oil Org,Packaged_Dry,12,7.99
210000066797,socks that protect sea turtles ankle MEDIUM,Bulk_H&B,5,13.99
210000066799,socks that save dogs ankle MEDIUM,Bulk_H&B,5,13.99
210000066801,socks that protect national parks ankle MEDIUM,Bulk_H&B,6,13.99
210000066803,socks that save LGBTQ lives ankle SMALL,Bulk_H&B,4,13.99
210000066805,socks that save LGBTQ lives ankle MEDIUM,Bulk_H&B,6,13.99
210000066807,socks that protect penguins ankle MEDIUM,Bulk_H&B,3,13.99
210000066809,leggings blackout shorts MEDIUM maggie's,Bulk_H&B,3,39.99
210000066811,leggings blackout shorts X LARGE maggie's,Bulk_H&B,2,39.99
210000066813,leggings blackout shorts XX LARGE maggie's,Bulk_H&B,3,39.99
210000066814,seltzer mulberry nettle birch sap can upstate stock,Beverages,30,3.49
210000066816,seltzer apple gooseberry birch sap can upstate stock,Beverages,15,3.49
210000066818,seltzer blackcurrant thoroughwort birch sap can upstate stock,Beverages,29,3.49
210000066820,zero soda strawberry cream 4-pk nixie,Beverages,6,9.99
210000066822,mood grapefruit tangerine bliss recess,Beverages,11,3.19
210000066824,Old Country Creamery Frozen Yogurt Triple Berry,Milk,1,8.49
210000066826,tierra verde split chicken breast small,Meat,1,0.00
210000066828,C7 Heavy Duty Cleaner 32 oz,Bulk_H&B,5,8.63
210000066830,C7 Multipurpose Cleaner 32 oz,Bulk_H&B,4,8.38
210000066832,Edward & Sons Miso-Cup Savory with Seaweed  2.5 oz,Packaged_Dry,12,6.19
210000066834,Laubscher Pepper Jack  Cheese Slices 1.5#,Milk,2,8.59
210000066836,Briannas Avocado Oil Dressing Poppy Seed 10 oz,Packaged_Dry,5,6.29
210000066838,Briannas Avocado Oil Dressing French Vinaigrette 10 oz,Packaged_Dry,5,6.29
210000066840,Briannas Avocado Oil Dressing Greek Vinaigrette 10 oz,Packaged_Dry,4,6.29
210000066842,Simply Sheep Yogurt  Forest Berry 5.3 oz,Milk,6,3.09
210000066844,Siete Kettle  Fuego Puff Snacks,Chips&Cookie,8,5.29
210000066846,Siete Kettle  Queso Puff Snacks,Chips&Cookie,8,5.29
210000066848,Dr. Bronner's Castile Soap  Cherry Blossom 16oz,Packaged_H&B,2,13.49
210000066850,Dr. Bronner's Bar Soap Cherry Blossom,Packaged_H&B,1,5.99
210000066852,Dr. Bronner's Castile Soap Cherry Blossom 32oz,Packaged_H&B,3,22.29
210000066854,hydrate 10oz miracle sea buckthorn,Beverages,9,7.99
210000066856,energize 10oz miracle sea buckthorn,Beverages,9,7.99
210000066858,perform 10oz miracle sea buckthorn,Beverages,12,7.99
210000066860,kombucha cherry lemonade can mor,Beverages,6,3.49
210000066862,aloe drink mango OG 20 oz organi,Beverages,3,6.99
210000066864,aloe drink watermelon OG 20 oz organi,Beverages,3,6.99
210000066866,Micheles  Chocolate Cookie Pancake Granola  11 oz,Packaged_Dry,2,7.29
210000066868,Micheles  Pistachio Lemon Granola  12 oz,Packaged_Dry,2,9.99
210000066870,Micheles  Original Granola  12 oz,Packaged_Dry,5,9.99
210000066872,bamboo lemon ginger tea OG 18bags,Beverages,3,4.99
210000066874,multi symptom antacid orange 48tbs wonderbelly,Vitamins,2,13.99
210000066876,oregano oil .68oz talya,Vitamins,2,15.99
210000066877,soda ginseng lemongrass mint can bear Maple farms,Beverages,11,4.29
210000066879,soda ginseng yuzu citrus can bear Maple farms,Beverages,10,4.29
210000066881,soda ginseng ginger citrus can bear Maple farms,Beverages,6,4.29
210000066883,AppleGate Sunday Bacon,Meat,13,7.99
210000066885,black radish and parsley 100vcps kroeger,Vitamins,3,18.99
210000066887,ginger ale real single 12oz can reed's,Beverages,12,2.19
210000066891,mela watermelon blueberry fruit water,Beverages,9,3.49
210000066893,OSI Magnesium Body Lotion OptiMSM,Packaged_H&B,3,27.99
210000066895,burdock root 120vcps amazing nutrition,Vitamins,2,14.99
210000066897,saw palmetto 90vcps nature's answer,Vitamins,2,38.99
210000066899,astragalus 60vcps nature's answer,Vitamins,1,20.99
210000066901,iron gentle 8 oz nature's answer,Vitamins,2,18.99
210000066903,Genial Day Mini Pads anion strip 12 CT,Bulk_H&B,3,6.99
210000066905,cherry hazelnut  balls sunny fruit,Packaged_Dry,6,5.99
210000066907,Cultures for Health Milk Kefir Grains,Milk,3,22.39
210000066909,Once Upon A Farm Soft Baked Banana Chocolate Chip Bar,Milk,5,7.59
210000066911,Valdigrano Cavatappi Pasta  Org 16 oz,Packaged_Dry,20,3.49
210000066913,Yum Earth  Choco Yums Candy Bag 4 oz,Packaged_Dry,2,9.99
210000066915,Counter Sweep & Squeegee White,Bulk_H&B,3,8.89
210000066917,tepache strawberry citrus can de la calle,Beverages,8,3.29
210000066919,lemonade strawberry probiotic10.14 oz greenhouse,Beverages,5,4.39
210000066921,lemonade fiery ginger probiotic10.14 oz greenhouse,Beverages,4,4.39
210000066923,ginger honey passion fruit crystals prince of peace,Beverages,6,4.69
210000066925,ginger yuzu crystals prince of peace,Beverages,6,4.69
210000066927,ginger cola chews prince of peace 4oz,Packaged_Dry,10,3.59
210000066928,Living City Pickled Dandelion Greens,Packaged_Dry,3,9.99
210000066930,footie lavender LARGE  maggie's,Bulk_H&B,3,9.99
210000066932,salt and pepper buddha monk cats,Beverages,3,13.99
210000066934,incense holder mandala,Beverages,6,6.99
210000066936,mug manipura mandala yellow,Beverages,2,8.99
210000066938,bowl donburi evil eye with chopsticks,Beverages,4,9.99
210000066940,bowl microwave safe with vented lid,Beverages,3,14.99
210000066942,tea cup kannyu yunomi 10oz,Beverages,10,4.99
210000066944,tea cup daruma cat blue with handle 10oz,Beverages,6,10.99
210000066946,tea cup daruma cat white with handle 10oz,Beverages,6,10.99
210000066948,incense holder dragonfly,Beverages,6,6.99
210000066950,incense holder cherry blossoms,Beverages,6,6.99
210000066952,tea cup cherry blossoms yunomi 10oz,Beverages,6,4.99
210000066954,teapot moon rabbit set,Beverages,1,36.99
210000066956,sauce dish tea cup koi sky blue,Beverages,3,1.99
210000066958,socks that plant trees ankle MEDIUM,Bulk_H&B,6,13.99
210000066960,socks that support space exploration ankle SMALL,Bulk_H&B,3,13.99
210000066962,Swoffle Gluten Free Stroopwafels Caramel Or 4 Count Box,Packaged_Dry,7,6.39
210000066964,vanilla palm sugar shaker singing dog,Packaged_Dry,5,6.99
210000066966,Manuka Health Manuka Honey 115+ 8.8 oz,Packaged_Dry,8,21.99
210000066968,Ecos OXO Brite Stain Remover 2lb,Bulk_H&B,6,20.49
210000066970,Molly's Suds Spray Stain Remover,Bulk_H&B,6,16.19
210000066972,Goodles Mac and Cheese  Smokey Dokey,Packaged_Dry,10,4.49
210000066974,oolong tea passionfruit sparkling bottle RTD,Beverages,11,3.99
210000066976,oolong tea white grape sparkling bottle RTD,Beverages,11,3.99
210000066978,water sparkling asian pear can moshii,Beverages,11,2.89
210000066980,water sparkling white peach yuzu can moshii,Beverages,12,2.89
210000066981,deepest sympathy card paper slam,Bulk_H&B,4,4.49
210000066983,proud peacock card paper slam,Bulk_H&B,4,4.49
210000066985,card thank ewe paper slam,Bulk_H&B,4,4.49
210000066987,floral feline card paper slam,Bulk_H&B,5,4.49
210000066989,birthday sunflowers card paper slam,Bulk_H&B,6,4.49
210000066991,surprise cats card paper slam,Bulk_H&B,6,4.49
210000066993,birthday balloons card paper slam,Bulk_H&B,4,4.49
210000066995,birthday hoot card paper slam,Bulk_H&B,3,4.49
210000066997,butterfly heart card paper slam,Bulk_H&B,3,4.49
210000066999,mother's day vase card paper slam,Bulk_H&B,2,4.49
210000067001,sloth hello friendship card paper slam,Bulk_H&B,3,4.49
210000067003,jellyfish in the sky card paper slam,Bulk_H&B,1,4.49
210000067009,aster bonita top blue seeds,Packaged_Dry,4,3.49
210000067011,Hu Chocolate Bar Simple Milk 2.1 oz,Packaged_Dry,8,5.49
210000067013,Hu Milk Chocolate Hazelnut Butter Bar,Packaged_Dry,12,5.49
210000067015,Hu Milk Chocolate Cashew Butter Bar,Packaged_Dry,12,5.49
210000067017,Safe Catch Sardines W/ Olive Oil & Lemon,Packaged_Dry,4,3.49
210000067019,probiotic womens 50tbs NOW FOODS,Vitamins,6,29.99
210000067021,probiotic clinical heart health 60tbs NOW FOODS,Vitamins,3,29.99
210000067023,D 3 1000 IU 90 gummies NOW FOODS,Vitamins,3,15.99
210000067025,soda cola single can rocky mountain,Beverages,20,2.49
210000067027,soda prickly pear single can rocky mountain,Beverages,18,2.49
210000067028,ladle large bamboo switch,Bulk_H&B,7,8.99
210000067030,soap dish lift rectangle bamboo switch,Bulk_H&B,7,5.99
210000067032,soap dish lift wavy bamboo switch,Bulk_H&B,4,5.99
210000067034,chopsticks set of 2 purple bamboo switch,Bulk_H&B,10,2.39
210000067036,chopsticks set of 2 blue bamboo switch,Bulk_H&B,10,2.39
210000067038,hair pick bamboo switch,Bulk_H&B,8,5.99
210000067040,mason jar lid regular bamboo switch,Bulk_H&B,9,2.99
210000067042,mason jar lid wide bamboo switch,Bulk_H&B,8,3.29
210000067044,stir spoon bamboo switch,Bulk_H&B,10,2.99
210000067046,yerba mate watermelody 15.5oz can guayaki,Beverages,23,3.39
210000067048,spring water still blue bottle 12oz saratoga,Beverages,9,2.19
210000067050,tepache tropical ponche can,Beverages,11,3.29
210000067052,pistachio milk barista original 32oz tache,Beverages,12,7.99
210000067054,Johnny Pops Ice Cream  Bar Chocolate Covered Strawberry  Creme,Milk,6,5.99
210000067056,Johnny Pops Bars Mini  Neopolitan Cream Org,Milk,5,6.99
210000067058,premenstrual comfort 60liquigels,Vitamins,4,24.99
210000067060,card mini thanks father,Bulk_H&B,6,4.29
210000067062,card mini treble clef,Bulk_H&B,6,4.29
210000067064,card mini iris,Bulk_H&B,6,4.29
210000067066,greeting card garden watering can,Bulk_H&B,6,8.49
210000067068,greeting card blue heron,Bulk_H&B,5,8.49
210000067070,greeting card dandelions,Bulk_H&B,5,8.49
210000067072,greeting card garden gnome,Bulk_H&B,6,8.49
210000067074,greeting card ohm lotus,Bulk_H&B,5,8.49
210000067076,greeting card botanical dad,Bulk_H&B,6,8.49
210000067078,greeting card father's day mountain,Bulk_H&B,6,8.49
210000067080,greeting card halloween bats,Bulk_H&B,6,8.49
210000067082,greeting card raven,Bulk_H&B,6,8.49
210000067084,felted wool planter eyeballs,Bulk_H&B,6,11.99
210000067086,felted wool planter eyeballs lashes,Bulk_H&B,6,14.99
210000067088,tumbler blue with bamboo lid and glass straw bamboo switch,Bulk_H&B,10,9.99
210000067090,Deebee's Fruit  Pop Freezies Box of  10 Tropical,Frozen,10,6.59
210000067092,pita chips parmesan herb 6.5oz pita crunch,Chips&Cookie,10,4.99
210000067094,OSI Magnesium Foot Cream,Packaged_H&B,2,16.79
210000067098,sparkling water fruit punch soda 6 pack sanzo,Beverages,3,11.99
210000067102,chlorophyll concentrate la naturals,Vitamins,3,16.99
210000067103,paraherbs,Vitamins,4,25.99
210000067105,recovery zymes,Vitamins,4,39.99
210000067107,blood pressure factors,Vitamins,4,36.99
210000067109,anticid,Vitamins,3,29.99
210000067111,vitamin D3 K2,Vitamins,4,28.99
210000067112,propolis raw honey throat spray,Vitamins,6,16.99
210000067114,ginseng red royal jelly energy shots,Vitamins,24,3.99
210000067116,propolis zinc D3 C shots,Vitamins,24,3.99
210000067118,banana water OG can 11.2 oz banagua,Beverages,12,3.99
210000067119,water sparkling 12 oz cascade,Beverages,20,2.29
210000067121,water sparkling peach black tea 8 pk nixie,Beverages,3,6.99
210000067123,mood power unflavored single pkt recess,Beverages,9,1.99
210000067125,soda root beer 4-pk  cans rocky mountain,Beverages,3,8.99
210000067127,soda cream 4-pk  cans rocky mountain,Beverages,3,8.99
210000067133,tea orange mango white rtd just ice ta,Beverages,12,2.99
210000067135,CBD recovery ginger 10mg 30 gummies charlotte's web,Vitamins,3,32.99
210000067137,silver gel 4oz silver biotics,Vitamins,6,19.99
210000067139,silver gel 1.5oz silver biotics,Vitamins,6,10.99
210000067141,ginger juice OG 16oz,Beverages,6,16.99
210000067143,black seed oil 8.45oz talya,Vitamins,4,25.99
210000067145,aloe vera inner fillet 16oz,Beverages,2,5.99
210000067147,Actual Veggies Burger Black Bean Cheddar 4 Burgers,Frozen,5,8.39
210000067149,Actual Veggies Sweet Potato Super Fries,Frozen,5,8.59
210000067151,Ice Cream For Bears Triple Chocolate,Milk,7,7.99
210000067153,Ice Cream For Bears Cinnamon,Milk,7,7.99
210000067155,Ice Cream For Bears Honey Honey,Milk,7,7.69
210000067157,Marianne's Avocado Oil Classic 16.9 oz,Packaged_Dry,6,17.69
210000067159,Marianne's Oil Avocado Org 16.9 oz,Packaged_Dry,5,19.49
210000067161,Marianne's Beef Tallow Org 11 oz,Packaged_Dry,5,18.49
210000067163,Marianne's  Beef Tallow Classic 11 oz,Packaged_Dry,6,15.99
210000067165,kids daytime manuka honey cough syrup 4oz,Vitamins,1,15.99
210000067167,nasal spray deep cleanse manukaguard,Vitamins,2,8.00
210000067169,clear lungs 2oz ridgecrest herbals,Vitamins,2,24.99
210000067177,honey sea moss16oz herb to body,Packaged_Dry,3,20.99
210000067179,GoMacro Bar Oatmeal Chocolate Chip Org GF 7 Pack,Packaged_Dry,7,8.99
210000067181,GoMacro Bar Double Chocolate Brownie Org GF 7 Pack,Packaged_Dry,7,8.99
210000067183,ManukaGuard Honey Throat Soother Medical Grade MGO 200 8.8 oz,Packaged_Dry,2,42.99
