"System ID","UPC","EAN","Custom SKU","Manufact. SKU","Item","Remaining","Total Cost","Avg. Unit Cost","Sale Price","Margin"
"210000000078","044082522111","","","49862-6","Once Again Peanut Butter No Stir Crunchy Sweet (American Classic)","14","$70.08","$5.01","$9.69","48.34%"
"210000000080","044082522319","","","31673-7","Once Again Peanut Butter No Stir Creamy Sweet (American Classic)","7","$31.54","$4.51","$9.69","53.5%"
"210000000086","042272005116","","","97123-4","Amy's Chili","5","$20.20","$4.04","$6.29","35.77%"
"210000000094","042272005918","","","","Amy's Soup  Vegetable French Country","5","$19.35","$3.87","$5.99","35.39%"
"210000000100","042272005031","","","","Amy's Soup No Chicken Noodle","2","$7.40","$3.70","$5.79","36.1%"
"210000000128","074305030123","","","","Braggs Vinaigrette Dressing Org","4","$18.20","$4.55","$8.29","45.11%"
"210000000154","","","","","Frankferd Farms Flour  Vital Wheat Gluten 1#","2","$5.68","$2.84","$7.39","61.57%"
"210000000352","852749004395","","","","Divine Dark Chocolate Snack Bar","5","$7.55","$1.51","$2.39","36.82%"
"210000000522","042515435199","","","","Lewis Labs Brewer's Yeast Flakes","15","$207.89","$13.86","$23.99","42.23%"
"210000000538","039978008817","","039978018816","","Bob's Pancake Mix Buckwheat","5","$19.85","$3.97","$5.99","33.72%"
"210000000542","039978006424","","","039978116420","Bob's Sorghum Flour  GF","1","$3.75","$3.75","$5.79","35.23%"
"210000000550","039978043184","","039978113184","","Bob's Semolina Flour","4","$13.20","$3.30","$5.19","36.42%"
"210000000662","621683021252","","","","Tinkyada Brown Rice Spirals  org. GF 12oz","4","$15.12","$3.78","$5.79","34.72%"
"210000002304","043182008518","","","","Native Forest Pineapple Chunks 14oz","3","$12.63","$4.21","$6.49","35.13%"
"210000002308","043182008570","","","","Native Forest Tropical Fruit Salad 14oz","1","$3.59","$3.59","$4.50","20.22%"
"210000002380","077502016105","","","","Jyoti Delhi Saag 15oz","26","$79.04","$3.04","$4.79","36.53%"
"210000002388","077502146154","","","","Jyoti Punjabi-Chhole 15oz","6","$18.24","$3.04","$4.69","35.18%"
"210000002422","035742221017","","","","Health Valley Vegetable Soup 15oz Org NS GF","4","$14.56","$3.64","$5.59","34.88%"
"210000002446","024182002270","","","","Eden  Brown Rice &  Green Lentils","4","$9.68","$2.42","$3.69","34.42%"
"210000002454","042272005895","","","042272005895","Amy's Refried Beans Traditional Light Sodium","5","$17.10","$3.42","$5.39","36.55%"
"210000002540","052603289689","","pacific","","Pacific Chicken Broth 8oz LS","6","$8.14","$1.36","$2.19","38.05%"
"210000002552","043182000710","","","","Edward & Sons  Mashed Potatoes Garlic Org U","7","$15.34","$2.19","$3.69","40.61%"
"210000002600","089836157157","","","","Simply Organic Spinach Dip Mix","5","$5.90","$1.18","$1.79","34.08%"
"210000002612","073472002551","","","","Ezekiel 4:9 Cereal Org 16oz","7","$40.83","$5.83","$10.39","43.86%"
"210000002648","058449779018","","","","Nature's Path Mesa Sunrise Org Eco 26.4oz","3","$24.42","$8.14","$12.59","35.35%"
"210000002656","039978119193","","","","Bob's Yellow Corn Grits Polenta Org","3","$11.58","$3.86","$5.99","35.56%"
"210000002692","058449620013","","","","Nature's Path Puffs Rice  Org 6oz","4","$10.40","$2.60","$3.99","34.84%"
"210000002696","058449770213","","","","Nature's Path Heritage Flakes Org Eco","3","$27.90","$9.30","$14.29","34.92%"
"210000002700","041617002278","","","","Rumford Baking Powder Al-Free","9","$31.95","$3.55","$5.49","35.34%"
"210000002704","039978033918","","","","Bob's Baking Soda Al-Free","5","$13.50","$2.70","$4.19","35.56%"
"210000002708","651170001009","","","","Flavorganics Vanilla Extract Org 2oz","3","$14.19","$4.73","$9.39","49.63%"
"210000002712","651170001085","","","","Flavorganics Almond Extract OG 2oz","2","$6.92","$3.46","$6.89","49.78%"
"210000002716","651170001054","","","","Flavorganics Peppermint Extract Org 2oz","2","$8.90","$4.45","$6.79","34.46%"
"210000002720","651170001078","","","","Flavorganics Lemon extract 2oz","4","$14.83","$3.71","$7.49","50.5%"
"210000002834","022506137202","","","","Spectrum Canola Oil Org 32oz","3","$36.57","$12.19","$20.29","39.92%"
"210000002838","692752103575","","","","Nutiva Coconut Oil EV Org 14oz","1","$11.12","$11.12","$17.19","35.31%"
"210000002870","022506117402","","","","Spectrum Sunflower Oil Org 32oz","2","$26.12","$13.06","$20.19","35.31%"
"210000002882","024182000252","","eden","","Eden Sesame Oil","2","$23.10","$11.55","$15.99","27.77%"
"210000002898","075820000028","","","","Spike Vegit Seasoning 2oz","2","$3.76","$1.88","$2.99","37.12%"
"210000002902","075820000073","","","","Spike Salt Free Seasoning 2oz","5","$9.49","$1.90","$2.99","36.52%"
"210000002918","024182002126","","eden","","Eden Brown Mustard Org 9oz","8","$25.62","$3.20","$5.19","38.29%"
"210000003006","092325333529","","","","Annie's Goddess Dressing Org 8oz","6","$28.68","$4.78","$7.39","35.32%"
"210000003026","692752200052","","","","Nutiva Coconut Oil EV Org 54oz","2","$58.18","$29.09","$34.99","16.86%"
"210000003058","093709801016","","","","Pamela's Figgies & Jammies Mission Fig Cookies 9oz","5","$25.80","$5.16","$7.99","35.42%"
"210000003062","071879124913","","","","Jennie's Coconut Macaroons 8oz","5","$15.60","$3.12","$4.89","36.2%"
"210000003114","733739073204","","","","citric acid 4oz NOW FOODS","2","$5.98","$2.99","$5.99","50.08%"
"210000003116","019356551111","","","","Pomona's Pectin 1oz.","21","$102.27","$4.87","$7.49","34.98%"
"210000003146","078314212358","","","","Madhava's Agave Nectar Light 23.5oz","6","$26.40","$4.40","$9.59","54.12%"
"210000003150","078314111750","","","","Madhava's Agave Nectar  light 11.75 oz.","6","$21.42","$3.57","$5.49","34.97%"
"210000003216","073416001602","","","","Lundberg Brown Rice Syrup Org 21oz bb 8/25","1","$8.47","$8.47","$10.59","20.02%"
"210000003224","024182491159","","eden","","Eden Barley Malt Syrup OG 20oz","5","$35.50","$7.10","$10.99","35.4%"
"210000003226","074305001161","","","","Bragg Apple Cider Vinegar Org 16oz.","8","$26.96","$3.37","$5.29","36.29%"
"210000003272","813551002061","","","","Koyo Ramen Wakame Seaweed U","12","$10.56","$0.88","$1.79","50.84%"
"210000003374","716270001660","","","","Chocolove Ginger Crystallized in Dark Chocolate 3 oz","12","$37.32","$3.11","$4.79","35.07%"
"210000003376","716270001585","","","","Chocolove Chilies & Cherries in Dark Chocolate 3 oz","18","$55.98","$3.11","$4.79","35.07%"
"210000003814","044082032214","","","","Once Again Peanut Butter Salt Free Crunchy Unsweet","5","$22.75","$4.55","$8.69","47.64%"
"210000003816","044082530314","","","","Once Again Sunflower Seed Butter","11","$60.28","$5.48","$8.29","33.9%"
"210000003818","022506104174","","","","Spectrum Peanut Oil Org.","3","$31.47","$10.49","$16.29","35.6%"
"210000003824","089836188410","","","","Simply Organic French Onion Dip Mix","12","$20.64","$1.72","$2.69","36.06%"
"210000003834","074305001321","","","","Bragg Apple Cider Vinegar 32oz Org","5","$27.10","$5.42","$8.39","35.4%"
"210000003962","734027901452","","","","Ginger People Ginger Chews Box 4.5 oz","9","$36.00","$4.00","$6.19","35.38%"
"210000004032","733739024206","","","","brewer's yeast 1lb NOW FOODS","1","$7.64","$7.64","$16.99","55.03%"
"210000004344","012511446529","","","","Wholesome Sweeteners Sugar Dark Brown OG 24oz","7","$26.38","$3.77","$7.29","48.3%"
"210000004352","012511320041","","","","Wholesome Sweeteners Sugar Org. Powdered FT","2","$7.18","$3.59","$6.79","47.13%"
"210000004472","810165011953","","","","Yummy Earth Vit C Pops Org","4","$11.16","$2.79","$4.99","44.09%"
"210000004550","075172079468","","","","Panda Licorice Black Bag 7oz","4","$12.76","$3.19","$4.99","36.07%"
"210000004554","838455000203","","","","Primal Strips Mesquite Lime 1oz","20","$25.60","$1.28","$1.99","35.68%"
"210000004558","838455000029","","","","Primal Strips Hickory Smoked 1oz","12","$15.36","$1.28","$1.99","35.68%"
"210000004562","838455000197","","","","Primal Strips Thai Peanut 1oz","16","$20.48","$1.28","$1.99","35.68%"
"210000004566","838455000012","","","","Primal Strips Teriyaki 1oz","29","$37.12","$1.28","$1.99","35.68%"
"210000006216","722252161093","","","","Clif  Bar White Chocolate Macadamia Nut","5","$8.05","$1.61","$2.49","35.34%"
"210000006378","075820000004","","","","Spike Seasoning Original 3oz","2","$4.24","$2.12","$3.29","35.56%"
"210000006452","043182003575","","","","Let's Do Organic Sugar Cones 5oz","8","$27.44","$3.43","$5.29","35.16%"
"210000006456","043182003551","","","","Let's Do Organic Ice Cream Cones (Cake) 1.2oz bb 12/19/25","4","$10.00","$2.50","$3.20","21.88%"
"210000006588","074305020322","","","","Bragg's Olive Oil 32 oz Org","5","$100.40","$20.08","$33.99","40.92%"
"210000006598","074305011283","","","","Bragg Apple Cider Vinegar 1 Gallon Org","5","$87.50","$17.50","$26.99","35.16%"
"210000006618","042272005581","","","","Amy's Refried Black Beans Light Sodium","4","$13.77","$3.44","$5.39","36.13%"
"210000006756","716270001523","","","","Chocolove Cherries & Almonds in Dark Chocolate 3 oz","4","$12.44","$3.11","$4.79","35.07%"
"210000006764","716270001349","","","","Chocolove Toffee & Almonds in Milk Chocolate 3 oz","16","$54.08","$3.38","$5.39","37.29%"
"210000006924","757645021401","","","","Newman-O's Original Cookie 13oz","8","$35.98","$4.50","$7.19","37.45%"
"210000007122","043182002080","","","","Native Forest Coconut Milk Classic Org","5","$15.95","$3.19","$4.89","34.76%"
"210000007126","043182008549","","","","Native Forest Pineapple Crushed 14oz","8","$33.68","$4.21","$6.49","35.13%"
"210000007160","658334472828","","","","Roads End Shiitake Gravy Mix 1oz","9","$15.75","$1.75","$2.69","34.94%"
"210000007164","658334472811","","","","Roads End Golden Gravy Mix 1oz","14","$20.30","$1.45","$2.29","36.68%"
"210000007170","024182001150","","eden","","Eden Spaghetti Sauce No Salt","5","$33.15","$6.63","$9.29","28.63%"
"210000007182","024182002010","","eden","","Eden  Gomasio  3.5oz","2","$6.58","$3.29","$4.99","34.07%"
"210000007190","024182002003","","eden","","Eden Sea Salt Celtic 14oz","14","$72.44","$5.17","$7.99","35.24%"
"210000007225","034529123612","","","","Maine Coast Alaria","2","$14.42","$7.21","$11.19","35.57%"
"210000007229","034529123629","","","","Maine Coast Dulse OG 2oz","4","$27.80","$6.95","$12.99","46.5%"
"210000007241","034529123636","","","","Maine Coast Kelp/Kombu Org 2oz","6","$41.46","$6.91","$10.39","33.49%"
"210000007532","896859000366","","","046015167369","Organicville Original BBQ Sauce","3","$11.43","$3.81","$5.89","35.31%"
"210000007542","018788101093","","","","Real Salt Shaker 10oz","10","$45.92","$4.59","$7.29","37.01%"
"210000007554","018788102502","","","","Real Salt  Pouch 26oz","1","$8.61","$8.61","$13.29","35.21%"
"210000007558","018788801603","","","","Real Salt All Natural Sea Salt  Kosher16oz","5","$33.95","$6.79","$10.49","35.27%"
"210000007680","039978004628","","039978114624","","Bob's  Pancake Mix   GF","3","$15.15","$5.05","$7.79","35.17%"
"210000008131","890146001500","","","","Yum Earth  Drops Wild Peppermint Org","7","$21.98","$3.14","$4.89","35.79%"
"210000008135","075172079369","","","","Panda Licorice Bag Raspberry 7oz","4","$12.27","$3.07","$4.69","34.59%"
"210000008488","024182152739","","","","Eden Kombu","5","$40.15","$8.03","$12.99","38.18%"
"210000008492","024182157697","","eden","","Eden Sushi Nori 7 Sheets bb 9/7/25","1","$6.18","$6.18","$6.90","10.43%"
"210000008546","042272005864","","","","Amy's Soup Tomato Bisque LS","7","$25.90","$3.70","$5.69","34.97%"
"210000008576","638882002005","","","","Farmer's Market Organic Canned Pumpkin","11","$26.62","$2.42","$3.99","39.35%"
"210000008912","621683020156","","","","Tinkyada Spaghetti Org","6","$17.16","$2.86","$4.99","42.69%"
"210000008922","075810001257","","","","San-J  Tamari Gold Wheat-Free 10 oz","6","$29.16","$4.86","$7.49","35.11%"
"210000008924","075810001356","","","","San-j Tamari Gold 20 oz","2","$15.02","$7.51","$11.59","35.2%"
"210000008928","075810041352","","","","San-J Shoyu 20oz Org","2","$9.80","$4.90","$7.59","35.44%"
"210000008930","075810004258","","","","San-J Tamari Red Sodium 10 oz org","2","$9.52","$4.76","$7.89","39.67%"
"210000008932","075810004357","","","","San-J Tamari Red. Sod. 20 oz Org","5","$39.45","$7.89","$12.19","35.27%"
"210000008964","044082045412","","","","Once Again Tahini Org.","11","$60.58","$5.51","$11.49","52.07%"
"210000008968","044082032412","","","","Once Again Peanut Butter Salt Free Creamy Unsweet","7","$31.85","$4.55","$8.69","47.64%"
"210000008976","024182000481","","eden","","Eden  Mirin Cooking Wine","1","$12.08","$12.08","$14.19","14.87%"
"210000008978","799210115009","","","","Bionaturae Balsamic Vinegar Org 17oz U","6","$35.82","$5.97","$8.19","27.11%"
"210000008990","024182422160","","eden","","Eden Vinegar  Brown Rice Org 10 oz.","11","$44.55","$4.05","$7.39","45.2%"
"210000009008","074305000164","","","","Bragg Liquid Aminos 16oz","2","$8.26","$4.13","$6.39","35.37%"
"210000009014","074305000324","","","","Bragg  Liquid Aminos 32oz","6","$36.66","$6.11","$10.49","41.75%"
"210000009024","012511600006","","","","Wholesome Sweeteners Molasses 16 oz.","2","$7.42","$3.71","$6.99","46.92%"
"210000009028","012511700003","","","","Wholesome Sweeteners Molasses 32 oz.","2","$14.36","$7.18","$11.19","35.84%"
"210000009048","023254667904","","","","Hain  Salt Iodized","8","$18.80","$2.35","$3.69","36.31%"
"210000009058","651170001030","","","","Flavorganics Vanilla Extract 4oz.","4","$38.70","$9.68","$17.99","46.22%"
"210000009208","044082034218","","","","Once Again Almond Butter Crunchy Salt Free","10","$61.00","$6.10","$12.19","49.96%"
"210000009212","044082034416","","","","Once Again Almond Butter Creamy 16 oz","11","$76.40","$6.95","$12.29","43.49%"
"210000010152","716270001554","","","","Chocolove Almond & Sea Salt  3.2oz","14","$47.86","$3.42","$5.39","36.58%"
"210000010154","854183006027","","","","Explore Asian Mung Bean/Edamame Fettuccini","4","$17.84","$4.46","$6.89","35.27%"
"210000010332","894873002472","","","","Frankferd Farms Flour Chickpea 2#","3","$19.46","$6.49","$10.19","36.34%"
"210000010336","041570052785","","blue diamond","","Blue Diamond Almond Nut Thins w/Sea Salt Crackers","12","$45.72","$3.81","$5.89","35.31%"
"210000010348","716270051344","","","","Chocolove Mini Toffee & Almonds","12","$19.32","$1.61","$2.49","35.34%"
"210000010512","736210000393","","","","pumpkin jack o lantern seeds","5","$5.25","$1.05","$2.99","64.88%"
"210000010544","736210030413","","","","arugula rocket botanical Interests","5","$4.75","$0.95","$2.69","64.68%"
"210000010560","716270001547","","","","Chocolove Raspberries in Dark Chocolate 3.1 oz","4","$12.44","$3.11","$4.79","35.07%"
"210000010882","862281000038","","","","Wee Bee  Honey  Raw 16 oz","8","$62.36","$7.80","$12.39","37.09%"
"210000010944","089836184214","","","","Frontier Saffron Threads Glass Jar .50 gm frontier","3","$23.61","$7.87","$12.29","35.96%"
"210000011006","850403000059","","","","Namaste GF Waffle & Pancake Mix","5","$25.90","$5.18","$7.99","35.17%"
"210000011146","896859000595","","","046015165402","OrganicVille Pasta Sauce Marinara","4","$17.40","$4.35","$6.69","34.98%"
"210000011194","012511105006","","","","Wholesome Sweeteners Sucanat  1lb.","1","$3.37","$3.37","$4.99","32.46%"
"210000011308","067275000326","","","","Crofter's  Just Fruit Raspberry","4","$15.68","$3.92","$5.99","34.56%"
"210000011312","067275000319","","","","Crofter's Just Fruit Strawberry","11","$43.12","$3.92","$5.99","34.56%"
"210000011568","891475001018","","","","Surf Sweets Gummy Bears 2.75oz","10","$30.00","$3.00","$4.69","36.03%"
"210000011734","074305060021","","","","Bragg Org Herb & Spices Sprinkle Seasoning","12","$37.92","$3.16","$4.99","36.67%"
"210000011798","039978025548","","","","Bob's Guar Gum 8 oz bb 11/4/25","2","$13.32","$6.66","$7.90","15.7%"
"210000012184","897581000365","","","","Dandies Vegan Marshmallows 10oz","11","$36.85","$3.35","$5.19","35.45%"
"210000012476","838455000210","","","","Primal Strips Texas BBQ 1oz","14","$17.92","$1.28","$1.99","35.68%"
"210000012488","716270051306","","","","Chocolove Mini Milk Chocolate","16","$25.64","$1.60","$2.49","35.64%"
"210000012492","716270051542","","","","Chocolove Mini Raspberries Dark 1.2 oz","11","$17.71","$1.61","$2.49","35.34%"
"210000012575","024182300116","","eden","","Eden Kuzu","1","$9.08","$9.08","$13.99","35.1%"
"210000012706","067275000357","","","","Crofter's Just Fruit  Wild Blueberry","3","$9.81","$3.27","$5.69","42.53%"
"210000012718","012511405007","","","","Wholesome Sweeteners Sugar Org Fair Trade 16 oz","11","$28.05","$2.55","$5.19","50.87%"
"210000012728","726635430431","","","","Y.S. Organics Royal Jelly Active Bee Power #430","3","$30.15","$10.05","$15.59","35.54%"
"210000012970","012511300104","","","","Wholesome Sweeteners Corn Syrup Org","3","$11.01","$3.67","$6.49","43.45%"
"210000013146","067275000371","","","","Crofter's Just Fruit Superfruit","5","$19.60","$3.92","$5.99","34.56%"
"210000013590","737628003006","","","","Thai Kitchen  Curry Paste Red 4oz","7","$28.13","$4.02","$6.29","36.11%"
"210000013602","850403000073","","","","Namaste GF Cake Chocolate  Mix","4","$31.80","$7.95","$11.19","28.95%"
"210000013620","042272005932","","","","Amy's Soup Golden Lentil","6","$23.22","$3.87","$5.99","35.39%"
"210000013790","716270001530","","","","Chocolove Dark Chocolate Orange peel 3.2 oz","12","$37.32","$3.11","$4.79","35.07%"
"210000013796","891475001025","","","","Surf Sweets Gummy Worms 2.75oz","14","$39.04","$2.79","$4.49","37.89%"
"210000013800","891475001049","","","","Surf Sweets  Fruity Bears 2.75oz","9","$24.30","$2.70","$4.49","39.87%"
"210000013842","891551000058","","","","sprouted crisps onion and garlic","3","$10.59","$3.53","$6.99","49.5%"
"210000014158","894873002434","","","","Frankferd Farms Flour Corn Yellow Org 2#","4","$12.66","$3.17","$4.89","35.28%"
"210000014432","024182300161","","eden","","Eden Umeboshi Whole Plums 7oz","2","$26.28","$13.14","$19.99","34.27%"
"210000014466","853522000306","","853522000009","","Enjoy Life Semi-Sweet Mini Chocolate Chips","17","$81.77","$4.81","$8.99","46.5%"
"210000014558","024182151718","","","","Eden Wakame","1","$11.85","$11.85","$17.99","34.13%"
"210000014796","799210920016","","","","Bionaturae Tomato Paste  Org K","9","$18.18","$2.02","$3.49","42.12%"
"210000014914","024182000665","","eden","","Eden Apple Sauce Org","11","$60.72","$5.52","$8.49","34.98%"
"210000015026","708953103600","","","","Lotus Foods Rice Jade Pearl 15 oz U","4","$21.32","$5.33","$8.29","35.71%"
"210000015408","073472002568","","","","Ezekiel 4:9 Cereal Flax 16oz","6","$34.14","$5.69","$10.39","45.24%"
"210000015426","024182002850","","eden","","Eden Beans Baked K","5","$17.05","$3.41","$5.29","35.54%"
"210000015706","024182029208","","eden","","Eden Beans Cannellini 29 Oz. E","10","$39.60","$3.96","$6.19","36.03%"
"210000015710","024182029406","","eden","","Eden Beans kidney  29 Oz. F","2","$9.82","$4.91","$7.59","35.31%"
"210000015714","024182029307","","eden","","Eden Beans Garbanzo  29 Oz. E","11","$45.21","$4.11","$6.39","35.68%"
"210000015718","024182029109","","eden","","Eden Beans Black  29 Oz. E","11","$40.81","$3.71","$5.79","35.92%"
"210000015732","659201102015","","","","Ancient Harvest Food Merchants Polenta Traditional Italian","11","$0.11","$0.01","$4.89","99.8%"
"210000016231","870001000664","","","","Artisana Walnut Butter Raw OG","3","$31.14","$10.38","$15.99","35.08%"
"210000016639","039978019547","","039978039545","","Bob's Rolled Oats Xtra Thick org 32 oz","5","$22.94","$4.59","$8.49","45.96%"
"210000016937","018787505014","","","","Dr. Bronner's Oil Coconut Virgin OG 14oz","2","$13.10","$6.55","$11.99","45.37%"
"210000016939","894455000254","","","","Justin's Peanut Butter Cups Dark Chocolate","3","$5.97","$1.99","$2.99","33.44%"
"210000016943","894455000247","","","","Justin's  Peanut Butter Cups Milk Chocolate","8","$15.92","$1.99","$2.99","33.44%"
"210000017190","074305031120","","","","Bragg Dressing Ginger & Sesame Org","4","$21.40","$5.35","$8.29","35.46%"
"210000017206","651170001061","","","","Flavorganics Orange Extract 2oz","4","$14.88","$3.72","$6.89","46.01%"
"210000017340","024182002539","","eden","","Eden Beans Black 15oz E","10","$20.70","$2.07","$3.19","35.11%"
"210000017496","024182002515","","eden","","Eden Beans Garbanzo  15 Oz. E","10","$22.00","$2.20","$3.49","36.96%"
"210000017748","024182002508","","eden","","Eden Beans Pinto 15 oz E","5","$11.12","$2.22","$3.69","39.73%"
"210000017752","813551002054","","","","Koyo Ramen Shiitake Mushroom","8","$10.00","$1.25","$1.89","33.86%"
"210000017786","891551000409","","","","Foods Alive Himalayan Pink Salt Crystals","7","$28.28","$4.04","$6.29","35.77%"
"210000017806","829696000800","","","","Wild Planet Sardines W/ olive oil","7","$16.17","$2.31","$3.59","35.65%"
"210000018150","","","","","Frankferd Farms Organic Amaranth Grain 1#","3","$11.61","$3.87","$5.99","35.39%"
"210000018169","039978001139","","","039978111135","Bob's Hot Cereal  Creamy Buckwheat Org GF","1","$5.89","$5.89","$9.19","35.91%"
"210000018274","726635912012","","","","YS Organic Propolis Tincture  1 oz  9L1","4","$45.48","$11.37","$17.69","35.73%"
"210000018386","043182003919","","","","Edward & Sons Bouillon Not-Chick'n K","10","$21.50","$2.15","$3.39","36.58%"
"210000018636","043182005241","","","","Let's Do Organic Coconut Flour 1lb","2","$7.94","$3.97","$6.19","35.86%"
"210000018644","024182002546","","eden","","Eden Beans Kidney NS 15 Oz. E","8","$19.04","$2.38","$3.69","35.5%"
"210000018760","813551002146","","","","Koyo Ramen Buckwheat Soba U","9","$7.92","$0.88","$1.79","50.84%"
"210000018988","044082530413","","","","Once Again Sunflower Seed Butter No Sugar & Salt","10","$43.04","$4.30","$8.29","48.08%"
"210000019194","024182424195","","eden","","Eden Ume Plum Vinegar 10oz","2","$7.78","$3.89","$5.99","35.06%"
"210000019248","","","","","Guyette Honey Clover 3lb","5","$75.00","$15.00","$21.99","31.79%"
"210000019252","","","","","Guyette Honey Wildflower 3lb","1","$15.00","$15.00","$21.99","31.79%"
"210000019260","","","","","Guyette Honey Clover 1 lb.","6","$34.50","$5.75","$8.49","32.27%"
"210000019386","736210030307","","","","cabbage red acre  OG seeds","4","$4.20","$1.05","$2.99","64.88%"
"210000019824","736210060939","","","","basil purple Petra seeds","5","$4.75","$0.95","$2.69","64.68%"
"210000019832","736210030864","","","","daikon seeds OG seeds","4","$4.20","$1.05","$2.99","64.88%"
"210000019844","736210031151","","","","carrot carnival OG seeds","5","$6.15","$1.23","$3.49","64.76%"
"210000019852","736210060281","","","","cilantro coriander OG seeds","5","$5.25","$1.05","$2.99","64.88%"
"210000019860","736210061271","","","","borage  OG seeds","5","$5.25","$1.05","$2.99","64.88%"
"210000019864","736210020667","","","","sunflower mongolian giant seeds","5","$7.90","$1.58","$4.49","64.81%"
"210000019992","","","","","Frankferd Farms Gluten (Wheat) Flour 2#","2","$5.16","$2.58","$3.99","35.34%"
"210000020100","","","","","Guyette Honey Wildflower 1lb","3","$17.25","$5.75","$8.99","36.04%"
"210000020132","838455000036","","","","Primal Strips Hot & Spicy","27","$34.80","$1.29","$1.99","35.23%"
"210000020256","736210060625","","","","chives OG seeds","5","$6.15","$1.23","$3.49","64.76%"
"210000020260","736210060304","","","","dill OG seeds","5","$5.25","$1.05","$2.99","64.88%"
"210000020292","736210030680","","","","pepper habanero seeds","5","$5.25","$1.05","$2.99","64.88%"
"210000020296","736210030086","","","","radish french breakfast seeds","5","$6.15","$1.23","$3.49","64.76%"
"210000020476","058449771807","","","","Nature's Path  Granola Love Crunch Choc/Berries Granola Cereal","5","$21.05","$4.21","$7.59","44.53%"
"210000020524","024182000184","","eden","","Eden Safflower Oil OG 16oz","2","$22.78","$11.39","$17.49","34.88%"
"210000020728","024182000603","","eden","","Eden Apple Sauce w/Cherry","12","$72.24","$6.02","$9.29","35.2%"
"210000020742","","","","","Frankferd Farms Beans Cannellini 1#","2","$8.38","$4.19","$6.49","35.44%"
"210000020790","737628029501","","","","Thai Kitchen Lemongrass & Chili Soup","6","$7.56","$1.26","$1.89","33.33%"
"210000020794","737628046508","","","","Thai Kitchen Spring Onion Soup","6","$8.04","$1.34","$1.99","32.66%"
"210000020818","736210020056","","","","feverfew seeds","5","$5.25","$1.05","$2.99","64.88%"
"210000020838","736210020162","","","","sunflower honey bear","5","$6.15","$1.23","$3.49","64.76%"
"210000020846","736210030017","","","","tomato beefsteak OG seeds","5","$5.25","$1.05","$2.99","64.88%"
"210000020858","736210030871","","","","tomato san marzano seeds","5","$4.75","$0.95","$2.69","64.68%"
"210000020938","716270051559","","","","Chocolove Mini  Almonds & Salt","8","$12.88","$1.61","$2.49","35.34%"
"210000021030","799210222288","","","","Bionaturae Bilberry Fruit Spread  Org U","3","$13.41","$4.47","$6.89","35.12%"
"210000021238","851492002047","","","","Coconut Secret  Aminos 8 oz","6","$32.04","$5.34","$8.29","35.59%"
"210000021361","736210060274","","","","basil italian genovese OG seeds","10","$10.50","$1.05","$2.99","64.88%"
"210000021385","736210030406","","","","broccoli raab rapini OG seeds","4","$4.92","$1.23","$3.49","64.76%"
"210000021389","736210031144","","","","swiss chard five color OG seeds","5","$6.15","$1.23","$3.49","64.76%"
"210000021448","043182005289","","","","Let's Do Organic Tapioca Starch Org & GF","7","$21.07","$3.01","$4.69","35.82%"
"210000021742","602652176517","","602652178511","","Kind Dark Chocolate Nuts & Salt","10","$12.40","$1.24","$1.99","37.69%"
"210000021814","706173013013","","","","Natural Value Pasta Sauce w/Portabello Org","15","$44.01","$2.93","$4.59","36.08%"
"210000021836","022506002487","","","","Spectrum White Vinegar Org","7","$46.49","$6.64","$10.99","39.57%"
"210000021852","024182002201","","","","Eden Beans Soy Black Org 15 Oz. E","8","$16.00","$2.00","$2.99","33.11%"
"210000022064","799210825014","","","","Bionaturae Tagliatelle Egg Noodle Org K","6","$18.54","$3.09","$4.99","38.08%"
"210000022390","052603289962","","052603289962","","Pacific Chicken Broth 8oz 4 pack LS","7","$38.01","$5.43","$8.39","35.28%"
"210000022478","018787505038","","","","Dr. Bronner's Oil Coconut Virgin OG 30oz","4","$49.28","$12.32","$19.99","38.37%"
"210000022514","041178380303","","","","Fearn Lecithin Liquid 16 oz","1","$4.50","$4.50","$4.99","9.82%"
"210000022748","815421011210","","","","Jovial GF Brown Rice Capellini K","6","$19.62","$3.27","$5.59","41.5%"
"210000022866","895444001405","","","","Free 2 Be Sun Cups Rice Milk Choc 2 Pack","16","$32.32","$2.02","$3.19","36.68%"
"210000022904","891551000553","","","","Foods Alive Cacao Nibs","2","$20.24","$10.12","$15.69","35.5%"
"210000022992","697658203015","","","","Manitoba Harvest Hemp Seed Hearts Org 12 oz","7","$60.19","$8.60","$16.99","49.39%"
"210000023078","621683021351","","","","Tinkyada Organic Brown Rice Lasagna Org","12","$46.92","$3.91","$5.49","28.78%"
"210000023868","034529123704","","","","Maine Coast Kelp w/Cayenne Granules Shaker","3","$9.75","$3.25","$4.99","34.87%"
"210000024128","733739069528","","","","stevia glycerite 2oz NOW FOODS","3","$16.17","$5.39","$8.99","40.04%"
"210000024178","023547300518","","","","Emerald Cove Sushi Nori Org. 10 Sheets","5","$30.15","$6.03","$8.99","32.93%"
"210000024210","737628030002","","","","Thai Kitchen Garlic & Vegetable Soup","7","$9.38","$1.34","$1.99","32.66%"
"210000024314","815421011104","","","","Jovial  Spaghetti Einkorn K","13","$46.48","$3.58","$5.59","36.04%"
"210000024354","034529123735","","","","Maine Coast Kelp Granules Shaker","2","$6.50","$3.25","$4.99","34.87%"
"210000024390","734027902053","","","","Ginger People Gin Gin Travel  1.6 oz","18","$35.10","$1.95","$2.99","34.78%"
"210000025018","","","plu 216","","Frankferd Carob Chips Sweet","1","$5.73","$5.73","$8.89","35.55%"
"210000025022","","","plu 438","","Frankferd Carob Chips UnSweet","3","$21.69","$7.23","$10.99","34.21%"
"210000025172","736210020292","","","","hyssop seeds","5","$6.15","$1.23","$3.49","64.76%"
"210000025196","736210061295","","","","fennel seeds","4","$4.20","$1.05","$2.99","64.88%"
"210000025204","736210061103","","","","oregano  OG seeds","5","$5.25","$1.05","$2.99","64.88%"
"210000025208","736210060786","","","","lemon balm sseds","5","$4.75","$0.95","$2.69","64.68%"
"210000025220","736210060793","","","","thyme english OG seeds","5","$6.15","$1.23","$3.49","64.76%"
"210000025236","736210031052","","","","carrot little finger seeds","5","$4.75","$0.95","$2.69","64.68%"
"210000025248","736210030109","","","","pea shelling OG seeds","5","$6.15","$1.23","$3.49","64.76%"
"210000025268","736210031465","","","","celery utah  OG seeds","4","$3.80","$0.95","$2.69","64.68%"
"210000025272","736210030321","","","","pepper sweet cali wonder OG seeds","5","$5.25","$1.05","$2.99","64.88%"
"210000025288","736210030499","","","","squash black beauty zucchini seeds","5","$6.15","$1.23","$3.49","64.76%"
"210000025292","736210030079","","","","spinach bloomsdale seeds OG seeds","10","$12.30","$1.23","$3.49","64.76%"
"210000025296","736210030673","","","","tomato cherry sweetie seeds","5","$4.75","$0.95","$2.69","64.68%"
"210000025300","736210031373","","","","tomato red and yellow pear OG seeds","5","$5.25","$1.05","$2.99","64.88%"
"210000025304","736210030550","","","","tomato bush roma OG seeds","4","$3.80","$0.95","$2.69","64.68%"
"210000025312","736210030574","","","","leek king richard  OG seeds","5","$5.25","$1.05","$2.99","64.88%"
"210000025320","736210030505","","","","swiss chard fordhook giant OG seeds","5","$5.25","$1.05","$2.99","64.88%"
"210000025340","736210031021","","plu 540","","lettuce romaine little gem seeds","5","$5.25","$1.05","$2.99","64.88%"
"210000025510","736210030710","","","","pumpkin big max OG seeds","5","$7.90","$1.58","$4.49","64.81%"
"210000025518","736210031717","","","","squash spaghetti seeds","5","$7.90","$1.58","$4.49","64.81%"
"210000025695","897580000106","","","","Mary's Gone Crackers  Original 6.5 oz","8","$24.08","$3.01","$6.69","55.01%"
"210000026330","736210078040","","","","sprouts radish china LARGE","5","$10.50","$2.10","$5.99","64.94%"
"210000026334","736210078033","","","","sprouts sandwich LARGE","10","$21.00","$2.10","$5.99","64.94%"
"210000026768","692752103520","","","","Nutiva Coconut Oil EV Org 23oz","5","$63.10","$12.62","$19.59","35.58%"
"210000026906","733739069917","","","","stevia OG 8oz NOW FOODS","1","$16.19","$16.19","$29.99","46.02%"
"210000026991","879884000440","","","","Blue Mountain Tahini Org","4","$20.00","$5.00","$8.99","44.38%"
"210000027034","736210000164","","","","collards georgia seeds","5","$4.75","$0.95","$2.69","64.68%"
"210000027042","736210031366","","","","kale dwarf blue seeds","10","$12.30","$1.23","$3.49","64.76%"
"210000027050","736210002410","","","","rutabaga seeds","5","$4.75","$0.95","$2.69","64.68%"
"210000027116","786969010273","","","","Napa Valley Sunflower Oil Org.","9","$74.97","$8.33","$12.89","35.38%"
"210000027354","815421011302","","","","Jovial Brown Rice Tagliatelle GF K","13","$61.44","$4.73","$7.39","36.05%"
"210000027358","815421011005","","","","Jovial Einkorn Flour 32oz K","1","$8.11","$8.11","$12.59","35.58%"
"210000027664","049733091015","","","","Cholula Hot Sauce","11","$29.48","$2.68","$5.39","50.28%"
"210000027806","683548002080","","","","Zot  Licorice Org GF","5","$12.45","$2.49","$3.49","28.65%"
"210000027810","683548002097","","","","Zot  Licorice w/Anise Org GF","5","$12.45","$2.49","$1.50","-66%"
"210000027960","039978006431","","039978116437","","Bob's Sorghum Whole  GF U","2","$7.44","$3.72","$5.29","29.68%"
"210000028174","895444001412","","","","Free 2 Be Sun Cups Dark Chocolate 2 Pack","10","$20.20","$2.02","$3.19","36.68%"
"210000028201","024182002560","","eden","","Eden Beans Cannellini  15 Oz. E","2","$4.44","$2.22","$3.49","36.39%"
"210000028320","708953102603","","","708953002101","Lotus Foods Rice Forbidden Org 15 oz","8","$37.68","$4.71","$7.29","35.39%"
"210000028689","089125250002","","","","Ancient Harvest Quinoa Spaghetti GF","11","$37.95","$3.45","$5.29","34.78%"
"210000028713","890146001654","","","","Yum Earth  Drops Fruit Org 13 oz","9","$72.15","$8.02","$12.99","38.29%"
"210000029110","039978009678","039978029676","","","Bob's Rice Flour White Org U","6","$37.14","$6.19","$9.49","34.77%"
"210000029358","855930001968","","855930001432","","Aleia's GF  Panko Bread Crumbs","9","$43.92","$4.88","$7.59","35.7%"
"210000029374","024182000283","","eden","","Eden Sesame Oil Toasted 5oz.","5","$24.95","$4.99","$7.69","35.11%"
"210000030019","024182002522","","","","Eden Beans Aduki 15 oz K","5","$13.74","$2.75","$4.29","35.94%"
"210000030059","736210031410","","","","melon minnesota midget seeds","5","$5.25","$1.05","$2.99","64.88%"
"210000030071","736210031526","","","","onion white bunching OG seeds","5","$6.15","$1.23","$3.49","64.76%"
"210000030075","736210030390","","","","tomato bush ace seeds","5","$5.25","$1.05","$2.99","64.88%"
"210000030211","810165014435","","","","Yum Earth Organic Lollipops 8.5 oz 40+","6","$44.22","$7.37","$11.39","35.29%"
"210000030215","073214007462","","","","Jeff's Naturals Kalamata Olives Pitted Org","8","$44.24","$5.53","$8.49","34.86%"
"210000030219","073214007479","","","","Jeff's Naturals Kalamata Olives Sliced Org","3","$16.59","$5.53","$8.49","34.86%"
"210000030255","736210020261","","","","nasturtium fiesta seeds","5","$6.15","$1.23","$3.49","64.76%"
"210000030259","736210011207","","","","nicotiana indian peace pipe","5","$4.75","$0.95","$2.69","64.68%"
"210000030299","736210030451","","","","eggplant black beauty seeds","5","$5.25","$1.05","$2.99","64.88%"
"210000030823","736210061165","","","","watercress OG seeds","5","$5.25","$1.05","$2.99","64.88%"
"210000031033","891551000652","","","","Foods Alive Coconut Sugar","7","$24.71","$3.53","$5.99","41.07%"
"210000031323","705875100274","","","","Barlean's Flax Chia Coconut Org.","3","$21.57","$7.19","$13.89","48.24%"
"210000031747","089836194886","","","","Frontier Seafood Seasoning Blackened","1","$3.17","$3.17","$5.39","41.19%"
"210000032001","052603042550","","pacific","","Pacific Cashew Carrot Ginger Soup 32oz","9","$40.32","$4.48","$6.99","35.91%"
"210000032863","706173010227","","","","Natural Value Coconut Milk Org","7","$18.20","$2.60","$4.29","39.39%"
"210000032969","043182003537","","","","Let's Do   Sugar Cones Gluten Free bb 12/10/25","1","$3.43","$3.43","$4.00","14.25%"
"210000033321","751217900965","","","","Simply Delish Jel Desert Strawberry","6","$10.80","$1.80","$2.99","39.8%"
"210000033391","675625355011","","","","One Degree Brown Rice Cacao Crisps Cereal","2","$8.96","$4.48","$6.89","34.98%"
"210000033469","851492002108","","","","Coconut Secret  Aminos 16.9 oz","3","$30.15","$10.05","$15.59","35.54%"
"210000033533","675625354014","","","","One Degree Brown Rice Crisps Cereal","6","$26.88","$4.48","$6.49","30.97%"
"210000033605","024182002591","","","","Eden Beans Black Eyed Peas 15 Oz. F","2","$5.18","$2.59","$3.99","35.09%"
"210000033689","074305066054","","","","Bragg Nutritional Yeast Seasoning","3","$14.49","$4.83","$7.49","35.51%"
"210000033773","842638005039","","","","Pascha Chocolate Chips Unsweetened","14","$111.92","$7.99","$14.49","44.83%"
"210000033787","708953601038","","","","Lotus Foods Ramen Millet & Brown Rice  Single K","9","$18.18","$2.02","$3.09","34.63%"
"210000033791","708953601014","","","","Lotus Foods Ramen Forbidden Black Rice Single K","2","$3.88","$1.94","$2.99","35.12%"
"210000033795","708953601021","","","","Lotus Foods Ramen Jade Pearl Rice  Single k","5","$9.70","$1.94","$2.99","35.12%"
"210000034397","786969010235","","","","Napa Valley Grapeseed Oil 25.4oz","12","$144.96","$12.08","$18.69","35.37%"
"210000034791","852469004286","","","","Manuka Doctor Honey Manuka 60+ 8.75 oz (20+)","2","$25.72","$12.86","$19.99","35.67%"
"210000034881","850403000066","","","","Namaste GF Spice Cake Mix","6","$35.88","$5.98","$9.99","40.14%"
"210000034885","850403000660","","","","Namaste GF Fudge Brownie Mix","8","$42.00","$5.25","$8.19","35.9%"
"210000034901","708953602011","","","","Lotus Foods Ramen Forbidden Black Rice 4 Pack U","4","$20.96","$5.24","$7.99","34.42%"
"210000034905","708953602028","","","","Lotus Foods Ramen Jade Pearl Rice 4 Pack U","4","$20.96","$5.24","$7.99","34.42%"
"210000034909","708953600325","","","708953602035","Lotus Foods Ramen Millet & Brown Rice 4 Pack K","2","$9.64","$4.82","$7.49","35.65%"
"210000035079","799210666648","","","","Bionaturae Fusilli WW Org 16oz U","14","$42.74","$3.05","$4.29","28.84%"
"210000035539","737628004003","","","","Thai Kitchen  Curry Paste Green 4oz","3","$12.21","$4.07","$6.29","35.29%"
"210000035603","039978025425","","","039978035424","Bob's TVP","2","$6.78","$3.39","$5.29","35.92%"
"210000035627","736210061325","","","","basil holy tulsi OG seeds","5","$5.25","$1.05","$2.99","64.88%"
"210000035631","736210019012","","","","bring home butterfly flower mix seeds","5","$6.15","$1.23","$3.49","64.76%"
"210000035635","736210019050","","","","shade flower mix seeds","5","$6.15","$1.23","$3.49","64.76%"
"210000035639","736210019067","","","","save the bees flower mix","5","$6.15","$1.23","$3.49","64.76%"
"210000035651","736210031830","","","","cauliflower snowball OG seeds","5","$4.75","$0.95","$2.69","64.68%"
"210000035695","879884001553","","","","Blue Mountain Org Raw Almond Butter 16 oz","4","$35.12","$8.78","$14.89","41.03%"
"210000035767","736210020308","","","","poppy Lauren's grape","10","$10.50","$1.05","$2.99","64.88%"
"210000036115","894873002861","","894873002397","","Frankferd Farms Flour Corn Blue Org 2#","2","$8.14","$4.07","$6.29","35.29%"
"210000036119","894873002410","","","","Frankferd Farms Flour Corn Meal Blue Org 2#","2","$8.14","$4.07","$6.99","41.77%"
"210000036235","851278001059","","","","Zellie's Gum Peppermint w/xylitol 100 pcs","16","$141.44","$8.84","$13.49","34.47%"
"210000036281","799210980027","","","","Bionaturae Tomato Diced  Org 28.2 oz U","10","$39.40","$3.94","$5.99","34.22%"
"210000036301","799210545400","","","","Bionaturae Lasagna Org","3","$10.62","$3.54","$5.49","35.52%"
"210000036723","736210070204","","","","save the bees flower mix LARGE","5","$11.40","$2.28","$6.49","64.87%"
"210000036731","736210030604","","","","pepper early jalapeno seeds","5","$5.25","$1.05","$2.99","64.88%"
"210000036857","043182001014","","","","Native Forest Coconut Milk Powder 5.25oz","3","$10.35","$3.45","$5.29","34.78%"
"210000037097","817335042144","","","","VerMints Ginger Mint Org","6","$13.20","$2.20","$3.39","35.1%"
"210000037149","697658101076","","","","Manitoba Harvest Hemp Seeds Hearts 7 oz Org","4","$21.68","$5.42","$11.59","53.24%"
"210000037173","851278001097","","","","Zellie's Gum Cinnamon w/xylitol 100 pcs","11","$97.24","$8.84","$13.49","34.47%"
"210000037181","736210010392","","","","sunflower mammoth seeds","4","$4.20","$1.05","$2.99","64.88%"
"210000037817","733739070166","","","","pine nuts OG 8oz NOW FOODS","3","$38.16","$12.72","$18.99","33.02%"
"210000037996","012511406004","","","","Wholesome Sweeteners Sugar Org FTC 32 oz","2","$12.24","$6.12","$9.49","35.51%"
"210000038410","089125210303","","","","Ancient Harvest Green Lentil & Quinoa Penne Pow","5","$19.65","$3.93","$6.19","36.51%"
"210000038630","733739064103","","","","agar powder 2oz NOW FOODS","3","$17.97","$5.99","$9.99","40.04%"
"210000038656","708953601069","","","","Lotus Foods Ramen Buckwheat Mushroom  Single K","4","$7.76","$1.94","$2.99","35.12%"
"210000038788","710282930062","","","","Coombs Maple Sugar 6oz","6","$27.96","$4.66","$7.19","35.19%"
"210000038951","815369012287","","","","Cadia Vegetable Broth LS Org 32 oz","8","$18.64","$2.33","$3.69","36.86%"
"210000039024","810165019065","","","","Yum Earth  Licorice Strawberry GF","8","$29.08","$3.64","$5.99","39.32%"
"210000039026","810165019041","","","","Yum Earth  Licorice Pomegranate GF","6","$22.68","$3.78","$5.99","36.89%"
"210000039082","815369010467","","","815369010450","Cadia Chicken Broth Org 32 oz","4","$9.32","$2.33","$3.69","36.86%"
"210000039084","815369012140","","","","Cadia Cookies Maple Org","5","$18.40","$3.68","$6.19","40.55%"
"210000039086","850403000295","","","","Namaste GF Fudge Brownie Mix Org","4","$22.56","$5.64","$10.89","48.21%"
"210000039100","043182008693","","","","Native Forest JackFruit Org","5","$18.00","$3.60","$5.69","36.73%"
"210000039146","084253246262","","","","Imagine Wild Mushroom Gravy","2","$4.60","$2.30","$3.49","34.1%"
"210000039279","073214007400","","","","Jeff's Naturals sliced Jalapenos","5","$13.75","$2.75","$4.19","34.37%"
"210000039281","043182005296","","","","Let's Do Organic Corn Starch","3","$7.44","$2.48","$4.59","45.97%"
"210000039320","799210555515","","","","Bionaturae Spaghetti Org U","4","$10.36","$2.59","$4.29","39.63%"
"210000039501","815369016247","","","","Cadia Salsa Hot Org 16 oz","8","$21.28","$2.66","$5.19","48.75%"
"210000039509","829696000701","","","","Wild Planet Skipjack Light Tuna","14","$45.36","$3.24","$4.99","35.07%"
"210000039511","829696001203","","","","Wild Planet White Anchovies W/ olive oil","7","$18.34","$2.62","$3.99","34.34%"
"210000039579","851278001035","","","","Zellie's Gum Spearmint w/xylitol 100 pcs","18","$159.12","$8.84","$13.49","34.47%"
"210000039587","815369010092","","","","Cadia Tomato Sauce Org 15 oz","3","$5.79","$1.93","$2.99","35.45%"
"210000039633","052603056076","","","","Pacific  Chicken Bone Broth 32 oz Org","14","$86.38","$6.17","$9.59","35.66%"
"210000039661","736210030888","","","","pepper sweet cali wonder orange","5","$6.15","$1.23","$3.49","64.76%"
"210000039677","815369010085","","","","Cadia Tomato Paste Org 6 oz","5","$5.95","$1.19","$1.89","37.04%"
"210000039679","815369010429","","","","Cadia  Maple Syrup Org Dark Robust 12oz","6","$45.96","$7.66","$11.89","35.58%"
"210000039681","815369010665","","","","Cadia Tuna Albacore NS 5 oz","4","$10.64","$2.66","$4.19","36.52%"
"210000039683","815369010658","","","","Cadia Tuna Albacore 5 oz","7","$17.51","$2.50","$3.89","35.7%"
"210000039704","058449162070","","","","Nature's Path  Granola Love Crunch Choc/Peanut Butter","6","$29.52","$4.92","$7.59","35.18%"
"210000039769","815369011815","","","","Cadia Mayonnaise Org 32oz","2","$15.32","$7.66","$11.79","35.03%"
"210000039809","815369013475","","","","Cadia Chia Seeds Black Org 12 oz","8","$34.64","$4.33","$6.69","35.28%"
"210000039892","815369012799","","815369019842","","Cadia Pasta Farfalle Org","12","$27.96","$2.33","$3.59","35.1%"
"210000039894","815369012775","","815369019880","","Cadia Pasta Spaghetti Org 16 oz","7","$16.31","$2.33","$3.59","35.1%"
"210000039914","043182003926","","","","Edward & Sons Bouillon Not-Beef","12","$26.64","$2.22","$3.39","34.51%"
"210000039924","","","","","Frankferd Farms Alfalfa Seeds 1# Org","2","$29.32","$14.66","$19.99","26.66%"
"210000039950","850403000509","","","","Namaste GF Egg Replacer 12 oz","4","$28.72","$7.18","$10.99","34.67%"
"210000040087","012511466411","","","","Wholesome Sweeteners Sugar Org Fair Trade 64 oz","3","$23.52","$7.84","$12.99","39.65%"
"210000040182","829696000718","","","","Wild Planet Skipjack Light Tuna NS","8","$25.92","$3.24","$4.99","35.07%"
"210000040227","736210020353","","","","cosmos sensation seeds","5","$6.15","$1.23","$3.49","64.76%"
"210000040229","736210011566","","","","lavender tall english","5","$4.75","$0.95","$2.69","64.68%"
"210000040288","089125250408","","","","Ancient Harvest Quinoa/Lentil Spaghetti GF U","5","$21.55","$4.31","$5.99","28.05%"
"210000040314","728060100088","","","","Celtic Sea Salt Light Gray 1lb Pouch","6","$26.22","$4.37","$8.19","46.64%"
"210000040381","815369011310","","","","Cadia Mayonnaise Org 16 oz","3","$12.99","$4.33","$6.69","35.28%"
"210000040393","815369010788","","","","Cadia Pasta Brown Rice Elbows GF","5","$9.55","$1.91","$3.69","48.24%"
"210000040395","815369012133","","","","Cadia Mustard Dijon Org 8oz","3","$5.97","$1.99","$2.99","33.44%"
"210000040421","716270001882","","","","Chocolove Extreme Dark Chocolate 88% 3.2 oz","16","$49.76","$3.11","$4.79","35.07%"
"210000040425","716270040010","","","","Chocolove Salted Almond Butter Dark Chocolate 55% 3.2 oz","5","$15.55","$3.11","$4.79","35.07%"
"210000040449","815369010689","","","","Cadia Tuna Tongol Lt NS 5 oz","9","$17.01","$1.89","$2.89","34.6%"
"210000040457","815369010672","","","","Cadia Tuna Tongol 5 oz","6","$11.94","$1.99","$2.99","33.44%"
"210000040459","815369013567","","","","Cadia Mustard Yellow Squeeze Org 14oz","4","$8.76","$2.19","$3.39","35.4%"
"210000040653","815369016223","","","","Cadia Salsa  Mild 16 oz","4","$13.32","$3.33","$5.19","35.84%"
"210000040847","736210078026","","","","broccoli sprouts seeds","5","$12.90","$2.58","$6.49","60.25%"
"210000040877","815421013139","","","","Jovial Beans Borlotti   13 Oz. U","6","$19.38","$3.23","$4.39","26.42%"
"210000040879","815421013122","","","","Jovial Beans Chickpeas Org.  13 Oz. U","11","$35.53","$3.23","$4.99","35.27%"
"210000040881","815421011289","","","","Jovial GF Brown Rice Farfalle K","4","$14.60","$3.65","$5.69","35.85%"
"210000041023","728060104086","","","","Celtic Sea Salt  Light Gray 3 oz  w/Grinder","4","$25.80","$6.45","$9.99","35.44%"
"210000041049","815421014204","","","","Jovial  Flour  Einkorn Whole Wheat 32 oz","2","$14.46","$7.23","$11.19","35.39%"
"210000041099","856481003180","","","","Lily's Dark Chocolate Chips Stevia Sweetened","9","$50.13","$5.57","$9.99","44.24%"
"210000041174","728060107100","","","","Celtic Sea Salt  Light Gray  Shaker 8 oz","4","$16.36","$4.09","$8.99","54.51%"
"210000041260","089125260308","","","","Ancient Harvest Red Lentil & Quinoa Rotini Pow","6","$23.58","$3.93","$5.99","34.39%"
"210000041342","074305006104","","","","Bragg Coconut Liquid Aminos 10oz","11","$62.81","$5.71","$8.99","36.48%"
"210000041361","733739069436","","","","stevia powder organic 4oz NOW FOODS","2","$32.38","$16.19","$27.89","41.95%"
"210000041363","733739069603","","","","stevia powder organic 1oz NOW FOODS","3","$16.17","$5.39","$8.99","40.04%"
"210000041395","700360003122","","","","maitake mushrooms dried OG .5oz Mycological","3","$9.54","$3.18","$4.89","34.97%"
"210000041397","700360003177","","","","shiitake dried .5oz","3","$7.65","$2.55","$3.99","36.09%"
"210000041399","700360003061","","","","porcini mushrooms dried OG .5oz Mycological","5","$23.00","$4.60","$6.99","34.19%"
"210000041401","700360002125","","","","maitake mushrooms dried OG 1oz Mycological","2","$9.20","$4.60","$6.99","34.19%"
"210000041403","700360002064","","","","porcini mushrooms dried OG 1oz Mycological","4","$31.40","$7.85","$11.99","34.53%"
"210000041405","700360002170","","","","shiitake mushrooms dried sliced OG 1oz Mycological","6","$23.10","$3.85","$5.99","35.73%"
"210000041407","700360006185","","","","stir-fry mushrooms dried OG .75oz Terra Dolce","1","$3.73","$3.73","$5.79","35.58%"
"210000041409","700360006215","","","","wood ear mushrooms dried OG .75oz","2","$6.40","$3.20","$4.99","35.87%"
"210000041421","039978029744","","","","Bob's Rice Flour Brown Org","1","$5.53","$5.53","$8.59","35.62%"
"210000041439","894873002533","","","","Frankferd Farms Flour Brown Rice 2# Organic","2","$8.62","$4.31","$6.29","31.48%"
"210000041441","894873002373","","","","Frankferd Farm Buckwheat Flour 2# Org","1","$5.19","$5.19","$7.99","35.04%"
"210000041443","","","","","Frankferd Farm Buckwheat Toasted Hulled (KASHA) 1# Org","3","$12.78","$4.26","$6.49","34.36%"
"210000041453","024182002188","","","","Eden Wasabi .88 oz","6","$28.26","$4.71","$6.99","32.62%"
"210000041574","899587003197","","","","Raw Revolution Glo Chocolate Chip Cookie Dough","10","$21.00","$2.10","$3.29","36.17%"
"210000041634","879884000525","","","","Blue Mountain Almond Butter Raw Org Sprouted 16 oz","3","$23.43","$7.81","$14.79","47.19%"
"210000041640","043182002103","","","","Let's Do Organic Coconut Cream Heavy 13.5 oz","25","$75.25","$3.01","$4.29","29.84%"
"210000041652","024182002553","","","","Eden Beans Navy  15 Oz. K","5","$11.60","$2.32","$3.69","37.13%"
"210000041780","736210060649","","","","catnip OG seeds","5","$5.25","$1.05","$2.99","64.88%"
"210000041782","736210060816","","","","chamomile OG seeds","4","$4.92","$1.23","$3.49","64.76%"
"210000041786","736210030529","","","","butterhead buttercrunch lettuce seeds","5","$5.25","$1.05","$2.99","64.88%"
"210000041788","736210012853","","","","marigold french naughty marietta","5","$4.75","$0.95","$2.69","64.68%"
"210000041790","736210020421","","","","calendula resina seeds","4","$4.20","$1.05","$2.99","64.88%"
"210000041834","736210020124","","","","amaranth burgundy seeds","5","$4.75","$0.95","$2.69","64.68%"
"210000041838","736210020636","","","","milkweed common seeds","5","$6.15","$1.23","$3.49","64.76%"
"210000041846","736210020278","","","","sunflower lemon queen seeds","5","$6.15","$1.23","$3.49","64.76%"
"210000041860","736210001314","","","","mustard red giant seeds","5","$4.75","$0.95","$2.69","64.68%"
"210000041935","628451868057","","","","Chickapea ChickPeas &  Yelllow Peas Shells 8 oz","8","$24.36","$3.05","$5.39","43.51%"
"210000041949","042272005475","","","","Amy's Soup Vegetable Southwestern","7","$25.90","$3.70","$5.79","36.1%"
"210000042031","879884003533","","","","Blue Mountain Org Raw European Almond Butter","4","$40.36","$10.09","$16.99","40.61%"
"210000042039","073214007455","","","","Jeff's Naturals Castelvetrano Olives Pitted U","8","$44.24","$5.53","$8.49","34.86%"
"210000042084","039978009180","","039978039187","","Bob's  Cornmeal Med Org","3","$10.44","$3.48","$5.39","35.44%"
"210000042228","897988000531","","","","Heavenly Organics Dark Chocolate Honey Pattie","10","$3.10","$0.31","$0.49","36.73%"
"210000042636","728060107209","","","","Celtic Sea Salt Fine Ground 8 oz Shaker","3","$23.07","$7.69","$11.89","35.32%"
"210000042652","858631002043","","","","ManukaGuard Honey Medical Grade 12+ 8.8 oz","2","$59.98","$29.99","$49.99","40.01%"
"210000042674","856069005124","","","","Simple Mills Cracker Almond Rosemary & Salt GF","6","$18.42","$3.07","$5.89","47.88%"
"210000042707","897988012053","","","","Heavenly Organics Honey Pattie Peppermint Bags","3","$12.39","$4.13","$6.99","40.92%"
"210000042713","897988000319","","","","Heavenly Organics Honey Pattie Peppermint 3 Pack","12","$12.36","$1.03","$1.89","45.5%"
"210000042717","897988000364","","","","Heavenly Organics Honey Pattie Double Dark Chocolate 3 Pack","18","$18.42","$1.02","$1.89","45.86%"
"210000042775","011206004198","","","","Wizard Worcestershire Sauce 8.5 oz GF","10","$59.30","$5.93","$8.99","34.04%"
"210000042797","879884003694","","","","Blue Mountain Org European Raw Almond Butter Sprouted 16 oz","5","$68.45","$13.69","$22.99","40.45%"
"210000043029","042272006694","","","","Amy's Organic Soups - Quinoa, Kale & Red Lentil","5","$18.50","$3.70","$5.69","34.97%"
"210000043094","","","","","Frankferd Farms No-Salt Dry-Roasted Runner Peanuts Org 16oz","5","$18.85","$3.77","$5.79","34.89%"
"210000043135","879884001911","","","","Blue Mountain Cashew Butter","4","$30.68","$7.67","$12.99","40.95%"
"210000043181","692752108808","","","","Nutiva Coconut Oil Liquid Org 8 oz","6","$66.30","$11.05","$16.99","34.96%"
"210000043207","024182000573","","","","Eden Apple Sauce w/Strawberries","9","$56.34","$6.26","$8.99","30.37%"
"210000043277","018788101406","","","","Real Salt Shaker Kosher 10 oz","7","$33.11","$4.73","$7.29","35.12%"
"210000043295","692752108884","","","","Nutiva MCT Oil From Coconut Org 16 oz","2","$35.00","$17.50","$26.49","33.94%"
"210000043311","700360007144","","","","chipotle dried chili peppers OG 2oz","2","$7.50","$3.75","$5.89","36.33%"
"210000043317","700360003139","","","","oyster mushrooms dried OG.5oz Mycological","3","$7.65","$2.55","$3.99","36.09%"
"210000043409","098308002802","","","","Better Than Bouillon Organic Chicken Base Bouillon 8 oz","4","$23.28","$5.82","$8.99","35.26%"
"210000043450","039978034533","","","","Bob's Baking Flour 1 to 1  GF 22 oz","1","$4.54","$4.54","$6.99","35.05%"
"210000043486","803813041051","","","","Sunfood Org Black Botija Olives 8oz","5","$63.80","$12.76","$17.99","29.07%"
"210000043504","803813101182","","","","Sunfood Org Black Maca Powder 4 oz","4","$20.72","$5.18","$9.99","48.15%"
"210000043532","","","","","Frankferd Farm Buckwheat Raw Hulled Groats 1# Org","3","$11.13","$3.71","$5.79","35.92%"
"210000043615","893470001604","","","","Andean Dream Quinoa Orzo GF Org","4","$15.24","$3.81","$5.89","35.31%"
"210000043620","893470001222","","","","Andean Dream Quinoa Fusilli GF Org","6","$22.56","$3.76","$5.89","36.16%"
"210000043640","073230008511","","","","Crown Prince Smoked Oysters 3 oz","5","$15.45","$3.09","$5.49","43.72%"
"210000043668","039978039378","","","","Bob's Flaxseed Meal Org 16 oz","5","$22.90","$4.58","$6.99","34.48%"
"210000043670","039978029362","","","","Bob's Flaxseed Brown Org 13 oz","3","$8.82","$2.94","$4.59","35.95%"
"210000043760","787420501170","","","","Sjaaks Chocolate Stocking w/Almond  Butter","4","$20.68","$5.17","$6.45","19.84%"
"210000043772","858847000871","","","","Navitas Cacao Powder Org 8oz","7","$54.88","$7.84","$12.59","37.73%"
"210000043840","799210980034","","","","Bionaturae Tomato Crushed Org 28.2 oz U","14","$55.16","$3.94","$5.99","34.22%"
"210000043857","863852000044","","","","Swoffle Gluten Free Stroopwafels Vanilla Org","25","$29.96","$1.20","$1.99","39.78%"
"210000043966","039978053817","","","","Bob's  Almond Flour Blanched Finely Ground/Super Fine GF 16 oz","4","$35.84","$8.96","$13.89","35.49%"
"210000044009","736210061332","","","","basil lemon OG seeds","5","$4.75","$0.95","$2.69","64.68%"
"210000044017","736210061356","","","","tarragon mexican seeds","5","$7.90","$1.58","$4.49","64.81%"
"210000044019","736210020094","","","","calendula zeolights seeds","5","$5.25","$1.05","$2.99","64.88%"
"210000044023","736210020483","","","","hollyhock outhouse seeds","5","$6.15","$1.23","$3.49","64.76%"
"210000044025","736210020360","","","","larkspur blue seeds","5","$5.25","$1.05","$2.99","64.88%"
"210000044041","736210030048","","","","corn sweet true gold seeds","5","$7.90","$1.58","$4.49","64.81%"
"210000044045","736210031236","","","","cucumber marketmore OG seeds","5","$6.15","$1.23","$3.49","64.76%"
"210000044067","736210031137","","","","pumpkin howden seeds","5","$7.90","$1.58","$4.49","64.81%"
"210000044073","736210031694","","","","tomato cherry artisan seeds","5","$6.15","$1.23","$3.49","64.76%"
"210000044081","736210031311","","","","watermelon sugarbaby","5","$6.15","$1.23","$3.49","64.76%"
"210000044085","736210076060","","","","Cover crop buckwheat LARGE PKT Seeds","5","$10.50","$2.10","$5.99","64.94%"
"210000044087","736210076091","","","","Cover crop soil builder LARGE PKT Seeds","5","$10.50","$2.10","$5.99","64.94%"
"210000044095","736210077517","","","","cilantro/coriander LARGE PKT seeds","5","$10.50","$2.10","$5.99","64.94%"
"210000044137","043182002073","","","","Native Forest Coconut Cream Heavy 5.4","8","$10.56","$1.32","$2.39","44.77%"
"210000044203","810165019003","","","","Yum Earth Licorice Black GF","9","$36.30","$4.03","$6.99","42.3%"
"210000044264","813551002306","","","","Koyo Ramen Garlic Pepper Low Sodium U","13","$11.47","$0.88","$2.19","59.71%"
"210000044294","042272005833","","","","Amy's Soup Lentil LS GF","2","$7.40","$3.70","$5.69","34.97%"
"210000044398","4018722100133","","","","Berlin Alb Gold Vermicelli Suppennudeln White Spelt EggThin Soup Noodles","4","$17.56","$4.39","$6.39","31.3%"
"210000044448","891756000433","","","","Maya Kaimal Everyday Dal Red Lentil + Butternut Squash + Coconut","5","$16.10","$3.22","$4.99","35.47%"
"210000044496","736210020445","","","","echinacea purple coneflower seeds","5","$5.25","$1.05","$2.99","64.88%"
"210000044578","736210078132","","","","salad mix sprouts seeds LARGE","10","$21.00","$2.10","$5.99","64.94%"
"210000044580","736210070099","","","","bring home the butterflies seed mix LARGE","5","$11.40","$2.28","$6.49","64.87%"
"210000044658","716270001301","","","","Chocolove Milk Chocolate 3.2 oz","6","$18.66","$3.11","$4.79","35.07%"
"210000044777","4018722344681","","","","Berlin Alb Gold Spaghetti White Org","4","$20.76","$5.19","$7.99","35.04%"
"210000044858","043182003933","","","","Edward & Sons Bouillon Garden Vegetable K","1","$1.82","$1.82","$3.29","44.68%"
"210000044870","858010005580","","","","Tony's Chocolonely Milk Chocolate 6 oz","18","$75.57","$4.20","$6.79","38.17%"
"210000044872","858010005627","","","","Tony's Chocolonely Dark Chocolate 6 oz","11","$57.42","$5.22","$7.89","33.84%"
"210000044962","706173013020","","","","Natural Value Pasta Sauce Tomato Basil Org","13","$38.03","$2.93","$4.59","36.27%"
"210000044984","042563009045","","","","raisins dark chocolate covered OG 8.5oz Woodstock","4","$26.64","$6.66","$8.39","20.62%"
"210000045092","039978029393","","","","Bob's Flaxseed Golden Org 13 oz","4","$12.40","$3.10","$4.79","35.28%"
"210000045110","733739069382","","","","Stevia English Toffee 2oz NOW FOODS","1","$6.47","$6.47","$11.99","46.04%"
"210000045238","851844005023","","","","xylichew spearmint gum 12pcs","17","$19.04","$1.12","$1.99","43.72%"
"210000045240","851844005009","","","","xylichew peppermint gum 12pcs","3","$3.36","$1.12","$1.99","43.72%"
"210000045242","851844005085","","","","xylichew black licorice gum 12pcs","27","$30.24","$1.12","$1.99","43.72%"
"210000045244","851844005313","","","","xylichew black ice mint gum 12pcs","27","$32.25","$1.19","$1.99","39.98%"
"210000045297","023547300525","","","","Emerald Cove Toasted Sushi Nori Org","4","$97.32","$24.33","$29.99","18.87%"
"210000045351","018788102625","","","","Real Salt Pouch 16oz","5","$30.75","$6.15","$10.49","41.37%"
"210000045490","039978013859","","","","Bob's Steel Cut Oats GF Org 24 oz","3","$18.21","$6.07","$9.39","35.36%"
"210000045492","039978013873","","","","Bob's Red Mill Org GF Rolled Oats 32 oz","5","$37.05","$7.41","$11.49","35.51%"
"210000045494","039978013880","","","","Bob's Oat Quick GF Org 28 oz","3","$17.58","$5.86","$11.49","49%"
"210000045498","815369012126","","","","Cadia Mustard Whole Grain Org 8oz","3","$5.97","$1.99","$2.99","33.44%"
"210000045542","856293003248","","","","Tree Hugger Bubblegum  Citrus Berry","7","$13.86","$1.98","$3.19","37.93%"
"210000045546","817335042137","","","","VerMints Wintergreen Org","7","$13.66","$1.95","$3.39","42.44%"
"210000045550","899587003241","","","","Raw Revolution Glo Double Chocolate Brownie Batter","10","$20.70","$2.07","$2.89","28.37%"
"210000045554","047495112900","","","","fig bar blueberry single natures bakery","12","$11.40","$0.95","$1.39","31.65%"
"210000045682","891756000440","","","","Maya Kaimal Everyday Dal Black Lentil +  Tomato + Cumin","7","$21.73","$3.10","$4.99","37.79%"
"210000045727","039978029560","","","","Bob's Oatmeal Scottish Org. 20 oz U","3","$15.39","$5.13","$7.89","34.98%"
"210000045834","039978024527","","","","Bob's All Purpose Baking Flour GF","2","$6.92","$3.46","$5.89","41.26%"
"210000045864","829262000968","","","","Bobo's Oat Bar Stuffed Chocolate Almond","10","$18.90","$1.89","$2.99","36.79%"
"210000045866","675625371073","","","","One Degree Sprouted Rolled Oats Org GF","3","$17.25","$5.75","$7.99","28.04%"
"210000045868","675625373077","","","","One Degree Sprouted Steel Cut Oats Org GF","2","$9.20","$4.60","$7.99","42.43%"
"210000045870","675625372070","","","","One Degree Sprouted Quick Oats Org GF","4","$18.40","$4.60","$8.89","48.26%"
"210000045941","058449189084","","","","Nature's Path Cereal Golden Turmeric Flakes","4","$18.04","$4.51","$6.99","35.48%"
"210000046074","035742222359","","","","Health Valley Chicken Noodle Soup 15oz Org NS","4","$14.56","$3.64","$5.59","34.88%"
"210000046184","728060901012","","","","Celtic Sea Salt Makai Deep Sea 8 oz","4","$42.15","$10.54","$12.99","18.88%"
"210000046204","646628000239","","","646628000024","Maskal Teff Grain Brown","4","$20.16","$5.04","$7.49","32.71%"
"210000046206","854273005183","","","","Ellyndale Organic Sesame Oil 8.45oz","7","$35.63","$5.09","$7.89","35.49%"
"210000046214","728060100118","","","","Celtic Sea Salt Fine Ground 16 oz","8","$64.98","$8.12","$14.49","43.94%"
"210000046375","859392005229","","","","Thunderbird Bar Hazelnut + Coffee + Maca","10","$17.60","$1.76","$2.69","34.57%"
"210000046423","043182002059","","","","Let's Do Organic Coconut Milk Sweetened Condensed 7.4 oz","1","$3.46","$3.46","$5.39","35.81%"
"210000046714","891756000457","","","","Maya Kaimal Green Split Pea+  Spinach + Coconut","3","$9.66","$3.22","$4.99","35.47%"
"210000046819","879026031004","","","","Bono Castelvetrano Olives Pitted 5.3 oz","12","$49.92","$4.16","$6.39","34.9%"
"210000046863","854273005107","","","","Ellyndale Almond Oil 16.9oz NOW FOODS","6","$41.58","$6.93","$10.99","36.94%"
"210000046887","757645021524","","","","Newman-O's Vanilla Creme Cookie 13oz","4","$18.48","$4.62","$7.19","35.74%"
"210000047070","736210030260","","","","lettuce romaine paris cos seeds","5","$6.15","$1.23","$3.49","64.76%"
"210000047080","736210002892","","","","onion shallot zebrune seeds","4","$4.92","$1.23","$3.49","64.76%"
"210000047104","736210072802","","","","cover crop clover LARGE PKT Seeds","5","$10.50","$2.10","$5.99","64.94%"
"210000047110","736210031007","","","","kale nero toscana lacinato OG seeds","10","$12.30","$1.23","$3.49","64.76%"
"210000047126","736210001635","","","","squash summer scallop seeds","5","$4.75","$0.95","$2.69","64.68%"
"210000047130","736210031601","","","","tomato chocolate cherry seeds","5","$5.25","$1.05","$2.99","64.88%"
"210000047134","736210031069","","","","turnip purple top white globe seeds","5","$4.75","$0.95","$2.69","64.68%"
"210000047146","736210020520","","","","sunflower heirloom beauties seeds","5","$6.15","$1.23","$3.49","64.76%"
"210000047193","","","","","Goodell Maple Nuts Almonds","1","$4.50","$4.50","$6.89","34.69%"
"210000047225","728060104000","","","","Celtic Sea Salt  Coarse Light Gray Pouch 8 oz","6","$16.20","$2.70","$4.99","45.89%"
"210000047253","047495710014","","","","Nature's Bakery Fig Bar Blueberry GF","1","$0.88","$0.88","$1.39","36.69%"
"210000047543","736210031328","","","","beets gourmet blend seeds","5","$6.15","$1.23","$3.49","64.76%"
"210000047567","736210070051","","","","shade flower mix LARGE","5","$11.40","$2.28","$6.49","64.87%"
"210000047689","898392005198","","","","Wildly Organic Cacao Nibs Fermented","3","$25.53","$8.51","$12.99","34.49%"
"210000047724","733739067241","","","","sesame sticks garlic 9oz NOW FOODS","2","$6.66","$3.33","$4.69","29%"
"210000047726","733739067593","","","","sesame sticks whole wheat 9oz NOW FOODS","4","$13.32","$3.33","$4.69","29%"
"210000047925","736210072055","","","","sunflower florist's sunny bouquet LARGE","5","$11.40","$2.28","$6.49","64.87%"
"210000048027","","","","","Frankferd Farms Dahl Split Yellow Mung Beans  1# Org","2","$8.56","$4.28","$6.59","35.05%"
"210000048129","767963013781","","","","Starwest Botanicals Irish Moss/ Sea Moss C/S Org 1lb.","1","$23.75","$23.75","$36.79","35.44%"
"210000048143","859392005359","","","","Thunderbird Bar Chocolate Coconut Cashew","13","$22.88","$1.76","$2.69","34.57%"
"210000048152","023547916313","","","","Emerald Cove Arame Pacific 1.76 oz.","2","$16.90","$8.45","$13.99","39.6%"
"210000048276","859392005342","","","","Thunderbird Bar Chocolate  Almond Butter Sea Salt","3","$5.28","$1.76","$2.69","34.57%"
"210000048337","867905000074","","","","Louisville Vegan Jerky Carolina BBQ 3oz","8","$38.72","$4.84","$7.49","35.38%"
"210000048504","039978043818","","","","Bob's  Almond Flour Blanched Finely Ground/Super Fine GF 2 lb bb 12/20/25","1","$12.95","$12.95","$13.50","4.07%"
"210000048520","085696609102","","","","Mori-Nu Silken Tofu Soft Org 12.oz","12","$29.04","$2.42","$3.79","36.15%"
"210000048526","023547222032","","","","Emperor's Kitchen Umeboshi Paste 6oz","1","$8.90","$8.90","$9.99","10.91%"
"210000048584","861555000118","","","","4th & Heart Ghee Original 9 oz","4","$40.04","$10.01","$14.99","33.22%"
"210000048586","851844005047","","","","xylichew cinnamon gum 12pcs","35","$38.87","$1.11","$1.99","44.19%"
"210000048819","628451868620","","","","Chickapea Pasta Dish Jalapeno Cheddar","4","$16.52","$4.13","$6.39","35.37%"
"210000048874","728060105007","","","","Celtic Sea Salt Fine Ground  8 oz","5","$21.35","$4.27","$7.99","46.56%"
"210000049277","039978049407","","","","Bob's Flaxseed Meal Golden Org 16 oz","3","$14.43","$4.81","$7.49","35.78%"
"210000049302","859750003294","","","","pineapple dried OG 2oz mavuno","4","$10.16","$2.54","$4.29","40.79%"
"210000049350","898392004641","","","","Wildly Organic Cacao Powder Fermented 8 oz","5","$41.20","$8.24","$12.49","34.03%"
"210000049354","039978113139","","","","Bob's Rye Flour Org","4","$12.40","$3.10","$4.79","35.28%"
"210000049476","858847000680","","","","Navitas Cacao Nibs Org 8oz","3","$25.08","$8.36","$12.99","35.64%"
"210000049541","858010005702","","","","Tony's Chocolonely Milk Chocolate Hazelnut 6 oz","7","$24.08","$3.44","$6.59","47.8%"
"210000049549","3032228113221","039978113221","","","Bob's Red Mill Vital Wheat Gluten","4","$28.24","$7.06","$10.89","35.17%"
"210000049657","018788103806","","","","Real Salt Coarse Sea Salt Pouch 16oz","2","$12.28","$6.14","$9.99","38.54%"
"210000049882","858010005603","","","","Tony's Chocolonely Milk Chocolate w/ Caramel & Sea Salt6 oz","12","$52.20","$4.35","$6.79","35.94%"
"210000049922","898392005204","","","","Wildly Organic Chocolate Syrup","6","$51.78","$8.63","$13.39","35.55%"
"210000049923","765299031042","","","","Maple Valley Organic Maple Sugar 5oz Glass Jar","10","$63.90","$6.39","$9.69","34.06%"
"210000049927","765299000062","","","","Maple Valley Organic Maple Candy","1","$3.99","$3.99","$5.29","24.57%"
"210000049933","815369012676","","","","Cadia Raisin Bran Cereal","3","$11.58","$3.86","$5.99","35.56%"
"210000049958","725342269266","","","","Muir Glen Diced Tomatoes Fire Roasted NS 14.5oz","7","$19.11","$2.73","$4.19","34.84%"
"210000050045","","","","","Frankferd Farms Pancake Mix 7 Grain Org 32 oz","3","$12.18","$4.06","$6.29","35.45%"
"210000050057","736210020391","","","","pollinator mix seeds","5","$7.90","$1.58","$4.49","64.81%"
"210000050067","736210020537","","","","love in a mist seeds","5","$6.15","$1.23","$3.49","64.76%"
"210000050079","736210020049","","","","zinnia giant purple seeds","5","$6.15","$1.23","$3.49","64.76%"
"210000050081","736210070181","","","","fairy meadow mix seeds LARGE","5","$11.40","$2.28","$6.49","64.87%"
"210000050139","736210001840","","","","pepper ancho poblano seeds","5","$4.75","$0.95","$2.69","64.68%"
"210000050275","024182000856","","","","Eden Umeboshi Plum Balls 2.28oz","1","$21.59","$21.59","$23.50","8.13%"
"210000050277","815421011296","","","","Jovial GF Brown Rice Shells K","9","$36.18","$4.02","$6.19","35.06%"
"210000050360","857360004403","","","","Element Rice Cakes Dark Chocolate Dipped","7","$26.24","$3.75","$5.99","37.42%"
"210000050475","843076000228","","","","Lakanto Monkfruit Sweetener with Erythritol  1pound","9","$58.71","$6.52","$10.99","40.64%"
"210000050487","850180006060","","","","Hu Chocolate Hazelnut Butter Bar","1","$4.13","$4.13","$6.39","35.37%"
"210000050512","024182120615","","","024182120615","Eden Hacho Miso","5","$34.65","$6.93","$10.69","35.17%"
"210000050534","868335000306","","","","all seed sesame flats GF 4.8oz ella's","8","$38.16","$4.77","$7.99","40.3%"
"210000050697","850180006053","","","","Hu Chocolate Salty Dark 70% Bar","13","$53.69","$4.13","$6.39","35.37%"
"210000051053","856069005582","","","","Simple Mills Pita Cracker Himalayan Salt GF","5","$15.35","$3.07","$5.89","47.88%"
"210000051176","043182002066","","","","Native Forest Coconut Milk Pure & Simple Org","12","$38.28","$3.19","$4.99","36.07%"
"210000051285","767963115409","","","","Starwest Botanicals Bladderwrack powder OG","1","$8.50","$8.50","$12.99","34.57%"
"210000051354","620133003091","","","","Kinnikinnick Graham Crackers S'morables GF","3","$8.16","$2.72","$4.49","39.42%"
"210000051382","856516002331","","","","Mamma Chia Black Chia Seeds Org. 12 oz","5","$27.85","$5.57","$8.59","35.16%"
"210000051402","815369013611","","","","Cadia Extra Virgin Olive Oil Org Mediterrean 500 ml","6","$45.96","$7.66","$11.99","36.11%"
"210000051404","819019020110","","","","Olyra Cinnamon Tahini Biscuits Org","10","$31.08","$3.11","$5.59","44.4%"
"210000051417","725342488100","","","","Muir Glen  Salsa Black Bean & Corn","10","$45.30","$4.53","$6.99","35.19%"
"210000051449","675625359064","","","","One Degree Sprouted Granola Quinoa Cacao","6","$28.74","$4.79","$7.49","36.05%"
"210000051506","850180006008","","","","Hu Chocolate Almond Butter w/ Quinoa Bar","7","$28.91","$4.13","$6.39","35.37%"
"210000051512","073416197749","","","","Lundberg Rice  Long Grain  White 32 oz","5","$31.15","$6.23","$9.69","35.71%"
"210000051522","859480006633","","","","Safe Catch Sardines W/ olive oil","12","$29.88","$2.49","$3.49","28.65%"
"210000051524","859480006763","","","","Safe Catch Sardines W/ water","5","$10.40","$2.08","$3.49","40.4%"
"210000051555","813724024654","","","","Watkins Rainbow Sprinkles","8","$29.80","$3.73","$5.49","32.15%"
"210000051592","891756000600","","","","Maya Kaimal Green Garbanzos +  Corn + Coriander","6","$19.32","$3.22","$4.99","35.47%"
"210000051612","819019020134","","","","Olyra Hazelnut Carob Biscuits Org","1","$4.47","$4.47","$5.99","25.38%"
"210000051614","819019020158","","","","Olyra Anise Fig Biscuits Org","4","$17.88","$4.47","$5.99","25.38%"
"210000051646","858010005948","","","","Tony's Chocolonely Mini Milk Chocolate","58","$22.04","$0.38","$0.69","44.93%"
"210000051648","858010005993","","","","Tony's Chocolonely Mini Milk Chocolate Caramel","50","$19.00","$0.38","$0.59","35.59%"
"210000051669","898392000599","","","","Wildly Organic Coconut Sugar 16 oz","1","$4.94","$4.94","$7.69","35.76%"
"210000051684","891551000492","","","","sesame seeds black OG 12oz foods alive","7","$20.98","$3.00","$7.99","62.49%"
"210000051729","855941007171","","855941007171","","Peaceful Fruits  Fruit Strips Passionfruit","3","$3.21","$1.07","$1.69","36.69%"
"210000051731","861239000144","","861239000144","","Peaceful Fruits  Fruit Strips Strawberry & Acai Org","3","$3.21","$1.07","$1.69","36.69%"
"210000051746","815369014380","","","","Cadia Cranberry Sauce Jellied Org 14voz","8","$17.04","$2.13","$3.29","35.26%"
"210000051752","799210666617","","","","Bionaturae Spaghetti WW Org U","6","$16.62","$2.77","$4.29","35.43%"
"210000051760","855941007119","","","","Peaceful Fruits  Fruit Strips Original Acai","7","$7.49","$1.07","$1.69","36.69%"
"210000051770","089836660329","","","","cream of tartar .8 oz frontier","4","$5.60","$1.40","$2.89","51.56%"
"210000051800","858061008141","","","","Anthela Pink Himalayan Salt Grinder 3.8 oz","12","$37.44","$3.12","$4.79","34.86%"
"210000051881","893470001208","","","","Andean Dream Quinoa Spaghetti GF Org","4","$15.24","$3.81","$5.29","27.98%"
"210000051930","042272006267","","","","Amy's Mushroom Porcini Bisque Soup","5","$18.50","$3.70","$5.69","34.97%"
"210000052007","863852000006","","","","Swoffle Gluten Free Stroopwafels Caramel Org","5","$5.95","$1.19","$1.99","40.2%"
"210000052174","858010005436","","","","Tony's Chocolonely Milk Chocolate Honey Almond Nougat 6 oz exp 1/29/26","18","$64.65","$3.59","$5.00","28.17%"
"210000052275","856261006790","","","","Solely Fruit Jerky Mango Chii & Salt Org","7","$8.61","$1.23","$1.99","38.19%"
"210000052296","894873002045","","","","Frankferd Farms Pancake Buckwheat Mix Org 32 oz","4","$16.88","$4.22","$6.59","35.96%"
"210000052369","850008080463","","","","cherries tart dried OG 12oz foods alive","3","$14.70","$4.90","$13.99","64.97%"
"210000052480","700360007199","","","","anaheim dried peppers OG 2oz","1","$2.85","$2.85","$4.39","35.08%"
"210000052484","815369019873","","","","Cadia Pasta Linguine  Org","4","$9.32","$2.33","$3.59","35.1%"
"210000052500","736210030284","","","","beet touchstone gold OG seeds","5","$8.75","$1.75","$4.99","64.93%"
"210000052504","736210030161","","","","carrot danvers seeds","5","$6.15","$1.23","$3.49","64.76%"
"210000052510","736210030802","","","","pepper sweet banana OG seeds","5","$5.25","$1.05","$2.99","64.88%"
"210000052512","736210030642","","","","tomatillo grande  rio verde  OG seeds","4","$4.20","$1.05","$2.99","64.88%"
"210000052514","736210060120","","","","wild bergamot seeds","4","$4.20","$1.05","$2.99","64.88%"
"210000052518","736210020476","","","","cleome fountain blend seeds","5","$5.25","$1.05","$2.99","64.88%"
"210000052520","736210020346","","","","cosmos sea shells seeds","5","$6.15","$1.23","$3.49","64.76%"
"210000052522","736210020117","","","","marigold signet gem OG seeds","5","$5.25","$1.05","$2.99","64.88%"
"210000052532","736210070266","","","","edible beauties LARGE","5","$11.40","$2.28","$6.49","64.87%"
"210000052558","850180006077","","","","Hu Chocolate Cashew Butter Vanilla Bar","4","$16.52","$4.13","$6.39","35.37%"
"210000052575","042563013660","","","","Woodstock  Pickle Dill Whole 24 oz","4","$15.32","$3.83","$8.49","54.89%"
"210000052577","042563013653","","","","Woodstock  Pickle Dill Whole Baby 24 oz","3","$11.49","$3.83","$8.39","54.35%"
"210000052579","042563013677","","","","Woodstock  Pickle Dill Sliced 24 oz","4","$21.88","$5.47","$8.49","35.57%"
"210000052635","024182159004","","","","Eden Agar Agar Bars","1","$5.79","$5.79","$5.99","3.34%"
"210000052644","817670012185","","","","Alter Eco Total Blackout 100%  Bar","12","$50.40","$4.20","$6.49","35.29%"
"210000052715","858010005108","","","","Tony's Chocolonely Milk Chocolate w/ Caramel & Sea Salt 1.7 oz","13","$19.76","$1.52","$2.39","36.4%"
"210000052877","866206000233","","","","Undercover Dark Chocolate & Sea Salt Crispy Quinoa","7","$18.27","$2.61","$3.99","34.59%"
"210000052921","736210002083","","","","brussels sprouts long island imroved seeds","5","$4.75","$0.95","$2.69","64.68%"
"210000052931","736210060007","","","","basil cardinal OG seeds","5","$5.25","$1.05","$1.05","0%"
"210000052941","736210076152","","","","lettuce salad bowl LARGE","5","$10.50","$2.10","$5.99","64.94%"
"210000052951","788214000114","","","","Authentic Foods Falafel Mix","6","$33.60","$5.60","$8.99","37.71%"
"210000052979","851618001596","","","","vanilla paste 2oz singing dog","4","$35.96","$8.99","$13.99","35.74%"
"210000053023","813724024692","","","","Watkins Rainbow Sugar","6","$21.18","$3.53","$5.49","35.7%"
"210000053045","726635410419","","","","YS Organic  Royal Jelly/Pollen/Propolis & Ginseng #400","6","$84.24","$14.04","$21.79","35.57%"
"210000053099","815421013108","","","","Jovial Beans Cannellini Org.  13 Oz. U","5","$16.15","$3.23","$4.99","35.27%"
"210000053101","856516002348","","","","Mamma Chia White Chia Seeds Org. 12 oz","7","$40.28","$5.75","$8.59","33.01%"
"210000053144","850180006497","","","","Hu Chocolate Hunks Almond  w/Sea Salt","6","$34.02","$5.67","$8.79","35.49%"
"210000053257","861239000168","","","","Peaceful Fruits  Fruit Strips Mango","6","$6.42","$1.07","$1.69","36.69%"
"210000053315","851769007973","","","","Siete Grain Free  Cookies Mexican Shortbread","11","$35.07","$3.19","$5.39","40.85%"
"210000053317","851769007966","","","","Siete Grain Free  Cookies Mexican Wedding","11","$35.07","$3.19","$5.39","40.85%"
"210000053331","856069005766","","","","Simple Mills Cracker Seed Garlic & Herb GF Org","4","$12.28","$3.07","$5.89","47.88%"
"210000053342","815369010818","","","","Cadia Pasta Fettuccine Brown Rice 16 oz","13","$31.07","$2.39","$3.69","35.23%"
"210000053365","736210060014","","","","marjoram OG seeds","4","$6.32","$1.58","$4.49","64.81%"
"210000053366","024182002867","","","","Eden Green Lentils w/ onion & bay leaf","11","$28.60","$2.60","$3.99","34.84%"
"210000053374","856261006110","","","","Solely Fruit Jerky Mango Org","4","$4.88","$1.22","$1.99","38.69%"
"210000053453","708953641027","","","","Lotus Foods Traditional Pad Thai  Rice Noodles Org 8 oz","6","$22.20","$3.70","$5.69","34.97%"
"210000053761","815369012317","","","","Cadia Seaweed Roasted Teriyaki","4","$5.84","$1.46","$2.29","36.24%"
"210000053790","815369014007","","","","Cadia Seaweed Roasted Salted Org .35 oz","4","$6.64","$1.66","$2.59","35.91%"
"210000053843","039978112842","","","","Bob's Creamy White Corn Grits","1","$3.10","$3.10","$4.79","35.28%"
"210000054127","850403000585","","","","Namaste GF Devil's Food Cake Mix Org","2","$10.52","$5.26","$8.89","40.83%"
"210000054206","879884001188","","","","Blue Mountain Hazelnut Butter  Raw Org Sprouted 16 oz","7","$91.12","$13.02","$21.99","40.8%"
"210000054242","810165019614","","","","Yum Earth  Fruit Chews Org 5 oz","5","$22.70","$4.54","$6.99","35.05%"
"210000054248","851702007169","","","","Kettle & Fire Bone Broth Beef  Low Sodium","2","$7.10","$3.55","$5.49","35.34%"
"210000054250","035742222342","","","","Health Valley Chicken & Rice Soup 15oz Org NS GF","3","$10.92","$3.64","$5.59","34.88%"
"210000054280","736210020070","","","","sunflower evening sun seeds","5","$5.25","$1.05","$2.99","64.88%"
"210000054364","018787505595","","","","Dr. Bronner's Chocolate Bar Coconut Praline","6","$17.70","$2.95","$4.99","40.88%"
"210000054366","018787505786","","","","Dr. Bronner's Chocolate Bar Roasted Hazelnut","10","$34.43","$3.44","$4.99","31%"
"210000054368","018787505687","","","","Dr. Bronner's Chocolate Bar Crispy Hazelnut Butter","7","$21.14","$3.02","$5.99","49.58%"
"210000054370","018787505588","","","","Dr. Bronner's Chocolate Bar Salted Almond Butter","7","$24.43","$3.49","$4.99","30.06%"
"210000054372","018787505793","","","","Dr. Bronner's Chocolate Bar Salted Whole Almond","8","$27.92","$3.49","$5.99","41.74%"
"210000054374","018787505694","","","","Dr. Bronner's Chocolate Bar Dark Salted","13","$58.33","$4.49","$6.99","35.81%"
"210000054535","810165017450","","","","Yum Earth Organic Candy Canes 10 count","4","$23.68","$5.92","$9.19","35.58%"
"210000054556","852469004224","","","","Manuka Doctor Honey Manuka 80+ 8.75 oz (20+)","2","$32.52","$16.26","$24.99","34.93%"
"210000054653","812446030028","","","","A Dozen Cousins Trini Chickpea Curry","5","$13.50","$2.70","$4.29","37.06%"
"210000054661","812446030004","","","","A Dozen Cousins Cuban Black Beans","5","$13.50","$2.70","$4.19","35.56%"
"210000054925","850043074380","","","","Hu Semi Sweet Chocolate Baking Chips 45% Org","3","$21.21","$7.07","$10.89","35.08%"
"210000054941","039047016521","","","","Walkers Shortbread Gingerbread Man","8","$31.44","$3.93","$5.99","34.39%"
"210000054945","047495210002","","","","fig bar apple box nature's bakery","5","$23.70","$4.74","$6.99","32.19%"
"210000054947","047495210019","","","","fig bar blueberry box natures bakery","4","$18.96","$4.74","$6.99","32.19%"
"210000055126","024182000887","","","","blueberries dried OG 4oz eden","4","$45.00","$11.25","$14.00","19.64%"
"210000055139","850036769200","","","","hazelnuts raw OG 4oz pouch boxford bakehouse","1","$3.15","$3.15","$3.95","20.25%"
"210000055143","859056001635","","","","figs white turkish OG 4oz pouch boxford bakehouse","13","$43.05","$3.31","$4.99","33.64%"
"210000055147","850036769668","","","","sunflower seeds roasted salted OG 4oz pouch boxford bakehouse","14","$33.60","$2.40","$3.69","34.96%"
"210000055156","859056001178","","","","apple rings OG 6oz pouch boxford bakehouse","7","$37.95","$5.42","$7.99","32.15%"
"210000055160","859056001383","","","","cranberries OG 8oz pouch boxford bakehouse","2","$9.30","$4.65","$7.29","36.21%"
"210000055164","859056001628","","","","figs white turkish OG 8oz pouch boxford bakehouse","7","$30.45","$4.35","$6.79","35.94%"
"210000055168","850036769101","","","","cashews raw OG 8oz pouch boxford bakehouse","1","$5.95","$5.95","$9.19","35.26%"
"210000055178","011206000947","","","","Edward & Sons Miso-Cup Seaweed  Box U","5","$20.70","$4.14","$6.39","35.21%"
"210000055199","620133003251","","","","Kinnikinnick Vanilla Wafers GF","1","$2.48","$2.48","$3.99","37.84%"
"210000055325","840379101973","","","","Justin's Crispy Peanut Butter Cups Dark Chocolate","7","$13.93","$1.99","$2.99","33.44%"
"210000055343","042563604677","","","","Field Day Pickle  Relish Sweet Org","12","$43.92","$3.66","$5.69","35.68%"
"210000055350","602938538152","","","","Triple Crown  Black Garlic BBQ Sauce Org","1","$5.50","$5.50","$8.99","38.82%"
"210000055370","850024267336","","","","Hu Chocolate Almond Crunch Bar","12","$49.56","$4.13","$6.39","35.37%"
"210000055377","815369016384","","","","Cadia  Vinegar White Wine 16.9 oz Org","9","$29.97","$3.33","$5.19","35.84%"
"210000055379","815369016377","","","","Cadia  Vinegar Red Wine 16.9 oz Org","9","$29.97","$3.33","$5.19","35.84%"
"210000055409","089836185419","","","","Simply Organic Mushroom Sauce Mix","4","$5.56","$1.39","$2.09","33.49%"
"210000055696","736210031168","","","","bean bush jade OG seeds","5","$6.15","$1.23","$3.49","64.76%"
"210000055700","736210030741","","","","beet detroit dark OG seeds","5","$5.25","$1.05","$2.99","64.88%"
"210000055702","736210030314","","","","bok choy baby choi OG seeds","4","$4.20","$1.05","$2.99","64.88%"
"210000055708","736210030796","","","","kale dazzling blue OG seeds","10","$12.30","$1.23","$3.49","64.76%"
"210000055712","736210030253","","","","lettuce black seeded simpson OG seeds","5","$6.15","$1.23","$3.49","64.76%"
"210000055718","736210030789","","","","okra clemson spineless OG seeds","5","$4.75","$0.95","$2.69","64.68%"
"210000055731","736210002489","","","","squash summer max's gold seeds","5","$6.15","$1.23","$3.49","64.76%"
"210000055735","736210031113","","","","squash waltham butternut OG seeds","5","$7.90","$1.58","$4.49","64.81%"
"210000055755","736210060922","","","","sage broadleaf OG seeds","5","$5.25","$1.05","$2.99","64.88%"
"210000055769","736210019029","","","","fairy meadow mix seeds","5","$6.15","$1.23","$3.49","64.76%"
"210000055771","736210020629","","","","hyssop anise seeds","5","$6.15","$1.23","$3.49","64.76%"
"210000055783","736210020544","","","","morning glory pinwheel OG seeds","5","$5.25","$1.05","$2.99","64.88%"
"210000055793","736210020612","","","","snapdragon tall maximum seeds","5","$5.25","$1.05","$2.99","64.88%"
"210000055817","736210075025","","","","zinnia cut and come again seeds LARGE","5","$11.40","$2.28","$6.49","64.87%"
"210000055819","736210078194","","","","sprouts clover LARGE PKT Seeds","5","$10.50","$2.10","$5.99","64.94%"
"210000055821","857682003016","","","","Barnana Bites Chewy Chocolate Org","8","$30.00","$3.75","$4.29","12.59%"
"210000055825","708953509037","","","","Lotus Foods Rice White Jasmine &  Forbidden Org 8 oz","2","$5.42","$2.71","$4.19","35.32%"
"210000055827","840379102284","","","","Justin's Peanut Butter Cups Dark Chocolate Bag","6","$33.18","$5.53","$8.59","35.62%"
"210000055914","850180006756","","","","Hu Chocolate Gems Dark Simple Snacking 9 oz","2","$15.74","$7.87","$12.19","35.44%"
"210000055916","850180006206","","","","Hu Chocolate Quinoa Vanilla Crunch Bar","12","$49.56","$4.13","$6.39","35.37%"
"210000055918","850180006442","","","","Hu Chocolate Cashew Butter + Raspberry Bar","10","$41.30","$4.13","$6.39","35.37%"
"210000055968","859056001017","","","","granola great heart cranberry walnut OG 12oz boxford bakehouse","2","$8.30","$4.15","$6.49","36.06%"
"210000056083","075172079413","","","","Panda Licorice Stick Black","13","$7.67","$0.59","$1.09","45.87%"
"210000056148","854598005233","","","","Funny Farm Goat Cheddar Macaroni & Cheese GF Shells Box","11","$33.29","$3.03","$4.99","39.35%"
"210000056160","850036769477","","","","cashews everything bagel OG 4oz pouch boxford bakehouse","8","$35.60","$4.45","$6.89","35.41%"
"210000056164","850036769637","","","","pumpkin seeds roasted salted OG 4oz pouch boxford bakehouse","10","$32.50","$3.25","$4.99","34.87%"
"210000056166","850036769293","","","","pine nuts raw OG 4oz pouch boxford bakehouse","9","$53.55","$5.95","$8.99","33.82%"
"210000056359","711464015812","","","","Blue Dragon Spring Roll Wrappers","9","$21.96","$2.44","$3.19","23.51%"
"210000056372","850711006033","","","","Emmy's Coconut   Cacao Cookies Org","7","$24.71","$3.53","$5.79","39.03%"
"210000056400","850711006040","","","","Emmy's Coconut   Vanilla Cookies Org","7","$29.61","$4.23","$6.49","34.82%"
"210000056402","817335042175","","","","VerMints Cinnamon Org","7","$12.88","$1.84","$3.39","45.72%"
"210000056423","039978025258","","","","Bob's Potato Starch GF 22oz","3","$12.30","$4.10","$6.29","34.82%"
"210000056433","024182001907","","","","cranberries dried 1oz eden","22","$19.36","$0.88","$1.49","40.94%"
"210000056625","767963013804","","","","Starwest Botanicals Irish Moss/ Sea Moss powder Org 1lb.","1","$22.70","$22.70","$34.99","35.12%"
"210000056764","815369013680","","","","Cadia Tri-color Blend Quinoa Org 16 oz","6","$19.44","$3.24","$5.89","44.99%"
"210000056820","","","","","Frankferd Farms Flour Whole Wheat All-Purpose 2# Organic","1","$4.52","$4.52","$6.49","30.35%"
"210000056840","851844005436","","","","xylichew pomegranate raspberry gum 12pcs","6","$7.62","$1.27","$1.99","36.18%"
"210000056843","860005793105","","","","Let's Date Date Sugar 12 oz Org","6","$33.54","$5.59","$8.69","35.67%"
"210000056845","860005793112","","","","Let's Date Date Syrup 14 oz Org","7","$36.00","$5.14","$7.49","31.34%"
"210000056938","628055758457","","","","Fody Balsamic Ceasar Dressing No Onion No Garlic","9","$33.39","$3.71","$6.49","42.84%"
"210000056956","815369016261","","","","Cadia  Maple Syrup Org Dark Robust 32oz","6","$96.00","$16.00","$24.79","35.46%"
"210000056958","039978501035","","","","Bob's Muesli  18 oz","2","$8.64","$4.32","$6.69","35.43%"
"210000056989","854598005202","","","","Funny Farm Goat Cheddar Macaroni & Cheese  Box","8","$20.24","$2.53","$4.59","44.88%"
"210000057077","058449779032","","","","Nature's  Path Whole O's GF Org 11.5 oz","10","$43.10","$4.31","$6.69","35.58%"
"210000057101","815369014649","","","","Cadia Coconut Milk Light 13.5 oz can","10","$16.60","$1.66","$2.69","38.29%"
"210000057296","683855060216","","","","Timeless Black Butte Chickpeas 14 oz","2","$8.50","$4.25","$6.59","35.51%"
"210000057383","811961022631","","","","Navitas Cacao Butter Wafers Org 8oz","3","$37.32","$12.44","$16.99","26.78%"
"210000057417","039978001146","","","","Bob's Muesli  W/Fruit & Seeds 14 oz U","1","$5.96","$5.96","$8.99","33.7%"
"210000057423","856261006158","","","","Solely Fruit Jerky Banana Cacao Org","10","$14.70","$1.47","$2.29","35.81%"
"210000057425","810091780220","","","","Siete Refried Org Pinto Beans","8","$18.32","$2.29","$3.59","36.21%"
"210000057427","810091780213","","","","Siete Refried Org Black Beans","11","$25.19","$2.29","$3.59","36.21%"
"210000057429","041736084018","","","","Filippo Berio Basil Pesto Org","6","$26.04","$4.34","$6.99","37.91%"
"210000057431","041736046306","","","","Filippo Berio Balsamic Vinegar Org","1","$3.55","$3.55","$7.29","51.3%"
"210000057433","041736074019","","","","Filippo Berio Balsamic Vinegar Glaze Org","2","$10.32","$5.16","$7.99","35.42%"
"210000057449","842638005022","","","","Pascha Chocolate Chips 85% Cacao Org","8","$78.70","$9.84","$15.49","36.49%"
"210000057451","842638005015","","","","Pascha Chocolate Chips 55% Cacao Org","13","$60.73","$4.67","$11.99","61.04%"
"210000057487","810165019416","","","","Yum Earth Sour Giggles Candy 5oz","4","$15.12","$3.78","$5.99","36.89%"
"210000057515","850036769781","","","","cashews cajun OG 4oz pouch boxford bakehouse","4","$14.80","$3.70","$4.60","19.57%"
"210000057523","815369013406","","","","Cadia Carrot Coconut Soup Org 32","7","$18.62","$2.66","$3.99","33.33%"
"210000057565","071012075232","","","","King Arthur Measure for Measure Flour  GF 48 oz","4","$39.44","$9.86","$15.29","35.51%"
"210000057646","098308002826","","","","Better Than Bouillon Organic Vegetable Base Bouillon 8 oz","3","$16.59","$5.53","$8.59","35.62%"
"210000057648","098308002840","","","098308002086","Better Than Bouillon Organic Mushroom Base Bouillon 8 oz U","4","$19.76","$4.94","$7.69","35.76%"
"210000057669","075172079420","","","","Panda Licorice  Stix Strawberry","17","$12.07","$0.71","$1.09","34.86%"
"210000057687","865174000351","","","","Just Date Syrup Pomegranate Molasses  Org 8.8 oz","5","$31.95","$6.39","$10.99","41.86%"
"210000057689","853665005831","","","850064476132","Mary's Gone Crackers Cheeze & Herbs 4 oz","5","$20.95","$4.19","$6.49","35.44%"
"210000057699","868335000337","","","","pumpkin seed flats GF 1oz ella's","36","$65.52","$1.82","$2.69","32.34%"
"210000057715","850711006057","","","","Emmy's Coconut   Chocolate Chip Cookies Org","3","$12.69","$4.23","$6.49","34.82%"
"210000057723","716270040089","","","","Chocolove Dark Chocolate Mint Creme Bar  3 oz","13","$44.03","$3.39","$5.39","37.16%"
"210000057725","018787505892","","","","Dr. Bronner's Chocolate Bar Cool Peppermint Cream","2","$6.04","$3.02","$5.99","49.58%"
"210000057770","849131001810","","","","Maple Joe Organic Maple Sugar 7.76 oz","10","$59.10","$5.91","$9.79","39.63%"
"210000057831","708271222502","","","","Zoe Org Olive Oil 2.5 liter","7","$288.26","$41.18","$63.79","35.44%"
"210000057841","621683920555","","","","Tinkyada Elbows","2","$5.94","$2.97","$3.99","25.56%"
"210000057853","813724024685","","","","Watkins Green Sugar","6","$25.50","$4.25","$4.99","14.83%"
"210000057865","815421011920","","","","Jovial  Cassava Penne GF K","6","$21.30","$3.55","$5.49","35.34%"
"210000057867","815421011906","","","","Jovial  Cassava Spaghetti GF K","4","$12.88","$3.22","$4.99","35.47%"
"210000057869","858034006921","","","","Maya Kaimal Everyday Dal Yellow Lentil +  Tomato + Garlic","4","$12.88","$3.22","$4.99","35.47%"
"210000057871","858034006938","","858034006938","","Maya Kaimal Everyday Chana Chickpeas+  Potato + Warm Spices U","5","$18.95","$3.79","$5.29","28.36%"
"210000057931","863743000405","","","","Cahokia Rice  White 32 oz  High Protein","2","$7.14","$3.57","$5.49","34.97%"
"210000057933","863743000412","","","","Cahokia Rice  Brown 32 oz  High Protein","4","$14.28","$3.57","$5.49","34.97%"
"210000057956","850036769224","","","","macadamia raw OG 8oz pouch boxford bakehouse","8","$91.60","$11.45","$17.79","35.64%"
"210000057958","859056001567","","","","prunes OG 8oz pouch boxford bakehouse","3","$16.95","$5.65","$8.19","31.01%"
"210000058072","849131001797","","","","Maple Joe Organic Maple Butter 7.76 oz","3","$15.09","$5.03","$8.59","41.44%"
"210000058239","736210031397","","","","bean bush yellow gold rush OG seeds","5","$6.15","$1.23","$3.49","64.76%"
"210000058253","736210020414","","","","marigold french red seeds","5","$4.75","$0.95","$2.69","64.68%"
"210000058257","736210020551","","","","zinnia benary's giant blend seeds","5","$6.15","$1.23","$3.49","64.76%"
"210000058261","736210077500","","","","basil italian genovese OG seeds LARGE","5","$10.50","$2.10","$5.99","64.94%"
"210000058263","736210077524","","","","basil six blend OG seeds LARGE","5","$8.75","$1.75","$4.99","64.93%"
"210000058285","013562300846","","","","Annie's Shells & Aged Cheddar Box","7","$17.43","$2.49","$3.89","35.99%"
"210000058334","098308225812","","","","Better Than Bouillon No Chicken Base Bouillon 8 oz","6","$27.06","$4.51","$6.99","35.48%"
"210000058336","051500507872","","","","Santa Cruz Peanut Butter Crunchy Dark Roast Org 16oz","2","$11.76","$5.88","$9.19","36.02%"
"210000058354","700360007212","","","","thai bird dried chili peppers OG .5oz","1","$3.20","$3.20","$4.99","35.87%"
"210000058405","725342283019","","","","Muir Glen  Pizza Sauce Org","9","$25.02","$2.78","$4.29","35.2%"
"210000058544","810057554841","","","","Cadia Avocado Oil","5","$29.30","$5.86","$11.39","48.55%"
"210000058641","697658692246","","","","Manitoba Harvest Granola Dark Chocolate  Hemp Org","5","$17.40","$3.48","$7.49","53.54%"
"210000058662","805509082409","","","","brazil nuts raw  OG 5.3oz elan","16","$84.00","$5.25","$8.79","40.27%"
"210000058718","628451868569","","","","Chickapea Pasta Lasagne 8 oz","8","$23.56","$2.95","$4.99","40.98%"
"210000058738","751217950090","","","","Simply Delish Jel Desert Unflavored","4","$7.20","$1.80","$2.99","39.8%"
"210000058754","815369016810","","","","Cadia Pasta Sauce Arrbiata Org 24 oz","7","$23.31","$3.33","$5.19","35.84%"
"210000058764","860001224764","","","","Louisville Vegan Jerky General Tso's 3oz","11","$48.14","$4.38","$7.49","41.57%"
"210000058791","850036769903","","","","cherries tart red OG 4oz pouch boxford bakehouse","12","$52.20","$4.35","$6.79","35.94%"
"210000058795","850036769880","","","","cashews chocolate covered OG 6oz pouch boxford bakehouse","12","$83.40","$6.95","$10.99","36.76%"
"210000058924","879884002116","","","","Blue Mountain  Pistachio Butter Raw Org 16 oz","1","$20.04","$20.04","$33.99","41.04%"
"210000058975","810165014619","","","","Yum Earth Elderberry Lollipops 3.3oz Org","9","$24.75","$2.75","$6.79","59.5%"
"210000058977","851618001725","","","","vanilla pure extract double strength OG 4oz singing dog","2","$29.24","$14.62","$24.99","41.5%"
"210000059018","810091780299","","","","Siete Refried Org Ranchero Beans","8","$20.40","$2.55","$3.99","36.09%"
"210000059020","810091780282","","","","Siete Org Charro Beans","9","$22.95","$2.55","$3.99","36.09%"
"210000059090","850011828328","","","","Tony's Chocolonely Milk Chocolate  Caramel Cookie 6 oz U","1","$3.94","$3.94","$6.59","40.21%"
"210000059118","810057554988","","","","Cadia Pickle Kosher Baby Dills","5","$14.95","$2.99","$4.29","30.3%"
"210000059120","810057554971","","","","Cadia Pickle Relish Dill","5","$9.95","$1.99","$2.99","33.44%"
"210000059122","810057554964","","","","Cadia Pickle Kosher Dills Spears","10","$29.90","$2.99","$4.29","30.3%"
"210000059146","860003300411","","","","all seed everything flats GF 4.8oz ella's","2","$9.54","$4.77","$7.99","40.3%"
"210000059148","868335000313","","","","pumpkin seed hemp flats GF 4.8oz ella's","8","$26.22","$3.28","$7.99","58.98%"
"210000059177","071879200013","","","","Jennie's Coconut  Bar Chocolate Goji Cranberries Org","5","$7.65","$1.53","$2.39","35.98%"
"210000059179","071879200020","","","","Jennie's Coconut  Bar Chocolate w/ Cacao Nibs Org","11","$13.42","$1.22","$1.99","38.69%"
"210000059231","716270051658","","","","Chocolove Mini Rich Dark U","2","$3.60","$1.80","$2.59","30.5%"
"210000059291","047495210026","","","","fig bar original whole wheat box nature's bakery","5","$23.70","$4.74","$6.99","32.19%"
"210000059298","047495117806","","","","fig bar original whole wheat single natures bakery","6","$4.74","$0.79","$1.39","43.17%"
"210000059350","073416574601","","","","Lundberg Ready  To Heat Coconut Rice Pilaf Org","4","$11.80","$2.95","$4.59","35.73%"
"210000059356","815369016230","","","","Cadia Salsa  Medium 16 oz","5","$16.65","$3.33","$5.19","35.84%"
"210000059398","716270051320","","","","Chocolove Mini Milk Chocolate Hazelnut U","14","$27.60","$1.97","$2.99","34.07%"
"210000059473","815369016254","","","810057555824","Cadia Ketchup 20oz Org","3","$7.98","$2.66","$4.59","42.05%"
"210000059595","850036769583","","","","cashews roasted salted OG 8oz pouch boxford bakehouse","15","$108.75","$7.25","$10.99","34.03%"
"210000059626","751217901023","","","","Simply Delish Jel Desert Orange","3","$4.41","$1.47","$2.99","50.84%"
"210000059628","751217950069","","","","Simply Delish Keto Pudding Strawberry","1","$1.69","$1.69","$2.99","43.48%"
"210000059670","815421018004","","","","Jovial  Mac & Cheese White Cheddar Org GF","8","$27.68","$3.46","$5.39","35.81%"
"210000059672","815421018035","","","","Jovial  Vegan Mac Org GF K","6","$16.98","$2.83","$4.89","42.13%"
"210000059720","850008080098","","","","sunflower lecithin OG","1","$7.70","$7.70","$15.99","51.84%"
"210000059759","","","","","Frankferd Farms High Mountain  High Gluten Wheat Flour Org Central Milling (5#) on sale","1","$8.18","$8.18","$10.69","23.48%"
"210000059826","829696004518","","","","Wild Planet  Wild Tuna Quinoa Salad","7","$28.42","$4.06","$5.99","32.22%"
"210000059828","829696002705","","","","Wild Planet  Wild  Smoked Mackerel","12","$38.52","$3.21","$4.99","35.67%"
"210000059880","858010005641","","","","Tony's Chocolonely Dark Chocolate  Almond Sea Salt 6 oz K","17","$72.13","$4.24","$6.59","35.62%"
"210000059913","700360002095","","","","northwest mix wild mushrooms dried OG 1oz Mycological","4","$37.80","$9.45","$14.59","35.23%"
"210000059917","700360003016","","","","matsutake mushrooms wild dried  .5oz Mycological","2","$8.90","$4.45","$5.60","20.54%"
"210000059919","700360002118","","","","shiitake mushrooms dried whole OG 1oz Mycological","1","$3.85","$3.85","$5.89","34.63%"
"210000059934","047495210194","","","","fig bar strawberry box nature's bakery","7","$33.18","$4.74","$6.99","32.19%"
"210000060042","018787506400","","","","Dr. Bronner's Chocolate Bar Oat Milk Crunchy Hazelnut Butter","6","$18.12","$3.02","$5.99","49.58%"
"210000060044","018787506240","","","","Dr. Bronner's Chocolate Bar Oat Milk Creamy Mocha Latte","16","$57.60","$3.60","$5.99","39.9%"
"210000060046","018787505199","","","","Dr. Bronner's Chocolate Bar Oat Milk Golden Chai","5","$15.10","$3.02","$5.99","49.58%"
"210000060063","858034006266","","","","Maya Kaimal Everyday Chana Chickpeas+  Tomato + Onions","7","$21.67","$3.10","$4.99","37.96%"
"210000060065","851618001282","","","","vanilla OG 4oz singing dog","2","$21.98","$10.99","$17.99","38.91%"
"210000060113","843364196039","","","","Jasberry Super Food Rice  14 oz GF","2","$8.72","$4.36","$5.50","20.73%"
"210000060127","075172076597","","","","Panda Licorice  Chews Strawberry","8","$20.64","$2.58","$4.69","44.99%"
"210000060256","863852000075","","","850009603074","Swoffle Gluten Free Stroopwafels Dark Chocolate Caramel Org","15","$17.85","$1.19","$1.99","40.2%"
"210000060293","859056001918","","","","pistachio meats raw 4 oz boxford bakehouse","4","$27.00","$6.75","$10.49","35.65%"
"210000060389","858010005450","","","","Tony's Chocolonely White Chocolate Raspberry Popping Candy 6 oz exp 2/4/26","4","$15.76","$3.94","$5.00","21.2%"
"210000060547","850011828427","","","","Tony's Chocolonely Rainbow Tasting Pack 10.16 oz","7","$64.61","$9.23","$14.29","35.41%"
"210000060555","042272007684","","","","Amy's Soup Thai Curry","13","$54.34","$4.18","$5.79","27.81%"
"210000060617","868335000375","","","","all seed cumin flats GF 4.8oz ella's","4","$19.08","$4.77","$7.99","40.3%"
"210000060667","652642000605","","","","Rigoni Nocciolata  Hazelnut Spread  Dairy Free Org","3","$13.74","$4.58","$6.49","29.43%"
"210000060669","859392005786","","","","Thunderbird Bar Snickerdoodle Cashew Tahini","16","$25.31","$1.58","$2.69","41.19%"
"210000060671","859392005724","","","","Thunderbird Bar Yaupon Matcha Moringa","12","$18.84","$1.57","$2.49","36.95%"
"210000060675","859392005816","","","","Thunderbird Bar Chili Pepita Pineapple","11","$17.27","$1.57","$2.49","36.95%"
"210000060693","850031990005","","","","Goodles Mac and Cheese  Cheddy Mac","11","$34.76","$3.16","$4.89","35.38%"
"210000060703","858847000512","","","","Navitas Maca Powder Org  16 oz","1","$12.07","$12.07","$18.19","33.64%"
"210000060755","855596007076","","","","love corn smoked bbq 4oz","10","$25.10","$2.51","$3.89","35.48%"
"210000060808","858034006181","","","","Maya Kaimal Sauce Tikka Masala","2","$7.42","$3.71","$6.39","41.94%"
"210000060812","736210031083","","","","bean bush royal burgundy OG seeds","5","$6.15","$1.23","$3.49","64.76%"
"210000060818","736210030895","","","","pea sugar snap OG seeds","5","$6.15","$1.23","$3.49","64.76%"
"210000060820","736210030482","","","","radish cherry belle seeds","5","$6.15","$1.23","$3.49","64.76%"
"210000060822","736210020001","","","","celosia chief red flame","5","$5.25","$1.05","$2.99","64.88%"
"210000060838","736210020605","","","","zinnia lilliput seeds","5","$6.15","$1.23","$3.49","64.76%"
"210000060887","736210013362","","","","nasturtium butterscotch seeds","5","$6.15","$1.23","$3.49","64.76%"
"210000060917","850036769231","","","","macadamia raw OG 4oz pouch boxford bakehouse","9","$58.95","$6.55","$9.99","34.43%"
"210000060921","077502300044","","","","Jyoti  Saag Paneer 10 oz","4","$11.88","$2.97","$4.59","35.29%"
"210000060927","859480006435","","","","Safe Catch Pink Salmon NS added 5 oz U","6","$25.26","$4.21","$6.49","35.13%"
"210000060996","859480006411","","","","Safe Catch Pink Salmon  5 oz U","5","$21.05","$4.21","$5.79","27.29%"
"210000061025","810165011489","","","","Yum Earth Jelly Beans 4 oz","12","$44.40","$3.70","$5.69","34.97%"
"210000061083","8938509147181","","","","Belvie Black Diamond 100% Dark Chocolate","7","$52.43","$7.49","$11.49","34.81%"
"210000061085","8938509147010","","","8938509147010","Belvie 90% Dark  Chocolate Chocolat Noir","14","$102.10","$7.29","$11.49","36.53%"
"210000061121","047495800227","","","","strawberry oatmeal crumble box nature's bakery","1","$4.74","$4.74","$6.99","32.19%"
"210000061127","","","","","Frankferd Farms Busy Day Bean Soup Mix 1#","1","$2.00","$2.00","$3.29","39.21%"
"210000061147","039978022950","","","","Bob's White PopCorn 30 oz","2","$0.02","$0.01","$6.99","99.86%"
"210000061196","043182008914","","","","Native Forest Artichoke Hearts Quartered 14 oz","2","$7.66","$3.83","$5.69","32.69%"
"210000061242","850031185081","","","","dates degletnoor dried OG 2oz mavuno","5","$11.20","$2.24","$4.29","47.79%"
"210000061273","073416578906","","","","Lundberg Brown Rice & Quinoa w/Garlic & Shallots 8oz","6","$17.70","$2.95","$4.59","35.73%"
"210000061291","859258007091","","","","Little Caria Syrup Pomegranate Molasses  Org 11.6 oz","9","$53.82","$5.98","$9.49","36.99%"
"210000061313","3291854122285","","","","honey turmeric ginger moringa 16oz herb to body","6","$85.70","$14.28","$24.99","42.84%"
"210000061348","013562000531","","","","Annie's Cheddar Squares Crackers","4","$16.52","$4.13","$6.29","34.34%"
"210000061360","810113070711","","","","sesame seeds tuxedo shaker foods alive","4","$17.32","$4.33","$8.49","49%"
"210000061362","617928003091","","","","stevia 50pkt stevita","3","$11.28","$3.76","$7.49","49.8%"
"210000061413","850011828342","","","","Tony's Chocolonely Milk Chocolate Hazelnut Cookie 6 oz U","6","$23.64","$3.94","$6.59","40.21%"
"210000061415","810091780909","","","","Siete Grain Free  Cookies Mexican Vanilla Chocolate Chip","9","$31.59","$3.51","$5.39","34.88%"
"210000061417","047495800203","","","","apple oatmeal crumble box nature's bakery","6","$28.44","$4.74","$6.99","32.19%"
"210000061470","850023073570","","","","Solely Fruit Gummies Mango Passionfruit Org","6","$15.30","$2.55","$3.99","36.09%"
"210000061472","813724021622","","","","Watkins Natural Food Coloring","5","$26.95","$5.39","$8.29","34.98%"
"210000061601","870539001003","","","","Lovo Chocolate Bar Hazel Nut Milk","1","$2.98","$2.98","$4.49","33.63%"
"210000061725","899587003029","","","","Raw Revolution Peanut Butter Dark Chocolate & Sea Salt","4","$7.56","$1.89","$2.89","34.6%"
"210000061769","819019020233","","","","Olyra Breakfast  Biscuits Dark Chocolate Sandwich Org","4","$13.16","$3.29","$5.49","40.07%"
"210000061781","829696001951","","","","Wild Planet Skipjack  Tuna w/Olive Oil","9","$18.00","$2.00","$3.19","37.3%"
"210000061824","815369014861","","","","Cadia Honey Stick Org Raw","94","$20.68","$0.22","$0.39","43.59%"
"210000061845","","","","","Frankferd Farms Flakes Spelt 1#","2","$5.98","$2.99","$4.59","34.86%"
"210000061855","3433764142896","3291854112804","","","sea moss purple Irish 4oz herb to body","3","$20.07","$6.69","$19.99","66.53%"
"210000061857","3433764122195","","","","sea moss Irish powder 4oz herb to body","3","$18.78","$6.26","$13.49","53.6%"
"210000061899","711464019759","","","","Blue Dragon Egg Noodle Nests","4","$14.20","$3.55","$5.49","35.34%"
"210000062000","697658692239","","","","Manitoba Harvest Granola  Hemp Blueberry Org","2","$10.52","$5.26","$7.99","34.17%"
"210000062002","859480006404","","","","Safe Catch  Wild Yellow fin Tuna","4","$12.48","$3.12","$4.99","37.47%"
"210000062031","851844005061","","","","xylichew fruit gum 12pcs","15","$16.80","$1.12","$1.99","43.72%"
"210000062035","628451868279","","","","Chickapea Spaghetti Org 8 oz","3","$8.16","$2.72","$5.29","48.58%"
"210000062039","859056001307","","","","apricots OG 4oz pouch boxford bakehouse","9","$37.35","$4.15","$6.39","35.05%"
"210000062041","858847000420","","","","Navitas Hemp Protein Powder  Org  12 oz","6","$47.46","$7.91","$13.89","43.05%"
"210000062067","815369017237","","","","Cadia Seasoned Black Bean Org","8","$9.36","$1.17","$2.29","48.91%"
"210000062070","860251002662","","","","Pleather Tequila Lime Vegan Jerky","8","$32.56","$4.07","$6.29","35.29%"
"210000062114","022929428017","","","","Suzie's Saltine Crackers","12","$50.64","$4.22","$6.49","34.98%"
"210000062136","751217900934","","","","Simply Delish Jel Desert Raspberry","6","$11.52","$1.92","$2.99","35.79%"
"210000062190","815369010351","","","","Cadia Apple Sauce Gravenstein Org 24oz","7","$25.62","$3.66","$5.69","35.68%"
"210000062200","893809147198","","","","Belvie  85% Dark  Chocolate Black Pearl of the Mekong","4","$29.96","$7.49","$11.49","34.81%"
"210000062260","042272030033","","","","Amy's Soup Pasta Fagioli","10","$37.00","$3.70","$5.39","31.35%"
"210000062262","042272030040","","","","Amy's Soup Vegetable Jambalaya","13","$50.14","$3.86","$5.99","35.61%"
"210000062266","860002228501","","","","Green Belly Hot Sauce","7","$32.34","$4.62","$7.19","35.74%"
"210000062268","860002228549","","","","Yellow Belly Hot Sauce","6","$27.72","$4.62","$7.19","35.74%"
"210000062287","815421011340","","","","Jovial GF Brown Rice Mafalda U","6","$25.74","$4.29","$6.59","34.9%"
"210000062341","850064476071","","","","Mary's Gone Crackers Superseed Seaweed & Black Sesame Seeds 4 oz","3","$11.49","$3.83","$5.99","36.06%"
"210000062379","088702108330","","","","Bonne Maman Apricot Fruit Spread  U exp 1/21/26","2","$9.74","$4.87","$6.40","23.91%"
"210000062383","012511201821","","","","Wholesome Sweeteners Blue Agave Syrup Org Raw Regenerative 18.5oz","6","$22.44","$3.74","$5.79","35.41%"
"210000062538","024182000825","","","","quiet moon snack 4oz Eden","5","$17.45","$3.49","$5.49","36.43%"
"210000062555","042272030095","","","","Amy's Chili Three Bean Vegetable Org","3","$12.12","$4.04","$5.99","32.55%"
"210000062557","850031990098","","","","Goodles Mac and Cheese  Down the Hatch","15","$48.27","$3.22","$4.99","35.51%"
"210000062561","853325005638","","","","Maya Kaimal Vegetable Tikka Masala","6","$16.08","$2.68","$4.99","46.29%"
"210000062563","853325005614","","","","Maya Kaimal Korma Vegetable Curry","5","$13.40","$2.68","$4.99","46.29%"
"210000062603","898392004139","","","","Wildly Organic Red Palm Oil","2","$10.78","$5.39","$8.29","34.98%"
"210000062605","874492005863","","","","Theo Chocolate Dark 70%  Peppermint Crunch","1","$3.24","$3.24","$4.99","35.07%"
"210000062607","874492006655","","","","Theo 45% Milk Chocolate Sweet Vanilla","6","$19.44","$3.24","$4.99","35.07%"
"210000062611","874492005887","","","","Theo  Bar Dark Chocolate 55% Nutcracker Brittle","3","$9.72","$3.24","$4.99","35.07%"
"210000062615","855140002144","","","","Purely Elizabeth  Cranberry Pecan Granola GF","1","$6.07","$6.07","$9.39","35.36%"
"210000062617","810589031988","","","","Purely Elizabeth  Double Chocolate Cookie Granola GF","5","$30.35","$6.07","$9.39","35.36%"
"210000062647","859056001376","","","","cranberries OG 4oz pouch boxford bakehouse","11","$37.95","$3.45","$5.39","35.99%"
"210000062713","850047450029","","","","7th Heaven Chocolate Bar Oat Milk  Hazelnut Cream","7","$23.66","$3.38","$6.29","46.26%"
"210000062717","073416587304","","","","Lundberg Rice White  Turmeric & Ginger","7","$23.73","$3.39","$5.19","34.68%"
"210000062759","860005793136","","","","Let's Date Date Paste 14.1 oz Org","8","$31.56","$3.95","$6.99","43.56%"
"210000062761","078314406009","","","","Madhava's Toasted Sesame Oil 8.45 oz.","4","$20.80","$5.20","$9.49","45.21%"
"210000062773","810906020794","","","","Ice Chips candy cane","5","$16.60","$3.32","$5.99","44.57%"
"210000062775","194261010165","","","","Pure Anatolia  Org Sundried Tomatoes  Halves 3.17 oz","3","$11.37","$3.79","$6.79","44.18%"
"210000062785","850064476002","","","","Mary's Gone Crackers  Original 4 oz","2","$7.02","$3.51","$5.39","34.88%"
"210000062787","899587003005","","","","Raw Revolution Peanut Butter & Sea Salt","3","$5.94","$1.98","$2.69","26.39%"
"210000062789","860010614228","","","","Peak Protein Bar Almond Butter Amaretti","7","$14.42","$2.06","$3.19","35.42%"
"210000062791","860010614204","","","","Peak Protein Bar Chocolate Peanut  Butter Crunch","7","$14.42","$2.06","$3.19","35.42%"
"210000062854","627733009010","","","","apricot seed organic traditions","2","$14.72","$7.36","$14.49","49.21%"
"210000062868","627733009300","","","","energy bite mix organic traditions","4","$16.60","$4.15","$4.90","15.31%"
"210000062876","039047010208","","","","Walkers Shortbread  Rounds GF","7","$29.33","$4.19","$6.59","36.42%"
"210000062887","071012075089","","","","King Arthur  Fudge Brownie Mix GF","6","$33.18","$5.53","$8.49","34.86%"
"210000062907","851618001145","","","","vanilla with whole beanOG 5oz singing dog","6","$97.08","$16.18","$24.99","35.25%"
"210000062984","639713990317","","","","Evolution Salt Himalayan Salt Shaker","12","$0.12","$0.01","$2.99","99.67%"
"210000062988","787420501255","","","","Sjaaks Dark Chocolate Peanut Butter Tree","1","$5.17","$5.17","$8.29","37.64%"
"210000062991","856053002573","","","","peanut Mexican chocolate 3.5 oz Q's nuts","24","$44.88","$1.87","$2.99","37.46%"
"210000063045","837328001026","","","","Hakubaku  Soba Noodles Org","7","$21.21","$3.03","$4.89","38.04%"
"210000063063","078314211702","","","","Madhava's Agave Nectar Amber 17 oz.","3","$11.28","$3.76","$6.49","42.06%"
"210000063110","874492006686","","","","Theo Milk Chocolate  Creme Brulee","1","$3.02","$3.02","$4.69","35.61%"
"210000063144","850031185548","","","","macadamia nuts roasted salted OG mavuno","3","$12.57","$4.19","$6.99","40.06%"
"210000063173","860001199062","","","","Auga Soup Three Lentil  Org","1","$3.67","$3.67","$5.69","35.5%"
"210000063216","4018722344698","","","","Berlin Alb Gold Spaghetti Whole spelt Org","3","$14.64","$4.88","$7.59","35.7%"
"210000063224","","","","","honey creamed chocolate 16oz jar wehrloom","2","$23.98","$11.99","$19.99","40.02%"
"210000063241","","","","","mushrooms wild porcini dried 2oz mikuni","9","$70.65","$7.85","$11.50","31.74%"
"210000063243","","","","","mushrooms wild lobster dried 2oz mikuni","6","$50.04","$8.34","$11.69","28.66%"
"210000063245","","","","","mushrooms black trumpet dried 2oz mikuni","5","$41.70","$8.34","$11.69","28.66%"
"210000063247","","","","","mushrooms wild  morel dried 2oz mikuni","2","$38.26","$19.13","$26.99","29.12%"
"210000063270","891551000041","","","","maple cinnamon sprouted crisps OG 8oz foods alive","5","$17.65","$3.53","$6.99","49.5%"
"210000063292","039978002181","","","","Bob's  Whey Protein Concentrate","2","$23.24","$11.62","$17.99","35.41%"
"210000063333","819019020271","","","","Olyra Breakfast  Biscuits Hazelnut Cocoa Sandwich Org","5","$16.45","$3.29","$5.49","40.07%"
"210000063393","850047450036","","","","7th Heaven Chocolate Bar Oat Milk  Caramel & Sea Salt","9","$30.42","$3.38","$6.29","46.26%"
"210000063395","850047450203","","","","7th Heaven  Oat Milk  Peanut Butter Cups","15","$25.50","$1.70","$3.19","46.71%"
"210000063409","810165011472","","","","Yum Earth Gummy Fruits Easter 4 oz Org","6","$20.88","$3.48","$5.39","35.44%"
"210000063451","736210002038","","","","onion red flat OG seeds","4","$3.80","$0.95","$2.69","64.68%"
"210000063453","736210002915","","","","onion sweet spanish OG seeds","4","$3.80","$0.95","$2.69","64.68%"
"210000063457","736210002014","","","","parsnip all American seeds","5","$4.75","$0.95","$2.69","64.68%"
"210000063471","628451868644","","","","Chickapea Pasta Dish Pepper & Parmesan","4","$12.60","$3.15","$4.99","36.87%"
"210000063496","851618001039","","","","vanilla pure 2oz singing dog","1","$4.68","$4.68","$7.29","35.8%"
"210000063556","815369014212","","","","Cadia Organic  Honey Raw 12 oz","8","$45.24","$5.66","$8.99","37.1%"
"210000063571","812603018135","","","","Tcho Chocolate Dark Duo 2.5 oz","8","$28.32","$3.54","$5.49","35.52%"
"210000063577","024182157086","","","","Eden Spicy Nori Strips","1","$5.29","$5.29","$8.19","35.41%"
"210000063590","860003300404","","","","all seed spicy flats GF 4.8oz ella's","1","$4.77","$4.77","$7.99","40.3%"
"210000063592","860011225850","","","","sweet minis GF 4oz ella's","10","$53.00","$5.30","$7.99","33.67%"
"210000063594","860011225812","","","","everything minis GF 4oz ella's","12","$63.60","$5.30","$7.99","33.67%"
"210000063600","860011225805","","","","sesame minis GF 4oz ella's","2","$10.60","$5.30","$7.99","33.67%"
"210000063602","851278001721","","","","Zellie's Gum Cherry Berry w/xylitol 100 pcs","12","$106.08","$8.84","$13.49","34.47%"
"210000063612","720379001759","","","","fig bar strawberry oat 5 pieces made in nature","1","$0.01","$0.01","$5.99","99.83%"
"210000063657","3291854102744","","","","lion's mane powder 4oz herb to body","5","$64.50","$12.90","$19.99","35.47%"
"210000063681","073416587809","","","","Lundberg  Chili Crisp Jasmine Rice","3","$8.85","$2.95","$4.59","35.73%"
"210000063687","860011175056","","","","Natural Catch  Wild Yellow Fin Tuna Filets","14","$58.52","$4.18","$6.49","35.59%"
"210000063689","860011175063","","","","Natural Catch  Wild Albacore Tuna Filets","7","$26.60","$3.80","$5.99","36.56%"
"210000063719","856053002887","","","","pecan maple bourbon 1.8 oz Q's nuts","13","$24.31","$1.87","$2.99","37.46%"
"210000063727","856053002351","","","","cashew rosemary sea salt 2.25 oz Q's nuts","17","$31.79","$1.87","$2.99","37.46%"
"210000063744","810165014626","","","","Yum Earth Antioxidant Pops Org","7","$28.84","$4.12","$6.49","36.52%"
"210000063774","042563008048","","","","coconut shreds 7oz woodstock","6","$13.98","$2.33","$3.99","41.6%"
"210000063782","700360006222","","","","lion's mane mushrooms dried sliced OG .65oz Mycological","4","$13.92","$3.48","$5.39","35.44%"
"210000063877","708953622040","","","","Lotus Foods Ramen Wide White Rice 4 Pack K","2","$9.52","$4.76","$7.49","36.45%"
"210000063893","","","","","cherries dark chocolate OG 4 oz Next","5","$21.20","$4.24","$6.59","35.66%"
"210000063918","837328001002","","","","Hakubaku  Udon Noodles Org","7","$23.31","$3.33","$4.99","33.27%"
"210000063920","042563019013","","","","Woodstock Org  Capers 3.5oz","10","$17.60","$1.76","$3.49","49.57%"
"210000063922","897988012831","","","","Heavenly Organics Cardamon Raw Honey 12oz. Org","8","$43.72","$5.47","$9.99","45.3%"
"210000063928","859056001895","","","","currants OG 4oz pouch boxford bakehouse","14","$41.30","$2.95","$4.59","35.73%"
"210000063943","095705136956","","","","pistachios hot honey no shell OG 5oz Nichols Farms","2","$11.34","$5.67","$7.99","29.04%"
"210000063945","095705135614","","","","pistachios sea salt roasted no shell OG 6oz Nichols Farms","2","$13.08","$6.54","$8.99","27.25%"
"210000063947","095705133528","","","","pistachios sea salt roasted in shell OG 16oz Nichols Farms","15","$107.55","$7.17","$9.99","28.23%"
"210000063987","722252069504","","","","Clif Protein  Bar Chocolate Peanut Butter","5","$9.70","$1.94","$2.99","35.12%"
"210000063989","722252069528","","","","Clif Protein  Bar Almond Salted Caramel","3","$5.82","$1.94","$2.99","35.12%"
"210000063991","686352605546","","","","Baby Mum Mum Teething Biscuit  Banana","6","$6.00","$1.00","$1.59","37.11%"
"210000064039","850043074229","","","","Hu Chocolate Bar Simple Milk 1 oz U","12","$29.64","$2.47","$3.79","34.83%"
"210000064041","850043074212","","","","Hu Chocolate Bar Salty Dark 1 oz U","14","$34.58","$2.47","$3.79","34.83%"
"210000064043","860004946519","","","","Otto's Naturals Ultimate Cookie  Mix","5","$30.40","$6.08","$9.39","35.25%"
"210000064055","088702108347","","","","Bonne Maman Strawberry Fruit Spread  U","7","$26.77","$3.82","$6.99","45.29%"
"210000064065","850043074298","","","","Hu Chocolate Hazelnut  Butter  Bites","6","$34.74","$5.79","$8.49","31.8%"
"210000064071","073416590007","","","","Lundberg  Spanish Rice","6","$17.70","$2.95","$4.59","35.73%"
"210000064109","850019542493","","","","D'Vash Fiber Bar Pecan Cacao","6","$7.92","$1.32","$1.99","33.67%"
"210000064111","734027905139","","","","Ginger People Ginger Lemon Chews 3oz","7","$18.83","$2.69","$4.19","35.8%"
"210000064169","039278040586","","","","ginger lychee chews prince of peace 4oz","9","$16.38","$1.82","$3.59","49.3%"
"210000064172","850000398429","","","","everything bagel seasoning OG shaker","1","$4.64","$4.64","$6.99","33.62%"
"210000064189","711464506747","","","","Al Fez Falafel Mix","1","$1.95","$1.95","$3.69","47.15%"
"210000064191","799210620008","","","","Bionaturae Sourdough Spaghetti Org K","8","$21.48","$2.69","$4.59","41.5%"
"210000064197","6111250310383","","","","Atlas Organic Olive Oil 1 Liter","10","$154.80","$15.48","$24.99","38.06%"
"210000064199","5060685660505","","","","FireTree 100% Cocoa Bar 2.47 oz","13","$63.79","$4.91","$5.89","16.69%"
"210000064201","5060685660529","","","","FireTree 40% Cocoa Milk Chocolate Bar 2.47 oz","1","$3.79","$3.79","$5.89","35.65%"
"210000064203","5060685660499","","","","FireTree Cocoa Oat Chocolate Bar 2.47 oz","10","$37.90","$3.79","$5.89","35.65%"
"210000064243","720379001841","","","","fruit puffs strawberry OG .9oz made in nature","3","$0.03","$0.01","$3.50","99.71%"
"210000064245","720379001858","","","","fruit puffs melon OG 1.1oz made in nature","6","$0.06","$0.01","$3.50","99.71%"
"210000064247","720379001865","","","","fruit puffs apple OG 1.4oz made in nature","4","$0.04","$0.01","$3.50","99.71%"
"210000064266","891551000027","","","","tomato and herb sprouted crisps OG 8oz foods alive","7","$17.27","$2.47","$6.99","64.7%"
"210000064334","815421011357","","","","Jovial  Brown Rice Stelline GF K","5","$18.25","$3.65","$4.99","26.85%"
"210000064350","628451529781","","","","Glutenull  Cookie Buckwheat Chocolate","14","$71.82","$5.13","$7.59","32.41%"
"210000064352","024182011043","","","","Eden Sauerkraut Org 18 oz","12","$47.16","$3.93","$5.99","34.39%"
"210000064370","081014111739","","","","Maeve   Chocolate Bar Kettle Chips","1","$3.88","$3.88","$5.79","32.99%"
"210000064374","081014111746","","","","Maeve   Chocolate Bar Lemon Twister","1","$3.88","$3.88","$5.79","32.99%"
"210000064378","850036769064","","","","brazil nuts raw 4oz boxford bakehouse","8","$36.40","$4.55","$6.99","34.91%"
"210000064425","3291854112958","","","","soursop leaves herb to body","8","$49.38","$6.17","$10.99","43.84%"
"210000064459","893869005435","","","","cashew nut mix glazed honey cinnamon 1.5oz sahale","1","$0.75","$0.75","$1.50","50%"
"210000064472","042563008413","","","","almonds roasted salted OG 7oz woodstock","4","$18.68","$4.67","$9.99","53.25%"
"210000064478","868335000344","","","","ella's all seed caraway rye flats GF 4.8oz","8","$38.82","$4.85","$7.99","39.27%"
"210000064480","813551001026","","","","Koyo Udon Fine  Org","2","$3.48","$1.74","$2.39","27.2%"
"210000064500","716270001394","","","","Chocolove Pecans, Cookies & Sea Salt  3.2 oz","14","$43.54","$3.11","$4.79","35.07%"
"210000064502","716270001578","","","","Chocolove Walnuts & Sea Salt  3.2 oz","19","$59.09","$3.11","$4.79","35.07%"
"210000064504","716270001387","","","","Chocolove Pistachios & Sea Salt  3.2 oz","10","$31.10","$3.11","$4.79","35.07%"
"210000064513","074908370046","","","","Delgrosso Pasta Sauce Marinara Org","8","$22.00","$2.75","$4.99","44.89%"
"210000064515","","","","","honey sourwood 8oz jar wehrloom","6","$43.14","$7.19","$11.99","40.03%"
"210000064516","842515006722","","","","apricots dried organic portion packs bag of 5 sunny fruit","6","$29.64","$4.94","$7.99","38.17%"
"210000064518","842515010125","","","","figs smyrna dried organic portion packs bag of 5 sunny fruit","5","$16.00","$3.20","$5.99","46.58%"
"210000064520","842515008528","","","","mangoes dried organic portion packs bag of 5 sunny fruit","12","$38.40","$3.20","$4.99","35.87%"
"210000064522","733739069009","","","","stevia chai 2oz NOW FOODS","1","$3.59","$3.59","$11.59","69.03%"
"210000064538","627733007306","","","","apricots organic traditions","5","$16.95","$3.39","$7.99","57.57%"
"210000064550","813616020405","","","","Felicia Buckwheat Rigatoni","6","$18.18","$3.03","$5.59","45.8%"
"210000064552","813616020382","","","","Felicia Red Lentil Penne GF Org","4","$14.56","$3.64","$5.59","34.88%"
"210000064580","","","","","Guyette CREAMED Honey REGULAR","1","$6.50","$6.50","$9.99","34.93%"
"210000064581","","","","","Guyette CREAMED Honey CHOCOLATE","3","$19.50","$6.50","$9.99","34.93%"
"210000064582","","","","","Gueyette Creamed Honey CINNAMON","2","$0.00","$0.00","$9.99","100%"
"210000064583","","","","","Guyette CREAMED Honey CINNAMON","2","$13.00","$6.50","$9.99","34.93%"
"210000064590","850052040109","","","","pecans brown butter rum  3oz evie's","5","$23.65","$4.73","$6.99","32.33%"
"210000064592","850052040147","","","","pecans salty & sweet  3oz evie's","14","$49.98","$3.57","$6.99","48.93%"
"210000064594","850052040130","","","","pecans banana bread  3oz evie's","12","$42.84","$3.57","$6.99","48.93%"
"210000064598","011206000343","","","","Edward & Sons  Rice Snaps Tamari Sesame U","7","$18.76","$2.68","$4.19","36.04%"
"210000064602","095705135522","","","","pistachios sea salt roasted no shell OG 2oz Nichols Farms","5","$10.55","$2.11","$3.59","41.23%"
"210000064629","683855060131","","","","Timeless Semi Pearled Farro 16 oz","11","$41.25","$3.75","$5.79","35.23%"
"210000064646","3433764142124","","","","tongkat ali powder 4oz herb to body","1","$9.20","$9.20","$18.99","51.55%"
"210000064648","850012460015","","","","peanut flaming 3.25 oz Q's nuts","18","$33.66","$1.87","$2.99","37.46%"
"210000064650","856053002337","","","","cashews flaming 3.25 oz Q's nuts","21","$39.27","$1.87","$2.99","37.46%"
"210000064652","850012460480","","","","almond cashew chocolate raspberry mix 4.5 oz Q's nuts","10","$37.50","$3.75","$7.99","53.07%"
"210000064654","856053002696","","","","cashew basil sage 4.5 oz Q's nuts","7","$26.25","$3.75","$7.99","53.07%"
"210000064678","042563019006","","","","Woodstock Org Roasted Red Peppers","8","$28.16","$3.52","$7.49","53%"
"210000064710","860006584146","","","","granola sweet curry  no oat 10oz  for good","3","$19.65","$6.55","$10.39","36.96%"
"210000064712","860006584115","","","","granola smoky pineapple  no oat 10oz  for good","3","$19.65","$6.55","$10.39","36.96%"
"210000064714","860006584139","","","","granola chocolate chili cherry no oat 10oz  for good","2","$13.10","$6.55","$10.39","36.96%"
"210000064812","070258024035","","","","Plantation Blackstrap Molasses 15 oz.","11","$0.11","$0.01","$6.99","99.86%"
"210000064814","070718000760","","","","Bar Harbor Clam Chowder","3","$0.03","$0.01","$6.99","99.86%"
"210000064894","891551000935","","","","Foods Alive  Power 4 Protein Powder  8 oz","4","$18.20","$4.55","$8.99","49.39%"
"210000064896","897988000463","","","","Heavenly Organics White Himalayan Raw Honey 22oz.","10","$70.50","$7.05","$13.69","48.5%"
"210000064976","098308243885","","","","Better Than Bouillon Organic  Beef Base Pho 8 oz","5","$31.60","$6.32","$9.79","35.44%"
"210000064978","085164000004","","","","Garofalo  Capellini 16 oz","9","$12.24","$1.36","$3.29","58.66%"
"210000064980","850020805556","","","","Rawmio Chocolate Bar Oat Milk 50%","9","$17.73","$1.97","$5.99","67.11%"
"210000064982","850020805815","","","","Rawmio Chocolate Bar Coconut Milk 45%","7","$13.79","$1.97","$5.99","67.11%"
"210000064984","850020805600","","","","Rawmio Chocolate Bar Dark Vanilla Bean 70%","12","$47.16","$3.93","$5.99","34.39%"
"210000064986","850020805778","","","","Rawmio Chocolate Bar Dark Date 65%","4","$7.88","$1.97","$5.99","67.11%"
"210000064992","042515020180","","","","Lewis Labs Nutritional Yeast Flakes","3","$41.45","$13.82","$29.99","53.93%"
"210000064994","3291854192493","","","","honey mushroom 16oz herb to body","1","$17.50","$17.50","$26.99","35.16%"
"210000065008","810057556173","","","","Cadia Rice Arborio White 16 oz Org","2","$4.78","$2.39","$4.99","52.1%"
"210000065049","860000161619","","","","Pizza Girl Vodka Pasta Sauce Org","1","$6.23","$6.23","$10.99","43.31%"
"210000065051","812603019002","","","","Tcho Chocolate Perfect  Matcha 8oz","11","$32.45","$2.95","$4.99","40.88%"
"210000065069","856293003668","","","","Tree Hugger Bubblegum Filled Pops","21","$5.25","$0.25","$0.49","48.98%"
"210000065071","842515007194","","","","figs walnut balls sunny fruit","3","$11.55","$3.85","$6.49","40.68%"
"210000065073","842515006821","","","","dates dried organic portion packs bag of 5 sunny fruit","7","$26.95","$3.85","$5.99","35.73%"
"210000065079","726635121131","","","","YS Organic  Honey Raw 48oz","5","$64.15","$12.83","$19.89","35.5%"
"210000065105","726635121124","","","","YS Organic  Honey Raw 22 oz #12B","3","$20.37","$6.79","$10.49","35.27%"
"210000065108","850064476194","","","","Mary's Gone Crackers  Original 7 oz U","7","$41.58","$5.94","$8.49","30.04%"
"210000065110","819019021155","","","","Olyra Bites Dates & Honey Org","6","$24.00","$4.00","$5.69","29.7%"
"210000065119","898392000124","","","","Wildly Organic Coconut Milk Powder 16 oz","4","$30.67","$7.67","$11.99","36.05%"
"210000065121","810165019867","","","","Yum Earth Halloween Variety Bag 50 Pack Org","3","$54.00","$18.00","$27.99","35.69%"
"210000065129","081014071019","","","","Maeve Blackberry Bramble Chocolate Bon Bon","1","$7.64","$7.64","$10.99","30.48%"
"210000065133","081014071071","","","","Maeve Pink Bubbly Chocolate Bon Bon","5","$38.20","$7.64","$10.99","30.48%"
"210000065135","874492006204","","","","Theo Chocolate Hazel Nut Crisp 1.7oz","4","$11.36","$2.84","$4.99","43.09%"
"210000065159","810183100141","","","","Eatiful Black Bean Soup Org","4","$6.20","$1.55","$4.29","63.87%"
"210000065161","810183100127","","","","Eatiful Potao Leek Soup Org","2","$3.10","$1.55","$4.29","63.87%"
"210000065163","628451529989","","","","Glutenull  Cookie  Chocolate Goji Berry","1","$2.56","$2.56","$5.99","57.26%"
"210000065167","810079450800","","","","Little Secrets Chocolate Party Pack 25 Bars","2","$15.76","$7.88","$21.99","64.17%"
"210000065175","817670012543","","","","Alter Eco Holiday  Assorted  Truffles Bag","1","$3.59","$3.59","$5.99","40.07%"
"210000065185","042272005048","","","","Amy's Soup  Black Bean","6","$22.20","$3.70","$5.69","34.97%"
"210000065211","850711006187","","","","Emmy's Peanut Butter Cookies Org","12","$43.32","$3.61","$5.79","37.65%"
"210000065270","047495710618","","","","fig bar blueberry GF box nature's bakery","2","$10.54","$5.27","$7.99","34.04%"
"210000065275","856261006974","","","","Solely Fruit Gummies Mango Guava Org  .7 oz","1","$0.76","$0.76","$1.19","36.13%"
"210000065277","858010005955","","","","Tony's Chocolonely Mini Dark Chocolate","3","$0.96","$0.32","$0.59","45.76%"
"210000065281","850032676601","","","","Tony's Chocolonely Dark Milk Chocolate Pretzel Toffee 1.7 oz","2","$2.54","$1.27","$1.99","36.18%"
"210000065304","628451868613","","","","Chickapea Pasta Dish Creamy Garlic","4","$12.60","$3.15","$4.99","36.87%"
"210000065308","810001560768","","","","Birchbender Pancake & Waffle Mix Sweet Potato  GF","6","$26.34","$4.39","$6.99","37.2%"
"210000065310","856017003370","","","","Birchbender Pancake & Waffle Mix   GF Org","6","$26.34","$4.39","$6.99","37.2%"
"210000065354","089125120077","","","","Ancient Harvest Quinoa White Org  27 oz","4","$0.04","$0.01","$11.99","99.92%"
"210000065356","089125180002","","","","Ancient Harvest Quinoa Harmony Org 14.4 oz","10","$0.10","$0.01","$8.99","99.89%"
"210000065370","093709304104","","","","Pamela's GF Pancake & Baking Mix 4 lb.","3","$0.03","$0.01","$10.99","99.91%"
"210000065396","733739070142","","","","nuts about berriesOG 8oz NOW FOODS","4","$21.32","$5.33","$7.99","33.29%"
"210000065398","089836183187","","","","Aleppo Chili Pepper Crushed Non GMO Frontier","1","$3.26","$3.26","$5.99","45.58%"
"210000065404","850036769194","","","","hazelnuts raw OG 8oz pouch boxford bakehouse","4","$22.20","$5.55","$8.69","36.13%"
"210000065406","850036769255","","","","pecans raw OG 8oz pouch boxford bakehouse","4","$31.00","$7.75","$11.99","35.36%"
"210000065437","810091780442","","","","Siete  Chamoy Botana Sauce 10 oz","5","$20.40","$4.08","$6.99","41.63%"
"210000065439","810091780411","","","","Siete  Traditional Botana Sauce 8.5  oz","4","$16.32","$4.08","$6.99","41.63%"
"210000065458","819019020660","","","","Olyra Bites Baked Apple Cinnamon Org","3","$12.00","$4.00","$5.69","29.7%"
"210000065460","819019021056","","","","Olyra Breakfast  Biscuits Vanilla Sandwich Org","8","$27.74","$3.47","$5.49","36.84%"
"210000065462","817108021222","","","","The Foraging Fox Ketchup 10.5 oz","5","$0.05","$0.01","$8.49","99.88%"
"210000065464","817108021055","","","","The Foraging Fox Mayo Smoked Garlic 9.2 oz","6","$0.06","$0.01","$3.00","99.67%"
"210000065466","817108021062","","","","The Foraging Fox Mayo Smoked Jalapeno 9.2 oz","6","$0.06","$0.01","$9.99","99.9%"
"210000065468","817108021048","","","","The Foraging Fox Mayo Avocado & Lemon 9.2 oz","6","$0.06","$0.01","$9.99","99.9%"
"210000065487","897988000579","","","","Heavenly Organics Espresso Honey Pattie","21","$6.51","$0.31","$0.49","36.73%"
"210000065493","068656018213","","","","Grain Zero Granola Bites Cranberry","2","$0.02","$0.01","$3.99","99.75%"
"210000065494","850018464932","","","","almonds raw Italian OG 26oz rawguru","10","$92.60","$9.26","$15.99","42.09%"
"210000065495","850018464840","","","","hemp seed butter OG 8oz dastony","4","$30.12","$7.53","$13.99","46.18%"
"210000065497","850018464345","","","","cherries dark chocolate cocoa dusted 2oz rawmio","9","$28.53","$3.17","$5.49","42.26%"
"210000065499","850018464406","","","","goji berries dark chocolate cocoa dusted 2oz rawmio","13","$35.36","$2.72","$4.99","45.49%"
"210000065501","850018464314","","","","macadamia dark chocolate cocoa dusted 2oz rawmio","5","$15.85","$3.17","$5.49","42.26%"
"210000065503","850018464376","","","","almonds sprouted dark chocolate cocoa dusted OG 2oz rawmio","13","$41.21","$3.17","$5.49","42.26%"
"210000065509","733739069160","","","","monk fruit OG 2oz now foods","2","$14.66","$7.33","$10.99","33.3%"
"210000065533","810001561574","","","","Birchbender Pancake & Waffle Mix   Ube Mochi GF","6","$0.06","$0.01","$6.99","99.86%"
"210000065535","856017003387","","","","Birchbender Pancake & Waffle Mix   Complete  Org","6","$0.06","$0.01","$5.99","99.83%"
"210000065538","843076000037","","","","Lakanto Monkfruit Sweetener with Erythritol  8.29 oz","8","$0.08","$0.01","$6.49","99.85%"
"210000065540","843076003830","","","","Lakanto Monkfruit Sweetener with Allulose  8 oz","8","$0.08","$0.01","$6.99","99.86%"
"210000065562","860013183325","","","","B.T.R. Nation  Protein Bar Cinnamon Cashew Crunch","10","$10.10","$1.01","$2.29","55.9%"
"210000065590","850043074397","","","","Hu Dark Chocolate Baking Chips  Org","4","$21.08","$5.27","$10.49","49.76%"
"210000065606","081014071989","","","","Maeve  Santa's Camper 2.2 oz","1","$7.20","$7.20","$11.49","37.34%"
"210000065645","855086004172","","","","Color Garden Natural Sugar Crystals Red","2","$9.68","$4.84","$7.49","35.38%"
"210000065653","797734507423","","","","Pure Indian Black Salt Fine 4.5 oz","4","$14.40","$3.60","$5.59","35.6%"
"210000065655","797734507218","","","","Pure Indian Organic Jaggery (Sugar) 1.1 lbs","4","$24.00","$6.00","$9.29","35.41%"
"210000065657","850035485460","","","","Pure Indian Fermented Garlic Pickle 9  oz Org","6","$48.00","$8.00","$12.39","35.43%"
"210000065659","797734507430","","","","Pure Indian Tamarind  Paste 11 oz Org","5","$40.00","$8.00","$12.39","35.43%"
"210000065691","850043674085","","","","Better With Buckwheat Crackers Everything GF","7","$22.76","$3.25","$4.99","34.84%"
"210000065693","850043674061","","","","Better With Buckwheat Crackers  Sea Salt GF","4","$12.08","$3.02","$4.99","39.48%"
"210000065695","850007965310","","","","Safe Catch  Wild Yellow Fin Tuna Spicy","11","$15.18","$1.38","$4.29","67.83%"
"210000065697","850066234754","","","","Tcho Chocolate Lemon Twist 2.1 oz","7","$12.32","$1.76","$3.99","55.89%"
"210000065706","","","","","honey Appalachian 16oz jar wehrloom","3","$35.97","$11.99","$19.99","40.02%"
"210000065727","037014325201","","","","Endangered Species  Dark Chocolate Be Mine Mix","6","$32.10","$5.35","$8.49","36.98%"
"210000065729","037014325195","","","","Endangered Species  Milk  Chocolate Be Mine Mix","4","$21.40","$5.35","$8.49","36.98%"
"210000065789","858551007401","","","","Artisan Tropic Crackers  Chile Lime Grain Free","8","$26.46","$3.31","$5.49","39.75%"
"210000065791","858551007388","","","","Artisan Tropic Crackers  Sea Salt  Grain Free","8","$26.46","$3.31","$5.49","39.75%"
"210000065814","716270001745","","","","Chocolove Strong Dark w/Hawaiian Sea Salt","10","$31.10","$3.11","$3.79","17.94%"
"210000065820","716270001653","","","","Chocolove  Rich Dark  65%","6","$18.66","$3.11","$4.79","35.07%"
"210000065848","810906020183","","","","Ice Chips root beer float","3","$9.96","$3.32","$5.99","44.57%"
"210000065865","095705135546","","","","pistachios garlic herb no shell OG 5oz Nichols Farms","12","$63.60","$5.30","$7.99","33.67%"
"210000065869","859258007725","","","","Little Caria Halva With Cocoa  15.2 oz","5","$18.75","$3.75","$5.79","35.23%"
"210000065908","","","","","Living City Honey 10 oz.","2","$20.00","$10.00","$13.99","28.52%"
"210000065915","","","","","Living City Pickled Carrots 16oz,","1","$6.00","$6.00","$8.99","33.26%"
"210000065995","850042382189","","","","Dumplimg Daughter Ginger Soy Sauce","5","$0.05","$0.01","$6.99","99.86%"
"210000066024","891551000089","","","","rosemary sprouted crisps OG 8oz foods alive","3","$10.59","$3.53","$6.99","49.5%"
"210000066033","081014072146","","","","Maeve  Chocolate Bon Bon of Desire","2","$34.46","$17.23","$26.69","35.44%"
"210000066035","081014072603","","","","Maeve  Chocolate Bon Bons Chocolate for Lovers","2","$33.10","$16.55","$25.69","35.58%"
"210000066038","736210002465","","","","been yard long seeds","5","$6.15","$1.23","$4.49","72.61%"
"210000066040","736210031274","","","","cucumber gherkin OG seeds","5","$7.90","$1.58","$4.49","64.81%"
"210000066042","736210031847","","","","lettuce easy leaf OG seeds","5","$6.15","$1.23","$3.49","64.76%"
"210000066044","736210032745","","","","pea snow mammoth seeds","4","$4.92","$1.23","$3.49","64.76%"
"210000066046","736210001123","","","","squash winter kabocha","5","$10.50","$2.10","$5.99","64.94%"
"210000066048","736210030659","","","","tomatillo purple  OG seeds","5","$5.25","$1.05","$2.99","64.88%"
"210000066050","736210035005","","","","tomato bush beefy purple OG seeds","5","$7.90","$1.58","$4.49","64.81%"
"210000066059","736210010644","","","","scabiosa fata morgana seeds","5","$6.15","$1.23","$3.49","64.76%"
"210000066063","736210020650","","","","zinnia peruvian blend seeds","5","$6.15","$1.23","$3.49","64.76%"
"210000066089","810165011915","","","","Yum Earth Red Fruit Chews Org 5 oz","6","$21.48","$3.58","$6.99","48.78%"
"210000066091","850236008093","","","","Natural Heaven Hearts of Palm Angel Hair","6","$9.18","$1.53","$3.99","61.65%"
"210000066099","081014111760","","","","Maeve Chocolate Truffle Bar Valentine's Forbidden Fruit","11","$52.36","$4.76","$7.39","35.59%"
"210000066101","081014111753","","","","Maeve Chocolate Truffle Bar Valentine's Heat & Honey","11","$52.36","$4.76","$7.39","35.59%"
"210000066103","081014111777","","","","Maeve Chocolate Truffle Bar Valentine's PB Banana Affair","11","$52.36","$4.76","$7.39","35.59%"
"210000066107","081014071972","","","","Maeve Chocolate Valentine's Rose is a Heart","3","$24.30","$8.10","$12.49","35.15%"
"210000066109","081014071569","","","","Maeve Chocolate Valentine's Night Chocolate Box","4","$36.88","$9.22","$14.29","35.48%"
"210000066136","631723201926","","","","Divina Olives Sliced Frescantro","6","$20.52","$3.42","$6.49","47.3%"
"210000066138","631723211031","","","","Divina Olives Sliced Castelvetrano","6","$23.76","$3.96","$7.49","47.13%"
"210000066155","842515008566","","","","cherries tart dried organic portion packs bag of 5 sunny fruit","6","$22.44","$3.74","$6.99","46.49%"
"210000066157","842515009525","","","","persimmon dried organic portion packs bag of 5 sunny fruit","3","$11.22","$3.74","$6.99","46.49%"
"210000066231","","","","","Astral Eatz Dried Persimmons","2","$10.00","$5.00","$7.59","34.12%"
"210000066233","","","","","Astral Eatz Mars-Dusted Apples","9","$45.00","$5.00","$7.59","34.12%"
"210000066235","","","","","Astral Eatz Dried Blueberries","6","$30.00","$5.00","$7.59","34.12%"
"210000066237","","","","","Astral Eatz Dried Mandarins","2","$10.00","$5.00","$7.59","34.12%"
"210000066241","","","","","Astral Eatz Moon-Dusted Bananas (peanut butter)","6","$24.00","$4.00","$5.59","28.44%"
"210000066243","3433764132590","","","","mugwort 4oz herb to body","3","$11.25","$3.75","$9.99","62.46%"
"210000066255","850018464420","","","","dark chocolate hearts 2oz rawmio","36","$114.12","$3.17","$4.99","36.47%"
"210000066257","850020805648","","","","chocolate hearts raw oatmilk 2oz rawmio","18","$57.06","$3.17","$4.99","36.47%"
"210000066259","850018464437","","","","chocolate hearts rmint 2oz rawmio","18","$57.06","$3.17","$4.99","36.47%"
"210000066261","608819795379","","","","better biome bar original sunbiotics","15","$21.00","$1.40","$3.99","64.91%"
"210000066276","855615002372","","","","Bianco Dinapoli New York Pizza Sauce Org","8","$19.84","$2.48","$4.29","42.19%"
"210000066289","853753008584","","","","Little Secrets Wafer Dark Chocolate   Minis","50","$26.00","$0.52","$0.89","41.57%"
"210000066291","810079450657","","","","Little Secrets Wafer Milk Chocolate   Minis","47","$24.44","$0.52","$0.89","41.57%"
